trial,regimen,fam,tf,inv,salida,lado,n_tot,exp_agrupada,periodos,min_periodo,por_periodo
10012|obj2R|short,ALCISTA,funding_extremo,240,False,obj2R,short,5271,1.6868041441532813,3,0.0433741001944418,"{'reciente': (1678, np.float64(0.04)), 'val2': (3137, np.float64(2.42)), 'val1': (456, np.float64(2.7))}"
10012|obj3R_be|short,ALCISTA,funding_extremo,240,False,obj3R_be,short,5271,1.5860325436440013,3,0.04568816407706142,"{'reciente': (1678, np.float64(0.05)), 'val2': (3137, np.float64(2.31)), 'val1': (456, np.float64(2.25))}"
10012|obj3R|short,ALCISTA,funding_extremo,240,False,obj3R,short,5271,1.493420787885784,3,0.14621112721626467,"{'reciente': (1678, np.float64(0.15)), 'val2': (3137, np.float64(2.02)), 'val1': (456, np.float64(2.85))}"
10013|obj50pct|short,ALCISTA,funding_extremo,240,True,obj50pct,short,8390,0.5342798406159576,3,0.4319991412447946,"{'reciente': (4335, np.float64(0.43)), 'val2': (3634, np.float64(0.49)), 'val1': (421, np.float64(1.99))}"
10014|obj2R|short,ALCISTA,funding_extremo,240,False,obj2R,short,5271,1.6863608742267777,3,0.1196347560146299,"{'reciente': (1678, np.float64(0.12)), 'val2': (3137, np.float64(2.09)), 'val1': (456, np.float64(4.68))}"
10014|obj3R_be|short,ALCISTA,funding_extremo,240,False,obj3R_be,short,5271,1.1394970870231855,3,0.2615972105478994,"{'reciente': (1678, np.float64(0.26)), 'val2': (3137, np.float64(1.49)), 'val1': (456, np.float64(1.93))}"
10014|obj3R|short,ALCISTA,funding_extremo,240,False,obj3R,short,5271,1.0515617296454427,3,0.39817413064703977,"{'reciente': (1678, np.float64(0.4)), 'val2': (3137, np.float64(1.33)), 'val1': (456, np.float64(1.52))}"
10014|trail2R|short,ALCISTA,funding_extremo,240,False,trail2R,short,5271,0.7299376194952308,3,0.57061214682672,"{'reciente': (1678, np.float64(1.04)), 'val2': (3137, np.float64(0.57)), 'val1': (456, np.float64(0.68))}"
10015|obj50pct|short,ALCISTA,funding_extremo,240,True,obj50pct,short,8390,0.6241046409115042,3,0.4514979026540425,"{'reciente': (4335, np.float64(0.6)), 'val2': (3634, np.float64(0.45)), 'val1': (421, np.float64(2.33))}"
10017|obj50pct|short,ALCISTA,funding_extremo,240,True,obj50pct,short,5257,0.5043752740128059,3,0.27127310996764814,"{'reciente': (2609, np.float64(0.27)), 'val2': (2357, np.float64(0.62)), 'val1': (291, np.float64(1.63))}"
10019|obj50pct|short,ALCISTA,funding_extremo,240,True,obj50pct,short,5257,0.6396676081412896,3,0.48505176922044185,"{'reciente': (2609, np.float64(0.49)), 'val2': (2357, np.float64(0.63)), 'val1': (291, np.float64(2.14))}"
10040|trail2R|short,ALCISTA,flujo_taker,60,False,trail2R,short,7952,0.6168043122558805,3,0.47562830003190015,"{'reciente': (3864, np.float64(0.6)), 'val2': (2893, np.float64(0.48)), 'val1': (1195, np.float64(1.02))}"
10040|trail3R|short,ALCISTA,flujo_taker,60,False,trail3R,short,7952,0.6792562677652716,3,0.5080923157145966,"{'reciente': (3864, np.float64(0.78)), 'val2': (2893, np.float64(0.51)), 'val1': (1195, np.float64(0.78))}"
10044|obj3R|short,ALCISTA,flujo_taker,60,False,obj3R,short,2485,0.6322182128193224,3,0.45584980046019763,"{'reciente': (1275, np.float64(0.46)), 'val2': (708, np.float64(0.76)), 'val1': (502, np.float64(0.9))}"
10044|trail2R|ambos,ALCISTA,flujo_taker,60,False,trail2R,ambos,2852,0.7883171325239648,3,0.4021540259402033,"{'reciente': (1512, np.float64(0.4)), 'val2': (811, np.float64(0.95)), 'val1': (529, np.float64(1.65))}"
10044|trail2R|short,ALCISTA,flujo_taker,60,False,trail2R,short,2485,0.9464274732417236,3,0.4894878577464074,"{'reciente': (1275, np.float64(0.49)), 'val2': (708, np.float64(1.16)), 'val1': (502, np.float64(1.8))}"
10044|trail3R|ambos,ALCISTA,flujo_taker,60,False,trail3R,ambos,2852,0.9467668182307122,3,0.6204899578388885,"{'reciente': (1512, np.float64(0.62)), 'val2': (811, np.float64(1.13)), 'val1': (529, np.float64(1.6))}"
10044|trail3R|short,ALCISTA,flujo_taker,60,False,trail3R,short,2485,1.1806881831710274,3,0.8082757681903421,"{'reciente': (1275, np.float64(0.81)), 'val2': (708, np.float64(1.43)), 'val1': (502, np.float64(1.78))}"
10045|trail2R|short,ALCISTA,flujo_taker,60,True,trail2R,short,367,0.8606945236563738,3,0.11230534554222935,"{'reciente': (237, np.float64(0.11)), 'val2': (103, np.float64(0.85)), 'val1': (27, np.float64(7.48))}"
10045|trail3R|short,ALCISTA,flujo_taker,60,True,trail3R,short,367,1.340144760936146,3,0.44959823763522155,"{'reciente': (237, np.float64(0.45)), 'val2': (103, np.float64(1.18)), 'val1': (27, np.float64(9.78))}"
10067|trail2R|short,ALCISTA,inside_bar,60,True,trail2R,short,15889,0.5039722125436187,3,0.42159976838319524,"{'reciente': (5668, np.float64(0.53)), 'val2': (8704, np.float64(0.42)), 'val1': (1517, np.float64(0.9))}"
10067|trail3R|short,ALCISTA,inside_bar,60,True,trail3R,short,15889,0.5242089815343919,3,0.28919907869734657,"{'reciente': (5668, np.float64(0.79)), 'val2': (8704, np.float64(0.29)), 'val1': (1517, np.float64(0.89))}"
10080|obj1R|short,ALCISTA,engulfing,240,False,obj1R,short,15764,0.9375294313292845,3,0.6152263851115259,"{'reciente': (5561, np.float64(1.33)), 'val2': (8868, np.float64(0.62)), 'val1': (1335, np.float64(1.44))}"
10080|obj2R|short,ALCISTA,engulfing,240,False,obj2R,short,15764,1.2513195901703182,3,0.47166918658454343,"{'reciente': (5561, np.float64(2.29)), 'val2': (8868, np.float64(0.47)), 'val1': (1335, np.float64(2.1))}"
10080|obj3R_be|short,ALCISTA,engulfing,240,False,obj3R_be,short,15764,1.4849309292283834,3,0.663242161221775,"{'reciente': (5561, np.float64(2.61)), 'val2': (8868, np.float64(0.66)), 'val1': (1335, np.float64(2.24))}"
10080|obj3R|short,ALCISTA,engulfing,240,False,obj3R,short,15764,1.4290116395050283,3,0.5642667027486878,"{'reciente': (5561, np.float64(2.63)), 'val2': (8868, np.float64(0.56)), 'val1': (1335, np.float64(2.18))}"
10080|obj50pct|short,ALCISTA,engulfing,240,False,obj50pct,short,15764,0.6832438506163635,3,0.5235703577996709,"{'reciente': (5561, np.float64(0.84)), 'val2': (8868, np.float64(0.52)), 'val1': (1335, np.float64(1.08))}"
10080|trail2R|short,ALCISTA,engulfing,240,False,trail2R,short,15764,1.6451698929207925,3,0.7087442496766503,"{'reciente': (5561, np.float64(3.15)), 'val2': (8868, np.float64(0.71)), 'val1': (1335, np.float64(1.61))}"
10080|trail3R|short,ALCISTA,engulfing,240,False,trail3R,short,15764,1.3983405553090829,3,0.5271190533037372,"{'reciente': (5561, np.float64(2.83)), 'val2': (8868, np.float64(0.53)), 'val1': (1335, np.float64(1.21))}"
10081|obj1R|short,ALCISTA,engulfing,240,True,obj1R,short,14800,0.6088461268430422,3,0.41953946287807736,"{'reciente': (5370, np.float64(0.42)), 'val2': (8281, np.float64(0.64)), 'val1': (1149, np.float64(1.28))}"
10081|obj2R|short,ALCISTA,engulfing,240,True,obj2R,short,14800,0.7566906575516329,3,0.12026499806682563,"{'reciente': (5370, np.float64(1.35)), 'val2': (8281, np.float64(0.12)), 'val1': (1149, np.float64(2.57))}"
10081|obj3R_be|short,ALCISTA,engulfing,240,True,obj3R_be,short,14800,1.0256249964250137,3,0.33071981085412494,"{'reciente': (5370, np.float64(1.81)), 'val2': (8281, np.float64(0.33)), 'val1': (1149, np.float64(2.37))}"
10081|obj3R|short,ALCISTA,engulfing,240,True,obj3R,short,14800,0.9633026606764868,3,0.14189979565890176,"{'reciente': (5370, np.float64(1.9)), 'val2': (8281, np.float64(0.14)), 'val1': (1149, np.float64(2.52))}"
10081|obj50pct|short,ALCISTA,engulfing,240,True,obj50pct,short,14800,0.5723025068415499,3,0.15289926627679618,"{'reciente': (5370, np.float64(0.15)), 'val2': (8281, np.float64(0.74)), 'val1': (1149, np.float64(1.3))}"
10081|trail2R|short,ALCISTA,engulfing,240,True,trail2R,short,14800,1.2291333891629266,3,0.46180147900532303,"{'reciente': (5370, np.float64(2.3)), 'val2': (8281, np.float64(0.46)), 'val1': (1149, np.float64(1.75))}"
10081|trail3R|short,ALCISTA,engulfing,240,True,trail3R,short,14800,0.9540461463013614,3,0.21403966523108672,"{'reciente': (5370, np.float64(1.94)), 'val2': (8281, np.float64(0.21)), 'val1': (1149, np.float64(1.68))}"
10082|obj1R|short,ALCISTA,inside_bar,240,False,obj1R,short,4604,1.2672447780620797,3,0.8855680065555802,"{'reciente': (1649, np.float64(1.38)), 'val2': (2509, np.float64(0.89)), 'val1': (446, np.float64(3.0))}"
10082|obj2R|short,ALCISTA,inside_bar,240,False,obj2R,short,4604,1.5923711231178097,3,0.9126010181150965,"{'reciente': (1649, np.float64(2.23)), 'val2': (2509, np.float64(0.91)), 'val1': (446, np.float64(3.07))}"
10082|obj30pct|short,ALCISTA,inside_bar,240,False,obj30pct,short,4604,0.5642785688140246,3,0.291872562485584,"{'reciente': (1649, np.float64(0.29)), 'val2': (2509, np.float64(0.58)), 'val1': (446, np.float64(1.49))}"
10082|obj3R_be|short,ALCISTA,inside_bar,240,False,obj3R_be,short,4604,2.028578838253994,3,1.1244149511412291,"{'reciente': (1649, np.float64(3.21)), 'val2': (2509, np.float64(1.12)), 'val1': (446, np.float64(2.74))}"
10082|obj3R|short,ALCISTA,inside_bar,240,False,obj3R,short,4604,1.9483827780203813,3,1.0383195926022946,"{'reciente': (1649, np.float64(3.12)), 'val2': (2509, np.float64(1.04)), 'val1': (446, np.float64(2.75))}"
10082|obj50pct|short,ALCISTA,inside_bar,240,False,obj50pct,short,4604,1.087907862650007,3,0.9381282874669635,"{'reciente': (1649, np.float64(0.94)), 'val2': (2509, np.float64(1.01)), 'val1': (446, np.float64(2.06))}"
10082|trail2R|short,ALCISTA,inside_bar,240,False,trail2R,short,4604,2.1928350764756295,3,1.0593355095756791,"{'reciente': (1649, np.float64(3.98)), 'val2': (2509, np.float64(1.06)), 'val1': (446, np.float64(1.97))}"
10082|trail3R|short,ALCISTA,inside_bar,240,False,trail3R,short,4604,1.5664289328605647,3,0.5892097676750228,"{'reciente': (1649, np.float64(3.07)), 'val2': (2509, np.float64(0.59)), 'val1': (446, np.float64(1.52))}"
10083|obj2R|short,ALCISTA,inside_bar,240,True,obj2R,short,4285,0.8805266144522742,3,0.2328913560451281,"{'reciente': (1560, np.float64(0.97)), 'val2': (2354, np.float64(0.23)), 'val1': (371, np.float64(4.61))}"
10083|obj3R_be|short,ALCISTA,inside_bar,240,True,obj3R_be,short,4285,1.0588210283397304,3,0.3418038631817415,"{'reciente': (1560, np.float64(1.24)), 'val2': (2354, np.float64(0.34)), 'val1': (371, np.float64(4.83))}"
10083|obj3R|short,ALCISTA,inside_bar,240,True,obj3R,short,4285,1.065187292527551,3,0.30081432197680513,"{'reciente': (1560, np.float64(1.31)), 'val2': (2354, np.float64(0.3)), 'val1': (371, np.float64(4.89))}"
10083|trail2R|short,ALCISTA,inside_bar,240,True,trail2R,short,4285,0.8845907560972102,3,0.21537264739688033,"{'reciente': (1560, np.float64(1.2)), 'val2': (2354, np.float64(0.22)), 'val1': (371, np.float64(3.81))}"
10083|trail3R|short,ALCISTA,inside_bar,240,True,trail3R,short,4285,0.8405277279091735,3,0.27316809334074416,"{'reciente': (1560, np.float64(1.0)), 'val2': (2354, np.float64(0.27)), 'val1': (371, np.float64(3.77))}"
10084|obj1R|short,ALCISTA,pin_bar,240,False,obj1R,short,15580,0.7170922543768804,3,0.4406432557303623,"{'reciente': (5755, np.float64(0.44)), 'val2': (8314, np.float64(0.8)), 'val1': (1511, np.float64(1.3))}"
10084|obj2R|short,ALCISTA,pin_bar,240,False,obj2R,short,15580,0.8728254518387989,3,0.6854158384258673,"{'reciente': (5755, np.float64(1.06)), 'val2': (8314, np.float64(0.69)), 'val1': (1511, np.float64(1.2))}"
10084|obj3R_be|short,ALCISTA,pin_bar,240,False,obj3R_be,short,15580,1.139149357931334,3,0.7942167363202612,"{'reciente': (5755, np.float64(1.51)), 'val2': (8314, np.float64(0.79)), 'val1': (1511, np.float64(1.61))}"
10084|obj3R|short,ALCISTA,pin_bar,240,False,obj3R,short,15580,1.0833712196777074,3,0.7334297136517556,"{'reciente': (5755, np.float64(1.46)), 'val2': (8314, np.float64(0.73)), 'val1': (1511, np.float64(1.58))}"
10084|obj50pct|short,ALCISTA,pin_bar,240,False,obj50pct,short,15580,0.637174480638604,3,0.18655790336181652,"{'reciente': (5755, np.float64(0.19)), 'val2': (8314, np.float64(0.79)), 'val1': (1511, np.float64(1.49))}"
10084|trail2R|short,ALCISTA,pin_bar,240,False,trail2R,short,15580,1.267242114134943,3,0.8146548092984689,"{'reciente': (5755, np.float64(2.02)), 'val2': (8314, np.float64(0.81)), 'val1': (1511, np.float64(0.89))}"
10084|trail3R|short,ALCISTA,pin_bar,240,False,trail3R,short,15580,1.0527719769169415,3,0.44273307300171655,"{'reciente': (5755, np.float64(1.81)), 'val2': (8314, np.float64(0.64)), 'val1': (1511, np.float64(0.44))}"
10085|obj1R|short,ALCISTA,pin_bar,240,True,obj1R,short,18644,0.749556215005001,3,0.7124137878020916,"{'reciente': (6334, np.float64(0.71)), 'val2': (10639, np.float64(0.71)), 'val1': (1671, np.float64(1.12))}"
10085|obj2R|short,ALCISTA,pin_bar,240,True,obj2R,short,18644,0.8928929173414603,3,0.5506111854080903,"{'reciente': (6334, np.float64(1.38)), 'val2': (10639, np.float64(0.55)), 'val1': (1671, np.float64(1.23))}"
10085|obj30pct|short,ALCISTA,pin_bar,240,True,obj30pct,short,18644,0.5380168085169952,3,0.22433430769611845,"{'reciente': (6334, np.float64(0.22)), 'val2': (10639, np.float64(0.66)), 'val1': (1671, np.float64(0.94))}"
10085|obj3R_be|short,ALCISTA,pin_bar,240,True,obj3R_be,short,18644,1.0351096904783434,3,0.7691562588375045,"{'reciente': (6334, np.float64(1.4)), 'val2': (10639, np.float64(0.77)), 'val1': (1671, np.float64(1.35))}"
10085|obj3R|short,ALCISTA,pin_bar,240,True,obj3R,short,18644,0.9689649198634156,3,0.6346636971959138,"{'reciente': (6334, np.float64(1.45)), 'val2': (10639, np.float64(0.63)), 'val1': (1671, np.float64(1.26))}"
10085|obj50pct|short,ALCISTA,pin_bar,240,True,obj50pct,short,18644,0.905227632677725,3,0.649296745326576,"{'reciente': (6334, np.float64(0.65)), 'val2': (10639, np.float64(1.05)), 'val1': (1671, np.float64(0.95))}"
10085|trail2R|short,ALCISTA,pin_bar,240,True,trail2R,short,18644,1.1221746642643409,3,0.854571679034854,"{'reciente': (6334, np.float64(1.63)), 'val2': (10639, np.float64(0.85)), 'val1': (1671, np.float64(0.91))}"
10085|trail3R|short,ALCISTA,pin_bar,240,True,trail3R,short,18644,0.7610364707672,3,0.35275099509273194,"{'reciente': (6334, np.float64(1.17)), 'val2': (10639, np.float64(0.58)), 'val1': (1671, np.float64(0.35))}"
10086|obj1R|short,ALCISTA,pin_bar,240,False,obj1R,short,12451,0.6951876427318532,3,0.42707210996586276,"{'reciente': (4536, np.float64(0.43)), 'val2': (6728, np.float64(0.8)), 'val1': (1187, np.float64(1.15))}"
10086|obj2R|short,ALCISTA,pin_bar,240,False,obj2R,short,12451,0.8514492564816657,3,0.74356835502449,"{'reciente': (4536, np.float64(1.0)), 'val2': (6728, np.float64(0.74)), 'val1': (1187, np.float64(0.89))}"
10086|obj3R_be|short,ALCISTA,pin_bar,240,False,obj3R_be,short,12451,1.0926334451328934,3,0.7903548528609953,"{'reciente': (4536, np.float64(1.53)), 'val2': (6728, np.float64(0.79)), 'val1': (1187, np.float64(1.14))}"
10086|obj3R|short,ALCISTA,pin_bar,240,False,obj3R,short,12451,1.0348274115790062,3,0.747073882008188,"{'reciente': (4536, np.float64(1.42)), 'val2': (6728, np.float64(0.75)), 'val1': (1187, np.float64(1.19))}"
10086|obj50pct|short,ALCISTA,pin_bar,240,False,obj50pct,short,12451,0.6454005663791184,3,0.20467714501667644,"{'reciente': (4536, np.float64(0.2)), 'val2': (6728, np.float64(0.83)), 'val1': (1187, np.float64(1.28))}"
10086|trail2R|short,ALCISTA,pin_bar,240,False,trail2R,short,12451,1.2321399937819248,3,0.4155091900555447,"{'reciente': (4536, np.float64(2.04)), 'val2': (6728, np.float64(0.83)), 'val1': (1187, np.float64(0.42))}"
10086|trail3R|short,ALCISTA,pin_bar,240,False,trail3R,short,12451,1.0068703498229254,3,0.08487041949993776,"{'reciente': (4536, np.float64(1.8)), 'val2': (6728, np.float64(0.64)), 'val1': (1187, np.float64(0.08))}"
10087|obj1R|short,ALCISTA,pin_bar,240,True,obj1R,short,14757,0.6344949406728593,3,0.561252818007422,"{'reciente': (5042, np.float64(0.58)), 'val2': (8423, np.float64(0.56)), 'val1': (1292, np.float64(1.32))}"
10087|obj2R|short,ALCISTA,pin_bar,240,True,obj2R,short,14757,0.7470045623044371,3,0.3410813325757525,"{'reciente': (5042, np.float64(1.19)), 'val2': (8423, np.float64(0.34)), 'val1': (1292, np.float64(1.67))}"
10087|obj3R_be|short,ALCISTA,pin_bar,240,True,obj3R_be,short,14757,0.9503527661851823,3,0.5920463593013162,"{'reciente': (5042, np.float64(1.27)), 'val2': (8423, np.float64(0.59)), 'val1': (1292, np.float64(2.03))}"
10087|obj3R|short,ALCISTA,pin_bar,240,True,obj3R,short,14757,0.8628376367570149,3,0.4319373391091742,"{'reciente': (5042, np.float64(1.31)), 'val2': (8423, np.float64(0.43)), 'val1': (1292, np.float64(1.91))}"
10087|obj50pct|short,ALCISTA,pin_bar,240,True,obj50pct,short,14757,0.8150863282653021,3,0.5494087071241188,"{'reciente': (5042, np.float64(0.55)), 'val2': (8423, np.float64(0.97)), 'val1': (1292, np.float64(0.87))}"
10087|trail2R|short,ALCISTA,pin_bar,240,True,trail2R,short,14757,0.9821610175575817,3,0.6973752970834214,"{'reciente': (5042, np.float64(1.31)), 'val2': (8423, np.float64(0.7)), 'val1': (1292, np.float64(1.54))}"
10087|trail3R|short,ALCISTA,pin_bar,240,True,trail3R,short,14757,0.641261792971951,3,0.41145017573437,"{'reciente': (5042, np.float64(0.94)), 'val2': (8423, np.float64(0.41)), 'val1': (1292, np.float64(0.99))}"
10088|obj1R|short,ALCISTA,engulfing,240,False,obj1R,short,6874,0.7106333728738928,3,0.47663319553596584,"{'reciente': (2737, np.float64(0.95)), 'val2': (3560, np.float64(0.48)), 'val1': (577, np.float64(1.02))}"
10088|obj3R_be|short,ALCISTA,engulfing,240,False,obj3R_be,short,6874,0.7764860957273055,3,0.5072380650755773,"{'reciente': (2737, np.float64(1.02)), 'val2': (3560, np.float64(0.63)), 'val1': (577, np.float64(0.51))}"
10088|obj3R|short,ALCISTA,engulfing,240,False,obj3R,short,6874,0.733355481551484,3,0.4490968483087942,"{'reciente': (2737, np.float64(0.93)), 'val2': (3560, np.float64(0.63)), 'val1': (577, np.float64(0.45))}"
10088|obj50pct|short,ALCISTA,engulfing,240,False,obj50pct,short,6874,0.7058501092033206,3,0.5220877974555185,"{'reciente': (2737, np.float64(0.73)), 'val2': (3560, np.float64(0.52)), 'val1': (577, np.float64(1.75))}"
10088|trail2R|short,ALCISTA,engulfing,240,False,trail2R,short,6874,1.2041099346939488,3,0.8000743808519001,"{'reciente': (2737, np.float64(1.8)), 'val2': (3560, np.float64(0.8)), 'val1': (577, np.float64(0.88))}"
10089|obj1R|short,ALCISTA,engulfing,240,True,obj1R,short,3790,0.6492585977466798,3,0.251200984619407,"{'reciente': (1086, np.float64(0.25)), 'val2': (2346, np.float64(0.72)), 'val1': (358, np.float64(1.39))}"
10089|obj2R|short,ALCISTA,engulfing,240,True,obj2R,short,3790,0.9947927108717308,3,0.41418661812099977,"{'reciente': (1086, np.float64(1.18)), 'val2': (2346, np.float64(0.41)), 'val1': (358, np.float64(4.24))}"
10089|obj3R_be|short,ALCISTA,engulfing,240,True,obj3R_be,short,3790,1.303431285300414,3,0.7533594177148085,"{'reciente': (1086, np.float64(1.74)), 'val2': (2346, np.float64(0.75)), 'val1': (358, np.float64(3.58))}"
10089|obj3R|short,ALCISTA,engulfing,240,True,obj3R,short,3790,1.2537582281555864,3,0.4623620008735089,"{'reciente': (1086, np.float64(2.01)), 'val2': (2346, np.float64(0.46)), 'val1': (358, np.float64(4.14))}"
10089|trail2R|short,ALCISTA,engulfing,240,True,trail2R,short,3790,1.168308782077558,3,0.6866644684718286,"{'reciente': (1086, np.float64(2.06)), 'val2': (2346, np.float64(0.69)), 'val1': (358, np.float64(1.61))}"
10089|trail3R|short,ALCISTA,engulfing,240,True,trail3R,short,3790,0.959798693834838,3,0.40192854706391923,"{'reciente': (1086, np.float64(1.71)), 'val2': (2346, np.float64(0.4)), 'val1': (358, np.float64(2.35))}"
10090|obj1R|ambos,ALCISTA,inside_bar,240,False,obj1R,ambos,3495,0.5092824128633908,3,0.3357410781603971,"{'reciente': (1195, np.float64(0.65)), 'val2': (1982, np.float64(0.34)), 'val1': (318, np.float64(1.07))}"
10090|obj1R|short,ALCISTA,inside_bar,240,False,obj1R,short,2218,1.3124821128549626,3,1.1453570136849676,"{'reciente': (838, np.float64(1.15)), 'val2': (1190, np.float64(1.33)), 'val1': (190, np.float64(1.94))}"
10090|obj20pct|short,ALCISTA,inside_bar,240,False,obj20pct,short,2218,0.5527929665173148,3,0.19457594308980522,"{'reciente': (838, np.float64(0.19)), 'val2': (1190, np.float64(0.68)), 'val1': (190, np.float64(1.36))}"
10090|obj2R|ambos,ALCISTA,inside_bar,240,False,obj2R,ambos,3495,0.6839327576385796,3,0.060638742028970724,"{'reciente': (1195, np.float64(1.82)), 'val2': (1982, np.float64(0.06)), 'val1': (318, np.float64(0.3))}"
10090|obj2R|short,ALCISTA,inside_bar,240,False,obj2R,short,2218,1.4919127832830743,3,0.3543091336902043,"{'reciente': (838, np.float64(2.17)), 'val2': (1190, np.float64(1.19)), 'val1': (190, np.float64(0.35))}"
10090|obj30pct|short,ALCISTA,inside_bar,240,False,obj30pct,short,2218,0.8341774768411269,3,0.36790424904509494,"{'reciente': (838, np.float64(0.37)), 'val2': (1190, np.float64(1.02)), 'val1': (190, np.float64(1.73))}"
10090|obj3R_be|ambos,ALCISTA,inside_bar,240,False,obj3R_be,ambos,3495,1.3092011934539356,3,0.5832710595486515,"{'reciente': (1195, np.float64(2.68)), 'val2': (1982, np.float64(0.58)), 'val1': (318, np.float64(0.68))}"
10090|obj3R_be|short,ALCISTA,inside_bar,240,False,obj3R_be,short,2218,2.249549591584895,3,1.0101701631914692,"{'reciente': (838, np.float64(3.06)), 'val2': (1190, np.float64(1.88)), 'val1': (190, np.float64(1.01))}"
10090|obj3R|ambos,ALCISTA,inside_bar,240,False,obj3R,ambos,3495,1.1386406525518802,3,0.4280549973064612,"{'reciente': (1195, np.float64(2.34)), 'val2': (1982, np.float64(0.43)), 'val1': (318, np.float64(1.04))}"
10090|obj3R|short,ALCISTA,inside_bar,240,False,obj3R,short,2218,2.0578676115956327,3,1.2815682253060219,"{'reciente': (838, np.float64(2.85)), 'val2': (1190, np.float64(1.62)), 'val1': (190, np.float64(1.28))}"
10090|obj50pct|ambos,ALCISTA,inside_bar,240,False,obj50pct,ambos,3495,0.5537972411424352,3,0.4723824305120603,"{'reciente': (1195, np.float64(0.62)), 'val2': (1982, np.float64(0.47)), 'val1': (318, np.float64(0.81))}"
10090|obj50pct|short,ALCISTA,inside_bar,240,False,obj50pct,short,2218,1.2705649037471243,3,0.9880348027516892,"{'reciente': (838, np.float64(0.99)), 'val2': (1190, np.float64(1.43)), 'val1': (190, np.float64(1.49))}"
10090|trail2R|ambos,ALCISTA,inside_bar,240,False,trail2R,ambos,3495,1.376683082036958,3,0.31427467886938704,"{'reciente': (1195, np.float64(3.07)), 'val2': (1982, np.float64(0.31)), 'val1': (318, np.float64(1.63))}"
10090|trail2R|short,ALCISTA,inside_bar,240,False,trail2R,short,2218,2.479690023099092,3,1.3280035961906473,"{'reciente': (838, np.float64(3.64)), 'val2': (1190, np.float64(1.85)), 'val1': (190, np.float64(1.33))}"
10090|trail3R|short,ALCISTA,inside_bar,240,False,trail3R,short,2218,1.328938581449072,3,0.803837680087702,"{'reciente': (838, np.float64(2.11)), 'val2': (1190, np.float64(0.86)), 'val1': (190, np.float64(0.8))}"
10091|obj3R_be|short,ALCISTA,inside_bar,240,True,obj3R_be,short,1277,0.5916401330131654,3,0.1938865896632103,"{'reciente': (357, np.float64(0.72)), 'val2': (792, np.float64(0.19)), 'val1': (128, np.float64(2.7))}"
10095|obj3R_be|short,ALCISTA,pin_bar,240,True,obj3R_be,short,3080,0.6155955171441009,3,0.5445825849271396,"{'reciente': (826, np.float64(0.65)), 'val2': (1954, np.float64(0.61)), 'val1': (300, np.float64(0.54))}"
10095|obj3R|short,ALCISTA,pin_bar,240,True,obj3R,short,3080,0.5197384391414467,3,0.2583257459422774,"{'reciente': (826, np.float64(0.94)), 'val2': (1954, np.float64(0.38)), 'val1': (300, np.float64(0.26))}"
10096|obj1R|short,ALCISTA,engulfing,1440,False,obj1R,short,2868,3.713780698056127,3,1.7137154459745165,"{'reciente': (985, np.float64(4.99)), 'val2': (1611, np.float64(3.27)), 'val1': (272, np.float64(1.71))}"
10096|obj2R|ambos,ALCISTA,engulfing,1440,False,obj2R,ambos,5224,1.1326816268194164,3,0.5975443293437172,"{'reciente': (1759, np.float64(2.07)), 'val2': (3021, np.float64(0.6)), 'val1': (444, np.float64(1.07))}"
10096|obj2R|short,ALCISTA,engulfing,1440,False,obj2R,short,2868,5.682023027799803,3,5.137973893686336,"{'reciente': (985, np.float64(6.07)), 'val2': (1611, np.float64(5.14)), 'val1': (272, np.float64(7.5))}"
10096|obj3R_be|ambos,ALCISTA,engulfing,1440,False,obj3R_be,ambos,5224,1.13382171280053,3,0.23705159614988683,"{'reciente': (1759, np.float64(2.82)), 'val2': (3021, np.float64(0.28)), 'val1': (444, np.float64(0.24))}"
10096|obj3R_be|short,ALCISTA,engulfing,1440,False,obj3R_be,short,2868,5.058078080284002,3,3.824637491116125,"{'reciente': (985, np.float64(6.75)), 'val2': (1611, np.float64(3.82)), 'val1': (272, np.float64(6.23))}"
10096|obj3R|ambos,ALCISTA,engulfing,1440,False,obj3R,ambos,5224,1.3586619898604946,3,0.3727865819911099,"{'reciente': (1759, np.float64(3.2)), 'val2': (3021, np.float64(0.37)), 'val1': (444, np.float64(0.76))}"
10096|obj3R|short,ALCISTA,engulfing,1440,False,obj3R,short,2868,5.0557147236123985,3,3.8322500372058395,"{'reciente': (985, np.float64(6.71)), 'val2': (1611, np.float64(3.83)), 'val1': (272, np.float64(6.31))}"
10096|trail2R|short,ALCISTA,engulfing,1440,False,trail2R,short,2868,4.653485183017252,3,3.0568700645444196,"{'reciente': (985, np.float64(7.24)), 'val2': (1611, np.float64(3.06)), 'val1': (272, np.float64(4.73))}"
10096|trail3R|ambos,ALCISTA,engulfing,1440,False,trail3R,ambos,5224,1.457929930514639,3,0.154948999584496,"{'reciente': (1759, np.float64(3.77)), 'val2': (3021, np.float64(0.15)), 'val1': (444, np.float64(1.15))}"
10096|trail3R|short,ALCISTA,engulfing,1440,False,trail3R,short,2868,4.120459896658194,3,2.9508992988322733,"{'reciente': (985, np.float64(5.65)), 'val2': (1611, np.float64(2.95)), 'val1': (272, np.float64(5.52))}"
10097|obj1R|short,ALCISTA,engulfing,1440,True,obj1R,short,2356,3.380814811140247,3,2.67197325861399,"{'reciente': (774, np.float64(4.31)), 'val2': (1410, np.float64(2.67)), 'val1': (172, np.float64(5.01))}"
10097|obj2R|short,ALCISTA,engulfing,1440,True,obj2R,short,2356,6.105106063786759,3,5.228086420216996,"{'reciente': (774, np.float64(6.86)), 'val2': (1410, np.float64(5.23)), 'val1': (172, np.float64(9.92))}"
10097|obj3R_be|short,ALCISTA,engulfing,1440,True,obj3R_be,short,2356,5.752040584430546,3,4.467117711966369,"{'reciente': (774, np.float64(7.28)), 'val2': (1410, np.float64(4.47)), 'val1': (172, np.float64(9.43))}"
10097|obj3R|short,ALCISTA,engulfing,1440,True,obj3R,short,2356,5.940958791084794,3,4.505069480840874,"{'reciente': (774, np.float64(7.53)), 'val2': (1410, np.float64(4.51)), 'val1': (172, np.float64(10.58))}"
10097|trail2R|short,ALCISTA,engulfing,1440,True,trail2R,short,2356,5.374709573673148,3,4.048329757385144,"{'reciente': (774, np.float64(7.0)), 'val2': (1410, np.float64(4.05)), 'val1': (172, np.float64(8.95))}"
10097|trail3R|short,ALCISTA,engulfing,1440,True,trail3R,short,2356,5.016160432038658,3,3.832542481161786,"{'reciente': (774, np.float64(6.3)), 'val2': (1410, np.float64(3.83)), 'val1': (172, np.float64(8.94))}"
10099|obj1R|short,ALCISTA,inside_bar,1440,True,obj1R,short,740,5.028743295823425,3,0.4990420403593574,"{'reciente': (285, np.float64(11.23)), 'val2': (386, np.float64(0.5)), 'val1': (69, np.float64(4.75))}"
10099|obj2R|short,ALCISTA,inside_bar,1440,True,obj2R,short,740,9.110381431050925,3,2.7147199875607457,"{'reciente': (285, np.float64(17.02)), 'val2': (386, np.float64(2.71)), 'val1': (69, np.float64(12.22))}"
10099|obj30pct|short,ALCISTA,inside_bar,1440,True,obj30pct,short,740,0.615915879427581,3,0.036918356707057995,"{'reciente': (285, np.float64(1.22)), 'val2': (386, np.float64(0.04)), 'val1': (69, np.float64(1.35))}"
10099|obj3R_be|short,ALCISTA,inside_bar,1440,True,obj3R_be,short,740,9.91842110024664,3,2.7074182752137985,"{'reciente': (285, np.float64(18.48)), 'val2': (386, np.float64(2.71)), 'val1': (69, np.float64(14.89))}"
10099|obj3R|short,ALCISTA,inside_bar,1440,True,obj3R,short,740,10.036222803854251,3,2.649939763378938,"{'reciente': (285, np.float64(18.93)), 'val2': (386, np.float64(2.65)), 'val1': (69, np.float64(14.63))}"
10099|trail2R|short,ALCISTA,inside_bar,1440,True,trail2R,short,740,9.35872009889366,3,1.6160674235198786,"{'reciente': (285, np.float64(18.95)), 'val2': (386, np.float64(1.62)), 'val1': (69, np.float64(13.04))}"
10099|trail3R|short,ALCISTA,inside_bar,1440,True,trail3R,short,740,8.835460537986442,3,1.5012875703907018,"{'reciente': (285, np.float64(17.72)), 'val2': (386, np.float64(1.5)), 'val1': (69, np.float64(13.16))}"
10100|obj1R|short,ALCISTA,pin_bar,1440,False,obj1R,short,2542,3.545431641266368,3,2.1504259982321665,"{'reciente': (946, np.float64(4.05)), 'val2': (1342, np.float64(2.15)), 'val1': (254, np.float64(9.03))}"
10100|obj2R|short,ALCISTA,pin_bar,1440,False,obj2R,short,2542,5.730441961032051,3,2.902828048016716,"{'reciente': (946, np.float64(7.19)), 'val2': (1342, np.float64(2.9)), 'val1': (254, np.float64(15.23))}"
10100|obj30pct|short,ALCISTA,pin_bar,1440,False,obj30pct,short,2542,0.8215324705405076,3,0.4889736910223963,"{'reciente': (946, np.float64(0.49)), 'val2': (1342, np.float64(0.79)), 'val1': (254, np.float64(2.24))}"
10100|obj3R_be|short,ALCISTA,pin_bar,1440,False,obj3R_be,short,2542,5.083322433631511,3,2.061466828284796,"{'reciente': (946, np.float64(6.63)), 'val2': (1342, np.float64(2.06)), 'val1': (254, np.float64(15.3))}"
10100|obj3R|short,ALCISTA,pin_bar,1440,False,obj3R,short,2542,5.1063698598144835,3,1.985387855693668,"{'reciente': (946, np.float64(6.64)), 'val2': (1342, np.float64(1.99)), 'val1': (254, np.float64(15.88))}"
10100|obj50pct|short,ALCISTA,pin_bar,1440,False,obj50pct,short,2542,1.5255046930221883,3,0.7064821253805431,"{'reciente': (946, np.float64(0.71)), 'val2': (1342, np.float64(1.55)), 'val1': (254, np.float64(4.43))}"
10100|trail2R|short,ALCISTA,pin_bar,1440,False,trail2R,short,2542,4.587476778097003,3,1.1642710352858874,"{'reciente': (946, np.float64(6.72)), 'val2': (1342, np.float64(1.16)), 'val1': (254, np.float64(14.74))}"
10100|trail3R|short,ALCISTA,pin_bar,1440,False,trail3R,short,2542,4.093755516835163,3,1.0928774639110397,"{'reciente': (946, np.float64(5.37)), 'val2': (1342, np.float64(1.09)), 'val1': (254, np.float64(15.19))}"
10101|obj2R|short,ALCISTA,pin_bar,1440,True,obj2R,short,2861,5.150760310887184,3,0.7882343423827994,"{'reciente': (915, np.float64(11.45)), 'val2': (1680, np.float64(0.79)), 'val1': (266, np.float64(11.02))}"
10102|obj1R|short,ALCISTA,pin_bar,1440,False,obj1R,short,2036,3.4203692089315156,3,1.8471376525192265,"{'reciente': (760, np.float64(4.31)), 'val2': (1083, np.float64(1.85)), 'val1': (193, np.float64(8.74))}"
10102|obj20pct|short,ALCISTA,pin_bar,1440,False,obj20pct,short,2036,0.5846412670361493,3,0.24115821220415556,"{'reciente': (760, np.float64(0.64)), 'val2': (1083, np.float64(0.24)), 'val1': (193, np.float64(2.31))}"
10102|obj2R|short,ALCISTA,pin_bar,1440,False,obj2R,short,2036,5.630199204970838,3,2.7620570508377487,"{'reciente': (760, np.float64(7.38)), 'val2': (1083, np.float64(2.76)), 'val1': (193, np.float64(14.82))}"
10102|obj30pct|short,ALCISTA,pin_bar,1440,False,obj30pct,short,2036,0.9184329054284743,3,0.6430294037687917,"{'reciente': (760, np.float64(0.81)), 'val2': (1083, np.float64(0.64)), 'val1': (193, np.float64(2.88))}"
10102|obj3R_be|short,ALCISTA,pin_bar,1440,False,obj3R_be,short,2036,4.980701748141301,3,2.077214777547586,"{'reciente': (760, np.float64(6.76)), 'val2': (1083, np.float64(2.08)), 'val1': (193, np.float64(14.28))}"
10102|obj3R|short,ALCISTA,pin_bar,1440,False,obj3R,short,2036,4.997015298027139,3,1.96910010046633,"{'reciente': (760, np.float64(6.86)), 'val2': (1083, np.float64(1.97)), 'val1': (193, np.float64(14.63))}"
10102|obj50pct|short,ALCISTA,pin_bar,1440,False,obj50pct,short,2036,1.532169016019881,3,0.940841840241593,"{'reciente': (760, np.float64(0.94)), 'val2': (1083, np.float64(1.31)), 'val1': (193, np.float64(5.1))}"
10102|trail2R|short,ALCISTA,pin_bar,1440,False,trail2R,short,2036,4.5365031905282525,3,1.043448190958185,"{'reciente': (760, np.float64(7.11)), 'val2': (1083, np.float64(1.04)), 'val1': (193, np.float64(14.0))}"
10102|trail3R|short,ALCISTA,pin_bar,1440,False,trail3R,short,2036,4.00089075027147,3,0.9442426999102549,"{'reciente': (760, np.float64(5.74)), 'val2': (1083, np.float64(0.94)), 'val1': (193, np.float64(14.3))}"
10103|obj2R|short,ALCISTA,pin_bar,1440,True,obj2R,short,2214,5.244746207066017,3,0.43395153398685354,"{'reciente': (719, np.float64(11.49)), 'val2': (1293, np.float64(0.43)), 'val1': (202, np.float64(13.82))}"
10104|obj2R|ambos,ALCISTA,engulfing,1440,False,obj2R,ambos,1654,3.2722863710117873,3,1.383718127705401,"{'reciente': (551, np.float64(4.7)), 'val2': (950, np.float64(2.75)), 'val1': (153, np.float64(1.38))}"
10104|obj2R|short,ALCISTA,engulfing,1440,False,obj2R,short,988,7.759850013527913,3,7.484524950022732,"{'reciente': (396, np.float64(8.14)), 'val2': (506, np.float64(7.48)), 'val1': (86, np.float64(7.62))}"
10104|obj30pct|short,ALCISTA,engulfing,1440,False,obj30pct,short,988,0.9180107539413281,3,0.4461571004120752,"{'reciente': (396, np.float64(0.55)), 'val2': (506, np.float64(1.29)), 'val1': (86, np.float64(0.45))}"
10104|obj3R_be|ambos,ALCISTA,engulfing,1440,False,obj3R_be,ambos,1654,3.1692031474047897,3,0.029206381492066204,"{'reciente': (551, np.float64(5.25)), 'val2': (950, np.float64(2.47)), 'val1': (153, np.float64(0.03))}"
10104|obj3R_be|short,ALCISTA,engulfing,1440,False,obj3R_be,short,988,7.19224431274634,3,4.947812870971665,"{'reciente': (396, np.float64(8.98)), 'val2': (506, np.float64(6.18)), 'val1': (86, np.float64(4.95))}"
10104|obj3R|ambos,ALCISTA,engulfing,1440,False,obj3R,ambos,1654,3.343834297421349,3,1.318831234338126,"{'reciente': (551, np.float64(5.11)), 'val2': (950, np.float64(2.65)), 'val1': (153, np.float64(1.32))}"
10104|obj3R|short,ALCISTA,engulfing,1440,False,obj3R,short,988,7.053161890495607,3,4.996610584875243,"{'reciente': (396, np.float64(8.61)), 'val2': (506, np.float64(6.18)), 'val1': (86, np.float64(5.0))}"
10104|obj50pct|short,ALCISTA,engulfing,1440,False,obj50pct,short,988,1.3947876474394798,3,0.5501502836449118,"{'reciente': (396, np.float64(0.76)), 'val2': (506, np.float64(2.03)), 'val1': (86, np.float64(0.55))}"
10104|trail2R|short,ALCISTA,engulfing,1440,False,trail2R,short,988,6.87259339362596,3,3.463503238935013,"{'reciente': (396, np.float64(10.29)), 'val2': (506, np.float64(4.78)), 'val1': (86, np.float64(3.46))}"
10104|trail3R|ambos,ALCISTA,engulfing,1440,False,trail3R,ambos,1654,2.968693515867125,3,1.2655985793808242,"{'reciente': (551, np.float64(5.7)), 'val2': (950, np.float64(1.27)), 'val1': (153, np.float64(3.71))}"
10104|trail3R|short,ALCISTA,engulfing,1440,False,trail3R,short,988,5.6134331916630815,3,4.16504497939013,"{'reciente': (396, np.float64(7.47)), 'val2': (506, np.float64(4.41)), 'val1': (86, np.float64(4.17))}"
10105|obj1R|short,ALCISTA,engulfing,1440,True,obj1R,short,666,3.8757779223854585,3,2.956470058884681,"{'reciente': (155, np.float64(6.66)), 'val2': (444, np.float64(2.96)), 'val1': (67, np.float64(3.52))}"
10105|obj2R|short,ALCISTA,engulfing,1440,True,obj2R,short,666,5.54096802345928,3,4.731526582162195,"{'reciente': (155, np.float64(7.2)), 'val2': (444, np.float64(4.73)), 'val1': (67, np.float64(7.07))}"
10105|obj3R_be|short,ALCISTA,engulfing,1440,True,obj3R_be,short,666,4.8445821311366855,3,3.228512614640446,"{'reciente': (155, np.float64(9.25)), 'val2': (444, np.float64(3.23)), 'val1': (67, np.float64(5.36))}"
10105|obj3R|short,ALCISTA,engulfing,1440,True,obj3R,short,666,5.0435682733368985,3,3.1587522931140577,"{'reciente': (155, np.float64(9.58)), 'val2': (444, np.float64(3.16)), 'val1': (67, np.float64(7.03))}"
10105|obj50pct|short,ALCISTA,engulfing,1440,True,obj50pct,short,666,0.9953971530181698,3,0.19001891522163358,"{'reciente': (155, np.float64(1.27)), 'val2': (444, np.float64(1.02)), 'val1': (67, np.float64(0.19))}"
10105|trail2R|short,ALCISTA,engulfing,1440,True,trail2R,short,666,4.3065188763336595,3,2.5541737405916836,"{'reciente': (155, np.float64(8.78)), 'val2': (444, np.float64(2.55)), 'val1': (67, np.float64(5.58))}"
10105|trail3R|short,ALCISTA,engulfing,1440,True,trail3R,short,666,4.279911632148656,3,2.6904382754264313,"{'reciente': (155, np.float64(8.1)), 'val2': (444, np.float64(2.69)), 'val1': (67, np.float64(5.97))}"
10107|obj1R|short,ALCISTA,inside_bar,1440,True,obj1R,short,245,2.064146671333414,3,1.648862738085207,"{'reciente': (55, np.float64(2.93)), 'val2': (152, np.float64(1.85)), 'val1': (38, np.float64(1.65))}"
10107|obj2R|short,ALCISTA,inside_bar,1440,True,obj2R,short,245,4.079929027058157,3,2.0980350133788934,"{'reciente': (55, np.float64(7.11)), 'val2': (152, np.float64(2.1)), 'val1': (38, np.float64(7.63))}"
10107|obj3R_be|short,ALCISTA,inside_bar,1440,True,obj3R_be,short,245,4.639732653597266,3,1.6998624122548673,"{'reciente': (55, np.float64(8.82)), 'val2': (152, np.float64(1.7)), 'val1': (38, np.float64(10.35))}"
10107|obj3R|short,ALCISTA,inside_bar,1440,True,obj3R,short,245,4.711635114725187,3,1.4907083800625458,"{'reciente': (55, np.float64(9.69)), 'val2': (152, np.float64(1.49)), 'val1': (38, np.float64(10.4))}"
10107|trail2R|short,ALCISTA,inside_bar,1440,True,trail2R,short,245,4.466478124365467,3,0.7864453321839392,"{'reciente': (55, np.float64(11.35)), 'val2': (152, np.float64(0.79)), 'val1': (38, np.float64(9.22))}"
10107|trail3R|short,ALCISTA,inside_bar,1440,True,trail3R,short,245,4.440605605352294,3,0.9228624778459006,"{'reciente': (55, np.float64(10.32)), 'val2': (152, np.float64(0.92)), 'val1': (38, np.float64(10.0))}"
10108|obj1R|short,ALCISTA,pin_bar,1440,False,obj1R,short,680,6.669305960970193,3,4.8618716568659694,"{'reciente': (300, np.float64(8.13)), 'val2': (326, np.float64(5.63)), 'val1': (54, np.float64(4.86))}"
10108|obj20pct|short,ALCISTA,pin_bar,1440,False,obj20pct,short,680,0.9913689599261535,3,0.2687974556253929,"{'reciente': (300, np.float64(0.27)), 'val2': (326, np.float64(1.43)), 'val1': (54, np.float64(2.33))}"
10108|obj2R|short,ALCISTA,pin_bar,1440,False,obj2R,short,680,8.783688181995842,3,4.803740709775563,"{'reciente': (300, np.float64(11.64)), 'val2': (326, np.float64(4.8)), 'val1': (54, np.float64(16.94))}"
10108|obj30pct|short,ALCISTA,pin_bar,1440,False,obj30pct,short,680,1.5078476993665757,3,0.6653084019847559,"{'reciente': (300, np.float64(0.67)), 'val2': (326, np.float64(2.15)), 'val1': (54, np.float64(2.29))}"
10108|obj3R_be|short,ALCISTA,pin_bar,1440,False,obj3R_be,short,680,7.980022507097837,3,4.937974497204467,"{'reciente': (300, np.float64(9.53)), 'val2': (326, np.float64(4.94)), 'val1': (54, np.float64(17.72))}"
10108|obj3R|short,ALCISTA,pin_bar,1440,False,obj3R,short,680,7.830168369701763,3,4.915708446407962,"{'reciente': (300, np.float64(8.98)), 'val2': (326, np.float64(4.92)), 'val1': (54, np.float64(19.05))}"
10108|obj50pct|short,ALCISTA,pin_bar,1440,False,obj50pct,short,680,2.9016133365054833,3,1.9722835051322578,"{'reciente': (300, np.float64(1.97)), 'val2': (326, np.float64(3.47)), 'val1': (54, np.float64(4.62))}"
10108|trail2R|short,ALCISTA,pin_bar,1440,False,trail2R,short,680,7.616286830748962,3,3.030735502443079,"{'reciente': (300, np.float64(10.8)), 'val2': (326, np.float64(3.03)), 'val1': (54, np.float64(17.61))}"
10108|trail3R|short,ALCISTA,pin_bar,1440,False,trail3R,short,680,6.072852067290423,3,2.707607703815041,"{'reciente': (300, np.float64(7.75)), 'val2': (326, np.float64(2.71)), 'val1': (54, np.float64(17.07))}"
10109|obj2R|short,ALCISTA,pin_bar,1440,True,obj2R,short,628,4.8015429342433,3,0.8631611914717338,"{'reciente': (132, np.float64(14.16)), 'val2': (410, np.float64(0.86)), 'val1': (86, np.float64(9.22))}"
10109|obj3R_be|short,ALCISTA,pin_bar,1440,True,obj3R_be,short,628,3.8701956716313086,3,0.007284382898378209,"{'reciente': (132, np.float64(13.84)), 'val2': (410, np.float64(0.01)), 'val1': (86, np.float64(6.99))}"
10110|obj10pct|short,ALCISTA,pin_bar,1440,False,obj10pct,short,533,0.6125160019744478,3,0.15294353463091112,"{'reciente': (233, np.float64(0.15)), 'val2': (255, np.float64(0.92)), 'val1': (45, np.float64(1.26))}"
10110|obj1R|short,ALCISTA,pin_bar,1440,False,obj1R,short,533,6.284186949037383,3,3.49433462565545,"{'reciente': (233, np.float64(7.42)), 'val2': (255, np.float64(5.74)), 'val1': (45, np.float64(3.49))}"
10110|obj20pct|short,ALCISTA,pin_bar,1440,False,obj20pct,short,533,1.385592025394476,3,0.99653933249389,"{'reciente': (233, np.float64(1.0)), 'val2': (255, np.float64(1.42)), 'val1': (45, np.float64(3.23))}"
10110|obj2R|short,ALCISTA,pin_bar,1440,False,obj2R,short,533,8.510075775165364,3,5.468909641685554,"{'reciente': (233, np.float64(10.73)), 'val2': (255, np.float64(5.47)), 'val1': (45, np.float64(14.23))}"
10110|obj30pct|short,ALCISTA,pin_bar,1440,False,obj30pct,short,533,1.9767600132992122,3,1.515825588995744,"{'reciente': (233, np.float64(1.52)), 'val2': (255, np.float64(2.13)), 'val1': (45, np.float64(3.48))}"
10110|obj3R_be|short,ALCISTA,pin_bar,1440,False,obj3R_be,short,533,7.873572842726954,3,5.991731854527265,"{'reciente': (233, np.float64(8.6)), 'val2': (255, np.float64(5.99)), 'val1': (45, np.float64(14.79))}"
10110|obj3R|short,ALCISTA,pin_bar,1440,False,obj3R,short,533,7.602763949872225,3,5.956862799159413,"{'reciente': (233, np.float64(8.1)), 'val2': (255, np.float64(5.96)), 'val1': (45, np.float64(14.35))}"
10110|obj50pct|ambos,ALCISTA,pin_bar,1440,False,obj50pct,ambos,1022,0.8511931279784098,3,0.05347715612994306,"{'reciente': (346, np.float64(0.05)), 'val2': (561, np.float64(1.39)), 'val1': (115, np.float64(0.62))}"
10110|obj50pct|short,ALCISTA,pin_bar,1440,False,obj50pct,short,533,3.2488987443451216,3,2.659913909397556,"{'reciente': (233, np.float64(2.66)), 'val2': (255, np.float64(3.33)), 'val1': (45, np.float64(5.82))}"
10110|trail2R|short,ALCISTA,pin_bar,1440,False,trail2R,short,533,7.4918279118766815,3,3.788764119487005,"{'reciente': (233, np.float64(10.25)), 'val2': (255, np.float64(3.79)), 'val1': (45, np.float64(14.18))}"
10110|trail3R|short,ALCISTA,pin_bar,1440,False,trail3R,short,533,5.94902489532721,3,3.4539025168081374,"{'reciente': (233, np.float64(7.09)), 'val2': (255, np.float64(3.45)), 'val1': (45, np.float64(14.18))}"
10123|trail2R|short,ALCISTA,vwap_dev,60,True,trail2R,short,4761,0.9796255164602096,3,0.5414732270834348,"{'reciente': (2089, np.float64(1.48)), 'val2': (2275, np.float64(0.54)), 'val1': (397, np.float64(0.87))}"
10123|trail3R|short,ALCISTA,vwap_dev,60,True,trail3R,short,4761,0.9181627043512866,3,0.2717093213912015,"{'reciente': (2089, np.float64(1.68)), 'val2': (2275, np.float64(0.27)), 'val1': (397, np.float64(0.64))}"
10139|trail2R|short,ALCISTA,zscore_rev,60,True,trail2R,short,8252,1.0715781481482842,3,0.13643595665852182,"{'reciente': (3000, np.float64(1.76)), 'val2': (4595, np.float64(0.14)), 'val1': (657, np.float64(4.45))}"
10139|trail3R|short,ALCISTA,zscore_rev,60,True,trail3R,short,8252,1.092250940735469,3,0.02135493602184748,"{'reciente': (3000, np.float64(2.09)), 'val2': (4595, np.float64(0.02)), 'val1': (657, np.float64(4.05))}"
10141|obj30pct|short,ALCISTA,zscore_rev,60,True,obj30pct,short,3912,0.5692407215221489,3,0.06944896337727174,"{'reciente': (1350, np.float64(1.01)), 'val2': (2210, np.float64(0.07)), 'val1': (352, np.float64(2.02))}"
10141|trail2R|short,ALCISTA,zscore_rev,60,True,trail2R,short,3912,1.7311989544589288,3,0.2534497630989902,"{'reciente': (1350, np.float64(2.8)), 'val2': (2210, np.float64(0.25)), 'val1': (352, np.float64(6.91))}"
10141|trail3R|short,ALCISTA,zscore_rev,60,True,trail3R,short,3912,1.6047128705243128,3,0.296727388074226,"{'reciente': (1350, np.float64(2.61)), 'val2': (2210, np.float64(0.3)), 'val1': (352, np.float64(5.96))}"
10143|trail2R|short,ALCISTA,squeeze_bk,60,True,trail2R,short,15910,0.6721922867745959,3,0.5540043677310338,"{'reciente': (6014, np.float64(0.55)), 'val2': (8463, np.float64(0.56)), 'val1': (1433, np.float64(1.86))}"
10143|trail3R|short,ALCISTA,squeeze_bk,60,True,trail3R,short,15910,0.7215479467691166,3,0.49752822130513147,"{'reciente': (6014, np.float64(0.7)), 'val2': (8463, np.float64(0.5)), 'val1': (1433, np.float64(2.16))}"
10144|obj2R|short,ALCISTA,barrida_liquidez,240,False,obj2R,short,8562,0.9077402714187559,3,0.6938623053316092,"{'reciente': (3032, np.float64(0.78)), 'val2': (4773, np.float64(0.69)), 'val1': (757, np.float64(2.76))}"
10144|obj3R_be|short,ALCISTA,barrida_liquidez,240,False,obj3R_be,short,8562,1.2219382881512615,3,0.5375491275960146,"{'reciente': (3032, np.float64(1.76)), 'val2': (4773, np.float64(0.54)), 'val1': (757, np.float64(3.38))}"
10144|obj3R|short,ALCISTA,barrida_liquidez,240,False,obj3R,short,8562,1.2058929774661609,3,0.6234092635536082,"{'reciente': (3032, np.float64(1.63)), 'val2': (4773, np.float64(0.62)), 'val1': (757, np.float64(3.18))}"
10144|trail2R|short,ALCISTA,barrida_liquidez,240,False,trail2R,short,8562,1.6658347918449476,3,0.7720842858127658,"{'reciente': (3032, np.float64(2.58)), 'val2': (4773, np.float64(0.77)), 'val1': (757, np.float64(3.65))}"
10144|trail3R|short,ALCISTA,barrida_liquidez,240,False,trail3R,short,8562,1.8627813369380124,3,1.0704152061725956,"{'reciente': (3032, np.float64(2.89)), 'val2': (4773, np.float64(1.07)), 'val1': (757, np.float64(2.76))}"
10146|obj2R|short,ALCISTA,barrida_liquidez,240,False,obj2R,short,4658,0.9460596785182719,3,0.4424642481292662,"{'reciente': (1656, np.float64(0.44)), 'val2': (2566, np.float64(1.19)), 'val1': (436, np.float64(1.43))}"
10146|obj3R_be|short,ALCISTA,barrida_liquidez,240,False,obj3R_be,short,4658,0.9749797946771906,3,0.6646659761101836,"{'reciente': (1656, np.float64(1.33)), 'val2': (2566, np.float64(0.66)), 'val1': (436, np.float64(1.47))}"
10146|obj3R|short,ALCISTA,barrida_liquidez,240,False,obj3R,short,4658,0.9411105448382774,3,0.7749615452662807,"{'reciente': (1656, np.float64(1.04)), 'val2': (2566, np.float64(0.77)), 'val1': (436, np.float64(1.55))}"
10146|trail2R|short,ALCISTA,barrida_liquidez,240,False,trail2R,short,4658,1.0285764193101499,3,0.20273349803402707,"{'reciente': (1656, np.float64(1.96)), 'val2': (2566, np.float64(0.57)), 'val1': (436, np.float64(0.2))}"
10146|trail3R|short,ALCISTA,barrida_liquidez,240,False,trail3R,short,4658,1.2815126495238744,3,0.07893751677160805,"{'reciente': (1656, np.float64(2.44)), 'val2': (2566, np.float64(0.74)), 'val1': (436, np.float64(0.08))}"
10149|obj3R|short,ALCISTA,zscore_rev,240,True,obj3R,short,1893,1.1486482979313573,3,0.3838754667533781,"{'reciente': (719, np.float64(1.1)), 'val2': (1004, np.float64(1.32)), 'val1': (170, np.float64(0.38))}"
10152|obj1R|short,ALCISTA,squeeze_bk,240,False,obj1R,short,5035,1.6313820724790626,3,0.771944554574062,"{'reciente': (1618, np.float64(3.42)), 'val2': (3021, np.float64(0.77)), 'val1': (396, np.float64(0.87))}"
10152|obj2R|short,ALCISTA,squeeze_bk,240,False,obj2R,short,5035,2.102666830454057,3,0.8025518778956616,"{'reciente': (1618, np.float64(4.59)), 'val2': (3021, np.float64(0.8)), 'val1': (396, np.float64(1.87))}"
10152|obj30pct|short,ALCISTA,squeeze_bk,240,False,obj30pct,short,5035,0.8702203717089524,3,0.3935223128779515,"{'reciente': (1618, np.float64(1.62)), 'val2': (3021, np.float64(0.39)), 'val1': (396, np.float64(1.44))}"
10152|obj3R_be|short,ALCISTA,squeeze_bk,240,False,obj3R_be,short,5035,1.8587210619738226,3,0.6522706020501666,"{'reciente': (1618, np.float64(4.28)), 'val2': (3021, np.float64(0.65)), 'val1': (396, np.float64(1.17))}"
10152|obj3R|short,ALCISTA,squeeze_bk,240,False,obj3R,short,5035,1.824072381278209,3,0.5409283517764077,"{'reciente': (1618, np.float64(4.13)), 'val2': (3021, np.float64(0.54)), 'val1': (396, np.float64(2.19))}"
10152|obj50pct|short,ALCISTA,squeeze_bk,240,False,obj50pct,short,5035,1.4392758990330572,3,0.713544163461687,"{'reciente': (1618, np.float64(2.76)), 'val2': (3021, np.float64(0.71)), 'val1': (396, np.float64(1.56))}"
10152|trail2R|short,ALCISTA,squeeze_bk,240,False,trail2R,short,5035,1.5622134232536438,3,0.5018589959768253,"{'reciente': (1618, np.float64(3.54)), 'val2': (3021, np.float64(0.64)), 'val1': (396, np.float64(0.5))}"
10152|trail3R|short,ALCISTA,squeeze_bk,240,False,trail3R,short,5035,1.1263396358649724,3,0.22897158627636952,"{'reciente': (1618, np.float64(2.86)), 'val2': (3021, np.float64(0.23)), 'val1': (396, np.float64(0.89))}"
10153|obj2R|short,ALCISTA,squeeze_bk,240,True,obj2R,short,3865,1.854100468323822,3,1.286584845453818,"{'reciente': (1413, np.float64(1.63)), 'val2': (2219, np.float64(1.29)), 'val1': (233, np.float64(8.6))}"
10153|obj3R_be|short,ALCISTA,squeeze_bk,240,True,obj3R_be,short,3865,2.776632900348332,3,2.182909817575157,"{'reciente': (1413, np.float64(2.4)), 'val2': (2219, np.float64(2.18)), 'val1': (233, np.float64(10.74))}"
10153|obj3R|short,ALCISTA,squeeze_bk,240,True,obj3R,short,3865,2.7185488720539555,3,2.093591194678127,"{'reciente': (1413, np.float64(2.36)), 'val2': (2219, np.float64(2.09)), 'val1': (233, np.float64(10.85))}"
10153|trail2R|short,ALCISTA,squeeze_bk,240,True,trail2R,short,3865,3.008481937556762,3,2.3044485618301827,"{'reciente': (1413, np.float64(3.23)), 'val2': (2219, np.float64(2.3)), 'val1': (233, np.float64(8.37))}"
10153|trail3R|short,ALCISTA,squeeze_bk,240,True,trail3R,short,3865,2.899310047580674,3,2.393340282304713,"{'reciente': (1413, np.float64(2.98)), 'val2': (2219, np.float64(2.39)), 'val1': (233, np.float64(7.24))}"
10156|obj1R|ambos,ALCISTA,sobreextension,60,False,obj1R,ambos,3281,0.8227573461844486,3,0.22975490624993142,"{'reciente': (1659, np.float64(0.49)), 'val2': (1162, np.float64(1.53)), 'val1': (460, np.float64(0.23))}"
10156|obj2R|long,ALCISTA,sobreextension,60,False,obj2R,long,1390,2.0553016020788504,3,0.1618915088305317,"{'reciente': (718, np.float64(0.16)), 'val2': (504, np.float64(4.98)), 'val1': (168, np.float64(1.38))}"
10156|obj3R_be|ambos,ALCISTA,sobreextension,60,False,obj3R_be,ambos,3281,0.8317035469877397,3,0.13012851928479174,"{'reciente': (1659, np.float64(0.13)), 'val2': (1162, np.float64(1.91)), 'val1': (460, np.float64(0.63))}"
10156|obj3R_be|long,ALCISTA,sobreextension,60,False,obj3R_be,long,1390,2.270675646124662,3,0.22567916965968857,"{'reciente': (718, np.float64(0.23)), 'val2': (504, np.float64(5.14)), 'val1': (168, np.float64(2.4))}"
10156|obj3R|ambos,ALCISTA,sobreextension,60,False,obj3R,ambos,3281,0.7742499029286963,3,0.061600336226612505,"{'reciente': (1659, np.float64(0.06)), 'val2': (1162, np.float64(1.87)), 'val1': (460, np.float64(0.57))}"
10156|obj3R|long,ALCISTA,sobreextension,60,False,obj3R,long,1390,2.2549775837791963,3,0.17951755080582096,"{'reciente': (718, np.float64(0.18)), 'val2': (504, np.float64(5.16)), 'val1': (168, np.float64(2.4))}"
10156|trail2R|ambos,ALCISTA,sobreextension,60,False,trail2R,ambos,3281,0.6779044545191515,3,0.03324618795552373,"{'reciente': (1659, np.float64(0.03)), 'val2': (1162, np.float64(1.78)), 'val1': (460, np.float64(0.23))}"
10156|trail2R|long,ALCISTA,sobreextension,60,False,trail2R,long,1390,2.0346233876457047,3,0.08692407340145328,"{'reciente': (718, np.float64(0.09)), 'val2': (504, np.float64(4.94)), 'val1': (168, np.float64(1.65))}"
10156|trail3R|ambos,ALCISTA,sobreextension,60,False,trail3R,ambos,3281,0.664588375366876,3,0.011703230121755864,"{'reciente': (1659, np.float64(0.01)), 'val2': (1162, np.float64(1.71)), 'val1': (460, np.float64(0.37))}"
10156|trail3R|long,ALCISTA,sobreextension,60,False,trail3R,long,1390,2.173954618980473,3,0.18521865275020427,"{'reciente': (718, np.float64(0.19)), 'val2': (504, np.float64(4.93)), 'val1': (168, np.float64(2.39))}"
10158|obj1R|ambos,ALCISTA,sobreextension,60,False,obj1R,ambos,822,2.0405721167629367,3,0.517814495826285,"{'reciente': (456, np.float64(2.92)), 'val2': (250, np.float64(0.52)), 'val1': (116, np.float64(1.88))}"
10158|obj1R|long,ALCISTA,sobreextension,60,False,obj1R,long,279,5.492378638079073,3,4.014364572120568,"{'reciente': (179, np.float64(5.4)), 'val2': (58, np.float64(4.01)), 'val1': (42, np.float64(7.95))}"
10158|obj2R|ambos,ALCISTA,sobreextension,60,False,obj2R,ambos,822,2.2896227153432855,3,0.7445971039436212,"{'reciente': (456, np.float64(3.29)), 'val2': (250, np.float64(0.74)), 'val1': (116, np.float64(1.67))}"
10158|obj2R|long,ALCISTA,sobreextension,60,False,obj2R,long,279,6.067610823453125,3,5.144305874474617,"{'reciente': (179, np.float64(6.21)), 'val2': (58, np.float64(5.14)), 'val1': (42, np.float64(6.72))}"
10158|obj3R_be|ambos,ALCISTA,sobreextension,60,False,obj3R_be,ambos,822,2.258423771957792,3,0.9156889118409353,"{'reciente': (456, np.float64(3.04)), 'val2': (250, np.float64(0.92)), 'val1': (116, np.float64(2.09))}"
10158|obj3R_be|long,ALCISTA,sobreextension,60,False,obj3R_be,long,279,6.091669736518004,3,5.879135437023779,"{'reciente': (179, np.float64(5.88)), 'val2': (58, np.float64(5.96)), 'val1': (42, np.float64(7.17))}"
10158|obj3R|ambos,ALCISTA,sobreextension,60,False,obj3R,ambos,822,2.2099669064096057,3,0.9156889118409353,"{'reciente': (456, np.float64(2.95)), 'val2': (250, np.float64(0.92)), 'val1': (116, np.float64(2.09))}"
10158|obj3R|long,ALCISTA,sobreextension,60,False,obj3R,long,279,6.020621548382034,3,5.768395523672181,"{'reciente': (179, np.float64(5.77)), 'val2': (58, np.float64(5.96)), 'val1': (42, np.float64(7.17))}"
10158|trail2R|ambos,ALCISTA,sobreextension,60,False,trail2R,ambos,822,2.2690271279733922,3,0.7867435189098528,"{'reciente': (456, np.float64(3.01)), 'val2': (250, np.float64(0.79)), 'val1': (116, np.float64(2.55))}"
10158|trail2R|long,ALCISTA,sobreextension,60,False,trail2R,long,279,6.1811251750986,3,5.638130825637438,"{'reciente': (179, np.float64(5.79)), 'val2': (58, np.float64(5.64)), 'val1': (42, np.float64(8.6))}"
10158|trail3R|ambos,ALCISTA,sobreextension,60,False,trail3R,ambos,822,2.188412265130336,3,0.6633541370227194,"{'reciente': (456, np.float64(2.93)), 'val2': (250, np.float64(0.66)), 'val1': (116, np.float64(2.55))}"
10158|trail3R|long,ALCISTA,sobreextension,60,False,trail3R,long,279,6.175730513660737,3,5.638130825637438,"{'reciente': (179, np.float64(5.78)), 'val2': (58, np.float64(5.64)), 'val1': (42, np.float64(8.6))}"
10160|obj1R|short,ALCISTA,sobreextension,60,False,obj1R,short,1951,0.8635138395919676,3,0.3463279800946627,"{'reciente': (921, np.float64(0.57)), 'val2': (745, np.float64(0.35)), 'val1': (285, np.float64(3.16))}"
10160|obj3R_be|short,ALCISTA,sobreextension,60,False,obj3R_be,short,1951,0.5779853349635747,3,0.001229989615347408,"{'reciente': (921, np.float64(0.65)), 'val2': (745, np.float64(0.0)), 'val1': (285, np.float64(1.85))}"
10160|obj50pct|short,ALCISTA,sobreextension,60,False,obj50pct,short,1951,0.6271102824341973,3,0.28777841235340756,"{'reciente': (921, np.float64(0.47)), 'val2': (745, np.float64(0.29)), 'val1': (285, np.float64(2.03))}"
10162|obj1R|long,ALCISTA,sobreextension,60,False,obj1R,long,440,4.635139194983092,3,2.9279007860576094,"{'reciente': (250, np.float64(3.97)), 'val2': (134, np.float64(2.93)), 'val1': (56, np.float64(11.7))}"
10162|obj2R|long,ALCISTA,sobreextension,60,False,obj2R,long,440,5.822090902824756,3,4.399256801494073,"{'reciente': (250, np.float64(5.06)), 'val2': (134, np.float64(4.4)), 'val1': (56, np.float64(12.64))}"
10162|obj3R_be|long,ALCISTA,sobreextension,60,False,obj3R_be,long,440,5.420036745627614,3,4.454321011147839,"{'reciente': (250, np.float64(4.49)), 'val2': (134, np.float64(4.45)), 'val1': (56, np.float64(11.88))}"
10162|obj3R|long,ALCISTA,sobreextension,60,False,obj3R,long,440,5.468142832354936,3,4.454321011147839,"{'reciente': (250, np.float64(4.46)), 'val2': (134, np.float64(4.45)), 'val1': (56, np.float64(12.4))}"
10162|trail2R|long,ALCISTA,sobreextension,60,False,trail2R,long,440,5.202259230597174,3,4.246153840310652,"{'reciente': (250, np.float64(4.25)), 'val2': (134, np.float64(4.26)), 'val1': (56, np.float64(11.73))}"
10162|trail3R|long,ALCISTA,sobreextension,60,False,trail3R,long,440,5.268119421853134,3,4.208468337964546,"{'reciente': (250, np.float64(4.24)), 'val2': (134, np.float64(4.21)), 'val1': (56, np.float64(12.38))}"
10166|obj1R|short,ALCISTA,nr7,240,False,obj1R,short,7938,1.1447015873006834,3,0.7498289586843827,"{'reciente': (2917, np.float64(1.23)), 'val2': (4348, np.float64(0.75)), 'val1': (673, np.float64(3.32))}"
10166|obj2R|short,ALCISTA,nr7,240,False,obj2R,short,7938,1.3375929596784002,3,0.5198583623344197,"{'reciente': (2917, np.float64(2.12)), 'val2': (4348, np.float64(0.52)), 'val1': (673, np.float64(3.25))}"
10166|obj3R_be|short,ALCISTA,nr7,240,False,obj3R_be,short,7938,1.7037463008424605,3,0.7733804012542594,"{'reciente': (2917, np.float64(2.73)), 'val2': (4348, np.float64(0.77)), 'val1': (673, np.float64(3.28))}"
10166|obj3R|short,ALCISTA,nr7,240,False,obj3R,short,7938,1.642904687695273,3,0.6952319920058266,"{'reciente': (2917, np.float64(2.64)), 'val2': (4348, np.float64(0.7)), 'val1': (673, np.float64(3.44))}"
10166|obj50pct|short,ALCISTA,nr7,240,False,obj50pct,short,7938,1.0611289906704122,3,0.8470630670188269,"{'reciente': (2917, np.float64(0.85)), 'val2': (4348, np.float64(0.95)), 'val1': (673, np.float64(2.71))}"
10166|trail2R|short,ALCISTA,nr7,240,False,trail2R,short,7938,1.925882888250002,3,0.7635936430894691,"{'reciente': (2917, np.float64(3.41)), 'val2': (4348, np.float64(0.76)), 'val1': (673, np.float64(2.99))}"
10166|trail3R|short,ALCISTA,nr7,240,False,trail3R,short,7938,1.5241723622040086,3,0.47408351048281255,"{'reciente': (2917, np.float64(2.85)), 'val2': (4348, np.float64(0.47)), 'val1': (673, np.float64(2.58))}"
10167|obj1R|short,ALCISTA,nr7,240,True,obj1R,short,7599,1.0654617013869752,3,0.875741068845857,"{'reciente': (2764, np.float64(0.91)), 'val2': (4112, np.float64(0.88)), 'val1': (723, np.float64(2.74))}"
10167|obj2R|short,ALCISTA,nr7,240,True,obj2R,short,7599,1.1416640502221398,3,0.3222305083535516,"{'reciente': (2764, np.float64(1.72)), 'val2': (4112, np.float64(0.32)), 'val1': (723, np.float64(3.58))}"
10167|obj3R_be|short,ALCISTA,nr7,240,True,obj3R_be,short,7599,1.2523530497464352,3,0.24995132575663523,"{'reciente': (2764, np.float64(2.18)), 'val2': (4112, np.float64(0.25)), 'val1': (723, np.float64(3.42))}"
10167|obj3R|short,ALCISTA,nr7,240,True,obj3R,short,7599,1.2145405063171018,3,0.19619085496490402,"{'reciente': (2764, np.float64(2.12)), 'val2': (4112, np.float64(0.2)), 'val1': (723, np.float64(3.56))}"
10167|obj50pct|short,ALCISTA,nr7,240,True,obj50pct,short,7599,0.7747811205278994,3,0.4041996809354521,"{'reciente': (2764, np.float64(0.4)), 'val2': (4112, np.float64(0.91)), 'val1': (723, np.float64(1.45))}"
10167|trail2R|short,ALCISTA,nr7,240,True,trail2R,short,7599,1.436896147971453,3,0.354160361700795,"{'reciente': (2764, np.float64(2.68)), 'val2': (4112, np.float64(0.35)), 'val1': (723, np.float64(2.83))}"
10167|trail3R|short,ALCISTA,nr7,240,True,trail3R,short,7599,1.3247224231002486,3,0.30111524124401634,"{'reciente': (2764, np.float64(2.45)), 'val2': (4112, np.float64(0.3)), 'val1': (723, np.float64(2.85))}"
10168|obj2R|short,ALCISTA,nr7,1440,False,obj2R,short,1394,2.9560688033101647,3,1.2345110705675777,"{'reciente': (496, np.float64(1.23)), 'val2': (751, np.float64(2.47)), 'val1': (147, np.float64(11.25))}"
10168|obj3R_be|short,ALCISTA,nr7,1440,False,obj3R_be,short,1394,2.5018085256923035,3,1.727372075667503,"{'reciente': (496, np.float64(2.12)), 'val2': (751, np.float64(1.73)), 'val1': (147, np.float64(7.75))}"
10168|obj3R|short,ALCISTA,nr7,1440,False,obj3R,short,1394,2.70240914031698,3,1.7093435798565975,"{'reciente': (496, np.float64(2.57)), 'val2': (751, np.float64(1.71)), 'val1': (147, np.float64(8.21))}"
10168|trail2R|short,ALCISTA,nr7,1440,False,trail2R,short,1394,2.3914735351892236,3,1.088571975835132,"{'reciente': (496, np.float64(2.94)), 'val2': (751, np.float64(1.09)), 'val1': (147, np.float64(7.21))}"
10168|trail3R|short,ALCISTA,nr7,1440,False,trail3R,short,1394,1.8613552007013399,3,0.9590565518347399,"{'reciente': (496, np.float64(1.56)), 'val2': (751, np.float64(0.96)), 'val1': (147, np.float64(7.48))}"
10169|obj1R|short,ALCISTA,nr7,1440,True,obj1R,short,1352,4.633337753753583,3,3.2100147729141555,"{'reciente': (519, np.float64(5.76)), 'val2': (724, np.float64(3.21)), 'val1': (109, np.float64(8.72))}"
10169|obj2R|ambos,ALCISTA,nr7,1440,True,obj2R,ambos,2746,1.0873024998067036,3,0.788161919712336,"{'reciente': (1015, np.float64(0.79)), 'val2': (1475, np.float64(1.24)), 'val1': (256, np.float64(1.41))}"
10169|obj2R|short,ALCISTA,nr7,1440,True,obj2R,short,1352,6.856880170413208,3,5.197513759823277,"{'reciente': (519, np.float64(8.01)), 'val2': (724, np.float64(5.2)), 'val1': (109, np.float64(12.41))}"
10169|obj30pct|short,ALCISTA,nr7,1440,True,obj30pct,short,1352,0.6157533738927391,3,0.37326369191542613,"{'reciente': (519, np.float64(0.37)), 'val2': (724, np.float64(0.64)), 'val1': (109, np.float64(1.61))}"
10169|obj3R_be|ambos,ALCISTA,nr7,1440,True,obj3R_be,ambos,2746,0.8609687881180759,3,0.568403684965164,"{'reciente': (1015, np.float64(0.57)), 'val2': (1475, np.float64(0.97)), 'val1': (256, np.float64(1.41))}"
10169|obj3R_be|short,ALCISTA,nr7,1440,True,obj3R_be,short,1352,7.106592035348154,3,4.800279949642317,"{'reciente': (519, np.float64(8.68)), 'val2': (724, np.float64(4.8)), 'val1': (109, np.float64(14.91))}"
10169|obj3R|ambos,ALCISTA,nr7,1440,True,obj3R,ambos,2746,0.6939599988107593,3,0.5279311169580392,"{'reciente': (1015, np.float64(0.53)), 'val2': (1475, np.float64(0.71)), 'val1': (256, np.float64(1.29))}"
10169|obj3R|short,ALCISTA,nr7,1440,True,obj3R,short,1352,6.93723394714207,3,4.5673012559018895,"{'reciente': (519, np.float64(8.72)), 'val2': (724, np.float64(4.57)), 'val1': (109, np.float64(14.18))}"
10169|obj50pct|short,ALCISTA,nr7,1440,True,obj50pct,short,1352,0.9683725605042848,3,0.47948031746152064,"{'reciente': (519, np.float64(0.48)), 'val2': (724, np.float64(1.04)), 'val1': (109, np.float64(2.83))}"
10169|trail2R|ambos,ALCISTA,nr7,1440,True,trail2R,ambos,2746,0.839217872429083,3,0.11658852668303465,"{'reciente': (1015, np.float64(1.56)), 'val2': (1475, np.float64(0.47)), 'val1': (256, np.float64(0.12))}"
10169|trail2R|short,ALCISTA,nr7,1440,True,trail2R,short,1352,6.494079916320524,3,3.8923988531265707,"{'reciente': (519, np.float64(8.68)), 'val2': (724, np.float64(3.89)), 'val1': (109, np.float64(13.35))}"
10169|trail3R|ambos,ALCISTA,nr7,1440,True,trail3R,ambos,2746,0.6065099202452224,3,0.07931032266855277,"{'reciente': (1015, np.float64(1.46)), 'val2': (1475, np.float64(0.08)), 'val1': (256, np.float64(0.28))}"
10169|trail3R|short,ALCISTA,nr7,1440,True,trail3R,short,1352,5.903045131011184,3,3.4009995305412595,"{'reciente': (519, np.float64(7.96)), 'val2': (724, np.float64(3.4)), 'val1': (109, np.float64(12.71))}"
10178|obj1R|short,ALCISTA,supertrend,240,False,obj1R,short,3644,1.0932678707738608,3,0.6638954378587923,"{'reciente': (1382, np.float64(1.31)), 'val2': (1914, np.float64(0.66)), 'val1': (348, np.float64(2.59))}"
10178|obj2R|short,ALCISTA,supertrend,240,False,obj2R,short,3644,1.8493877381651747,3,1.060049616815251,"{'reciente': (1382, np.float64(2.92)), 'val2': (1914, np.float64(1.06)), 'val1': (348, np.float64(1.95))}"
10178|obj30pct|short,ALCISTA,supertrend,240,False,obj30pct,short,3644,0.619282021081558,3,0.3526506068309389,"{'reciente': (1382, np.float64(0.35)), 'val2': (1914, np.float64(0.67)), 'val1': (348, np.float64(1.39))}"
10178|obj3R_be|short,ALCISTA,supertrend,240,False,obj3R_be,short,3644,2.236402773956804,3,1.1514832866057678,"{'reciente': (1382, np.float64(3.5)), 'val2': (1914, np.float64(1.52)), 'val1': (348, np.float64(1.15))}"
10178|obj3R|short,ALCISTA,supertrend,240,False,obj3R,short,3644,2.2882981831863756,3,1.0785401633688252,"{'reciente': (1382, np.float64(3.6)), 'val2': (1914, np.float64(1.56)), 'val1': (348, np.float64(1.08))}"
10178|obj50pct|short,ALCISTA,supertrend,240,False,obj50pct,short,3644,0.991087522619947,3,0.8209871789927764,"{'reciente': (1382, np.float64(0.82)), 'val2': (1914, np.float64(0.86)), 'val1': (348, np.float64(2.39))}"
10178|trail2R|short,ALCISTA,supertrend,240,False,trail2R,short,3644,2.7941821343567264,3,0.504014394184825,"{'reciente': (1382, np.float64(4.85)), 'val2': (1914, np.float64(1.72)), 'val1': (348, np.float64(0.5))}"
10179|obj1R|short,ALCISTA,supertrend,240,True,obj1R,short,3613,0.6205326366251617,3,0.14631314740237858,"{'reciente': (1406, np.float64(0.69)), 'val2': (1889, np.float64(0.15)), 'val1': (318, np.float64(3.12))}"
10179|obj3R_be|short,ALCISTA,supertrend,240,True,obj3R_be,short,3613,1.1561902092901124,3,0.07363020704732487,"{'reciente': (1406, np.float64(1.71)), 'val2': (1889, np.float64(0.07)), 'val1': (318, np.float64(5.12))}"
10179|obj3R|short,ALCISTA,supertrend,240,True,obj3R,short,3613,1.1769170437181085,3,0.07103575785794113,"{'reciente': (1406, np.float64(1.79)), 'val2': (1889, np.float64(0.07)), 'val1': (318, np.float64(5.03))}"
10179|obj50pct|short,ALCISTA,supertrend,240,True,obj50pct,short,3613,0.5091557155283352,3,0.2500714109164588,"{'reciente': (1406, np.float64(0.25)), 'val2': (1889, np.float64(0.39)), 'val1': (318, np.float64(2.37))}"
10179|trail2R|short,ALCISTA,supertrend,240,True,trail2R,short,3613,1.7728441465810827,3,0.5165508773661267,"{'reciente': (1406, np.float64(2.83)), 'val2': (1889, np.float64(0.52)), 'val1': (318, np.float64(4.55))}"
10179|trail3R|short,ALCISTA,supertrend,240,True,trail3R,short,3613,1.7049432571797558,3,0.4591902620754663,"{'reciente': (1406, np.float64(2.82)), 'val2': (1889, np.float64(0.46)), 'val1': (318, np.float64(4.19))}"
10180|obj1R|short,ALCISTA,supertrend,240,False,obj1R,short,2031,1.236273008702541,3,0.3342303351339981,"{'reciente': (755, np.float64(2.44)), 'val2': (1085, np.float64(0.33)), 'val1': (191, np.float64(1.6))}"
10180|obj2R|short,ALCISTA,supertrend,240,False,obj2R,short,2031,2.421077316042057,3,0.9307398812344054,"{'reciente': (755, np.float64(4.62)), 'val2': (1085, np.float64(0.93)), 'val1': (191, np.float64(2.18))}"
10180|obj30pct|short,ALCISTA,supertrend,240,False,obj30pct,short,2031,0.502646196326202,3,0.16118164809672966,"{'reciente': (755, np.float64(1.06)), 'val2': (1085, np.float64(0.16)), 'val1': (191, np.float64(0.23))}"
10180|obj3R_be|short,ALCISTA,supertrend,240,False,obj3R_be,short,2031,2.6503272363200354,3,0.9186768458046033,"{'reciente': (755, np.float64(5.37)), 'val2': (1085, np.float64(0.92)), 'val1': (191, np.float64(1.75))}"
10180|obj3R|short,ALCISTA,supertrend,240,False,obj3R,short,2031,2.8757362732229987,3,1.0268757929783894,"{'reciente': (755, np.float64(5.69)), 'val2': (1085, np.float64(1.03)), 'val1': (191, np.float64(2.25))}"
10180|obj50pct|short,ALCISTA,supertrend,240,False,obj50pct,short,2031,0.9509771008355656,3,0.44119728806552905,"{'reciente': (755, np.float64(1.7)), 'val2': (1085, np.float64(0.44)), 'val1': (191, np.float64(0.88))}"
10180|trail2R|short,ALCISTA,supertrend,240,False,trail2R,short,2031,3.6643499913611035,3,0.9763170025338762,"{'reciente': (755, np.float64(7.62)), 'val2': (1085, np.float64(1.39)), 'val1': (191, np.float64(0.98))}"
10180|trail3R|short,ALCISTA,supertrend,240,False,trail3R,short,2031,3.2246974612103645,3,0.012626598200395748,"{'reciente': (755, np.float64(7.07)), 'val2': (1085, np.float64(1.11)), 'val1': (191, np.float64(0.01))}"
10181|obj1R|short,ALCISTA,supertrend,240,True,obj1R,short,1920,0.7797908343172705,3,0.461586507341489,"{'reciente': (743, np.float64(0.46)), 'val2': (1034, np.float64(0.82)), 'val1': (143, np.float64(2.14))}"
10181|obj2R|short,ALCISTA,supertrend,240,True,obj2R,short,1920,1.2701132121426515,3,0.6364544338696785,"{'reciente': (743, np.float64(1.87)), 'val2': (1034, np.float64(0.64)), 'val1': (143, np.float64(2.71))}"
10181|obj3R_be|short,ALCISTA,supertrend,240,True,obj3R_be,short,1920,1.6354434703310041,3,0.8324998817216788,"{'reciente': (743, np.float64(2.5)), 'val2': (1034, np.float64(0.83)), 'val1': (143, np.float64(2.94))}"
10181|obj3R|short,ALCISTA,supertrend,240,True,obj3R,short,1920,1.702661270863733,3,0.9656055639349205,"{'reciente': (743, np.float64(2.51)), 'val2': (1034, np.float64(0.97)), 'val1': (143, np.float64(2.84))}"
10181|obj50pct|short,ALCISTA,supertrend,240,True,obj50pct,short,1920,0.6674528596836898,3,0.09624531786283853,"{'reciente': (743, np.float64(0.1)), 'val2': (1034, np.float64(0.92)), 'val1': (143, np.float64(1.83))}"
10181|trail2R|short,ALCISTA,supertrend,240,True,trail2R,short,1920,2.118971393349678,3,1.302656009074936,"{'reciente': (743, np.float64(2.89)), 'val2': (1034, np.float64(1.3)), 'val1': (143, np.float64(4.03))}"
10181|trail3R|short,ALCISTA,supertrend,240,True,trail3R,short,1920,2.0619880040733385,3,1.4656200125482424,"{'reciente': (743, np.float64(2.74)), 'val2': (1034, np.float64(1.47)), 'val1': (143, np.float64(2.88))}"
10182|obj2R|ambos,ALCISTA,supertrend,1440,False,obj2R,ambos,1086,2.131461552702029,3,0.23418381488651935,"{'reciente': (421, np.float64(1.14)), 'val2': (543, np.float64(3.33)), 'val1': (122, np.float64(0.23))}"
10182|obj3R_be|short,ALCISTA,supertrend,1440,False,obj3R_be,short,580,4.362555373236905,3,0.08544105413762076,"{'reciente': (225, np.float64(0.09)), 'val2': (287, np.float64(6.99)), 'val1': (68, np.float64(7.42))}"
10182|obj3R|short,ALCISTA,supertrend,1440,False,obj3R,short,580,4.638431661589817,3,0.5747129297761042,"{'reciente': (225, np.float64(0.57)), 'val2': (287, np.float64(7.23)), 'val1': (68, np.float64(7.13))}"
10183|obj3R_be|short,ALCISTA,supertrend,1440,True,obj3R_be,short,506,4.916083847909984,3,1.3027590544397154,"{'reciente': (196, np.float64(6.27)), 'val2': (256, np.float64(1.3)), 'val1': (54, np.float64(17.13))}"
10183|obj3R|short,ALCISTA,supertrend,1440,True,obj3R,short,506,4.936574317710465,3,0.4033859529282086,"{'reciente': (196, np.float64(7.24)), 'val2': (256, np.float64(0.4)), 'val1': (54, np.float64(18.07))}"
10183|trail2R|short,ALCISTA,supertrend,1440,True,trail2R,short,506,6.231766775938549,3,0.6040513411639479,"{'reciente': (196, np.float64(10.11)), 'val2': (256, np.float64(0.6)), 'val1': (54, np.float64(18.82))}"
10188|obj50pct|short,ALCISTA,adx_retroceso,240,False,obj50pct,short,7065,0.6846910629694464,3,0.416738242021935,"{'reciente': (2487, np.float64(0.74)), 'val2': (3739, np.float64(0.42)), 'val1': (839, np.float64(1.71))}"
10189|obj2R|short,ALCISTA,adx_retroceso,240,True,obj2R,short,4941,0.5391764741641337,3,0.15361712150606738,"{'reciente': (1755, np.float64(0.15)), 'val2': (2725, np.float64(0.29)), 'val1': (461, np.float64(3.47))}"
10189|obj3R_be|short,ALCISTA,adx_retroceso,240,True,obj3R_be,short,4941,0.6568619393789454,3,0.40006443624343874,"{'reciente': (1755, np.float64(0.4)), 'val2': (2725, np.float64(0.41)), 'val1': (461, np.float64(3.08))}"
10189|obj3R|short,ALCISTA,adx_retroceso,240,True,obj3R,short,4941,0.6660954334356021,3,0.33684425093020504,"{'reciente': (1755, np.float64(0.63)), 'val2': (2725, np.float64(0.34)), 'val1': (461, np.float64(2.75))}"
10189|trail2R|short,ALCISTA,adx_retroceso,240,True,trail2R,short,4941,0.9956723093524201,3,0.4806274559739212,"{'reciente': (1755, np.float64(1.44)), 'val2': (2725, np.float64(0.48)), 'val1': (461, np.float64(2.34))}"
10189|trail3R|short,ALCISTA,adx_retroceso,240,True,trail3R,short,4941,0.8802234127623203,3,0.4838169562988649,"{'reciente': (1755, np.float64(1.26)), 'val2': (2725, np.float64(0.48)), 'val1': (461, np.float64(1.76))}"
10191|obj1R|short,ALCISTA,max_n_dias,240,True,obj1R,short,368,1.835300597035787,3,0.6268595366842621,"{'reciente': (117, np.float64(0.63)), 'val2': (194, np.float64(2.41)), 'val1': (57, np.float64(2.35))}"
10191|obj2R|short,ALCISTA,max_n_dias,240,True,obj2R,short,368,1.1363134968048052,3,1.0619433922280386,"{'reciente': (117, np.float64(1.06)), 'val2': (194, np.float64(1.08)), 'val1': (57, np.float64(1.49))}"
10194|obj50pct|ambos,ALCISTA,max_n_dias,1440,False,obj50pct,ambos,685,0.8414359320435931,3,0.19797528468208808,"{'reciente': (267, np.float64(0.27)), 'val2': (349, np.float64(1.41)), 'val1': (69, np.float64(0.2))}"
10249|t72h|ambos,ALCISTA,dia_semana,60,True,t72h,ambos,4230,0.930604574076901,3,0.6376190215495139,"{'reciente': (1535, np.float64(0.64)), 'val2': (2313, np.float64(0.99)), 'val1': (382, np.float64(1.74))}"
10249|t72h|short,ALCISTA,dia_semana,60,True,t72h,short,4230,0.930604574076901,3,0.6376190215495139,"{'reciente': (1535, np.float64(0.64)), 'val2': (2313, np.float64(0.99)), 'val1': (382, np.float64(1.74))}"
10251|t48h|ambos,ALCISTA,dia_semana,60,True,t48h,ambos,4227,0.847583250719606,3,0.6489826281278992,"{'reciente': (1533, np.float64(1.17)), 'val2': (2312, np.float64(0.65)), 'val1': (382, np.float64(0.74))}"
10251|t48h|short,ALCISTA,dia_semana,60,True,t48h,short,4227,0.847583250719606,3,0.6489826281278992,"{'reciente': (1533, np.float64(1.17)), 'val2': (2312, np.float64(0.65)), 'val1': (382, np.float64(0.74))}"
10251|t72h|ambos,ALCISTA,dia_semana,60,True,t72h,ambos,4227,1.048465510663796,3,0.7661139773775285,"{'reciente': (1533, np.float64(1.21)), 'val2': (2312, np.float64(0.77)), 'val1': (382, np.float64(2.09))}"
10251|t72h|short,ALCISTA,dia_semana,60,True,t72h,short,4227,1.048465510663796,3,0.7661139773775285,"{'reciente': (1533, np.float64(1.21)), 'val2': (2312, np.float64(0.77)), 'val1': (382, np.float64(2.09))}"
10253|t48h|ambos,ALCISTA,dia_semana,60,True,t48h,ambos,4175,1.5968960880696976,3,0.5699029430146595,"{'reciente': (1524, np.float64(3.19)), 'val2': (2268, np.float64(0.57)), 'val1': (383, np.float64(1.34))}"
10253|t48h|short,ALCISTA,dia_semana,60,True,t48h,short,4175,1.5968960880696976,3,0.5699029430146595,"{'reciente': (1524, np.float64(3.19)), 'val2': (2268, np.float64(0.57)), 'val1': (383, np.float64(1.34))}"
10253|t72h|ambos,ALCISTA,dia_semana,60,True,t72h,ambos,4175,1.6265133341247315,3,0.1709697669709909,"{'reciente': (1524, np.float64(3.38)), 'val2': (2268, np.float64(0.69)), 'val1': (383, np.float64(0.17))}"
10253|t72h|short,ALCISTA,dia_semana,60,True,t72h,short,4175,1.6265133341247315,3,0.1709697669709909,"{'reciente': (1524, np.float64(3.38)), 'val2': (2268, np.float64(0.69)), 'val1': (383, np.float64(0.17))}"
14|trail2R|short,ALCISTA,ema_cross,60,False,trail2R,short,16070,0.5555157454142754,3,0.1504433308735447,"{'reciente': (5695, np.float64(1.04)), 'val2': (8936, np.float64(0.15)), 'val1': (1439, np.float64(1.16))}"
14|trail3R|short,ALCISTA,ema_cross,60,False,trail3R,short,16070,0.6061305444190161,3,0.15034841673923116,"{'reciente': (5695, np.float64(1.19)), 'val2': (8936, np.float64(0.15)), 'val1': (1439, np.float64(1.13))}"
16|obj2R|short,ALCISTA,ema_cross,60,False,obj2R,short,6837,0.5335744343972767,3,0.18114772609092075,"{'reciente': (2451, np.float64(0.72)), 'val2': (3730, np.float64(0.18)), 'val1': (656, np.float64(1.83))}"
16|obj3R_be|short,ALCISTA,ema_cross,60,False,obj3R_be,short,6837,0.559214671112111,3,0.15153540231551346,"{'reciente': (2451, np.float64(0.8)), 'val2': (3730, np.float64(0.15)), 'val1': (656, np.float64(1.96))}"
16|obj3R|short,ALCISTA,ema_cross,60,False,obj3R,short,6837,0.6253322604309919,3,0.15242994922052353,"{'reciente': (2451, np.float64(0.99)), 'val2': (3730, np.float64(0.15)), 'val1': (656, np.float64(1.95))}"
16|obj50pct|short,ALCISTA,ema_cross,60,False,obj50pct,short,6837,0.6610969337014976,3,0.42038387824879425,"{'reciente': (2451, np.float64(0.69)), 'val2': (3730, np.float64(0.42)), 'val1': (656, np.float64(1.91))}"
16|trail2R|short,ALCISTA,ema_cross,60,False,trail2R,short,6837,0.8553411323544315,3,0.22220219871385732,"{'reciente': (2451, np.float64(1.45)), 'val2': (3730, np.float64(0.22)), 'val1': (656, np.float64(2.22))}"
16|trail3R|short,ALCISTA,ema_cross,60,False,trail3R,short,6837,0.9852342219889242,3,0.20264813860366843,"{'reciente': (2451, np.float64(1.9)), 'val2': (3730, np.float64(0.2)), 'val1': (656, np.float64(2.03))}"
20010|t168h|ambos,ALCISTA,transv_momentum,60,False,t168h,ambos,1027,1.1865290391458163,3,0.7483808903808346,"{'reciente': (390, np.float64(1.66)), 'val2': (547, np.float64(0.75)), 'val1': (90, np.float64(1.8))}"
20011|t168h|short,ALCISTA,transv_reversion,60,True,t168h,short,514,1.4821428522168594,3,0.49472548554518786,"{'reciente': (195, np.float64(0.97)), 'val2': (274, np.float64(2.01)), 'val1': (45, np.float64(0.49))}"
20020|t168h|long,ALCISTA,transv_momentum,60,False,t168h,long,315,2.809825243960413,3,0.11238360029693069,"{'reciente': (117, np.float64(0.11)), 'val2': (171, np.float64(2.93)), 'val1': (27, np.float64(13.72))}"
20022|t168h|ambos,ALCISTA,transv_momentum,60,False,t168h,ambos,1048,1.7442843637357617,3,1.1894057924804924,"{'reciente': (390, np.float64(2.04)), 'val2': (568, np.float64(1.19)), 'val1': (90, np.float64(3.96))}"
20022|t168h|long,ALCISTA,transv_momentum,60,False,t168h,long,525,2.505785478828384,3,1.0366398052166792,"{'reciente': (195, np.float64(3.81)), 'val2': (285, np.float64(1.04)), 'val1': (45, np.float64(6.15))}"
20022|t168h|short,ALCISTA,transv_momentum,60,False,t168h,short,523,0.9798711984898221,3,0.2721859805731956,"{'reciente': (195, np.float64(0.27)), 'val2': (283, np.float64(1.34)), 'val1': (45, np.float64(1.76))}"
20032|t168h|ambos,ALCISTA,transv_momentum,60,False,t168h,ambos,622,2.1287808002084683,3,0.35909454814248426,"{'reciente': (233, np.float64(4.08)), 'val2': (335, np.float64(0.36)), 'val1': (54, np.float64(4.69))}"
20032|t168h|long,ALCISTA,transv_momentum,60,False,t168h,long,311,4.434511851336771,3,1.2130473828917492,"{'reciente': (116, np.float64(9.02)), 'val2': (168, np.float64(1.21)), 'val1': (27, np.float64(4.78))}"
20|trail2R|short,ALCISTA,donchian,60,False,trail2R,short,31106,0.737775157384291,3,0.22942857791585977,"{'reciente': (13588, np.float64(1.34)), 'val2': (14601, np.float64(0.23)), 'val1': (2917, np.float64(0.47))}"
20|trail3R|short,ALCISTA,donchian,60,False,trail3R,short,31106,0.8207892875289134,3,0.07485013280305189,"{'reciente': (13588, np.float64(1.68)), 'val2': (14601, np.float64(0.17)), 'val1': (2917, np.float64(0.07))}"
22|trail2R|short,ALCISTA,donchian,60,False,trail2R,short,16747,0.9471445444089907,3,0.1715053572630894,"{'reciente': (8127, np.float64(1.58)), 'val2': (7320, np.float64(0.17)), 'val1': (1300, np.float64(1.34))}"
22|trail3R|short,ALCISTA,donchian,60,False,trail3R,short,16747,1.0810794088761377,3,0.0021060284147828927,"{'reciente': (8127, np.float64(2.07)), 'val2': (7320, np.float64(0.0)), 'val1': (1300, np.float64(0.96))}"
28|obj1R|short,ALCISTA,ema_cross,240,False,obj1R,short,3942,1.328743915681948,3,0.7110482808075697,"{'reciente': (1457, np.float64(1.42)), 'val2': (2096, np.float64(1.38)), 'val1': (389, np.float64(0.71))}"
28|obj2R|short,ALCISTA,ema_cross,240,False,obj2R,short,3942,1.9493398971218094,3,1.4379695691895473,"{'reciente': (1457, np.float64(2.57)), 'val2': (2096, np.float64(1.44)), 'val1': (389, np.float64(2.36))}"
28|obj30pct|short,ALCISTA,ema_cross,240,False,obj30pct,short,3942,0.6831898295414861,3,0.41641302088113513,"{'reciente': (1457, np.float64(0.42)), 'val2': (2096, np.float64(0.83)), 'val1': (389, np.float64(0.9))}"
28|obj3R_be|short,ALCISTA,ema_cross,240,False,obj3R_be,short,3942,2.066141493878744,3,1.5238688740861523,"{'reciente': (1457, np.float64(2.91)), 'val2': (2096, np.float64(1.52)), 'val1': (389, np.float64(1.82))}"
28|obj3R|short,ALCISTA,ema_cross,240,False,obj3R,short,3942,2.141998085509857,3,1.5858085898518246,"{'reciente': (1457, np.float64(2.94)), 'val2': (2096, np.float64(1.59)), 'val1': (389, np.float64(2.15))}"
28|obj50pct|short,ALCISTA,ema_cross,240,False,obj50pct,short,3942,1.041958429373253,3,0.4428594125341585,"{'reciente': (1457, np.float64(1.02)), 'val2': (2096, np.float64(1.17)), 'val1': (389, np.float64(0.44))}"
28|trail2R|short,ALCISTA,ema_cross,240,False,trail2R,short,3942,2.6137407345212815,3,0.49943072232068714,"{'reciente': (1457, np.float64(4.29)), 'val2': (2096, np.float64(1.84)), 'val1': (389, np.float64(0.5))}"
28|trail3R|short,ALCISTA,ema_cross,240,False,trail3R,short,3942,2.435205690976816,3,0.5325774622501094,"{'reciente': (1457, np.float64(3.86)), 'val2': (2096, np.float64(1.8)), 'val1': (389, np.float64(0.53))}"
29|obj3R_be|short,ALCISTA,ema_cross,240,True,obj3R_be,short,3816,1.526416583817308,3,0.23783307461949993,"{'reciente': (1451, np.float64(2.45)), 'val2': (2012, np.float64(0.24)), 'val1': (353, np.float64(5.08))}"
29|obj3R|short,ALCISTA,ema_cross,240,True,obj3R,short,3816,1.4341217347009558,3,0.15765984597944996,"{'reciente': (1451, np.float64(2.4)), 'val2': (2012, np.float64(0.16)), 'val1': (353, np.float64(4.74))}"
29|trail2R|short,ALCISTA,ema_cross,240,True,trail2R,short,3816,1.7822512757096107,3,0.45237995388841895,"{'reciente': (1451, np.float64(3.06)), 'val2': (2012, np.float64(0.45)), 'val1': (353, np.float64(4.1))}"
29|trail3R|short,ALCISTA,ema_cross,240,True,trail3R,short,3816,1.5541695691311141,3,0.23809540464488996,"{'reciente': (1451, np.float64(2.95)), 'val2': (2012, np.float64(0.24)), 'val1': (353, np.float64(3.31))}"
30|obj1R|short,ALCISTA,ema_cross,240,False,obj1R,short,1783,1.5754986065759726,3,0.875281085690401,"{'reciente': (618, np.float64(2.29)), 'val2': (1005, np.float64(1.25)), 'val1': (160, np.float64(0.88))}"
30|obj2R|short,ALCISTA,ema_cross,240,False,obj2R,short,1783,2.404772754904349,3,1.206931820138045,"{'reciente': (618, np.float64(3.91)), 'val2': (1005, np.float64(1.67)), 'val1': (160, np.float64(1.21))}"
30|obj3R_be|short,ALCISTA,ema_cross,240,False,obj3R_be,short,1783,2.2098935962043287,3,0.19635289765599312,"{'reciente': (618, np.float64(3.56)), 'val2': (1005, np.float64(1.7)), 'val1': (160, np.float64(0.2))}"
30|obj3R|short,ALCISTA,ema_cross,240,False,obj3R,short,1783,2.3614661721992487,3,0.47699271805741417,"{'reciente': (618, np.float64(3.95)), 'val2': (1005, np.float64(1.69)), 'val1': (160, np.float64(0.48))}"
31|obj2R|short,ALCISTA,ema_cross,240,True,obj2R,short,1645,1.8448741185735036,3,0.19676689900244576,"{'reciente': (591, np.float64(2.77)), 'val2': (944, np.float64(1.46)), 'val1': (110, np.float64(0.2))}"
31|obj3R_be|short,ALCISTA,ema_cross,240,True,obj3R_be,short,1645,2.2737079360929546,3,0.4946660980510529,"{'reciente': (591, np.float64(3.31)), 'val2': (944, np.float64(1.83)), 'val1': (110, np.float64(0.49))}"
31|obj3R|short,ALCISTA,ema_cross,240,True,obj3R,short,1645,2.3752130100008895,3,1.1409936461316061,"{'reciente': (591, np.float64(3.53)), 'val2': (944, np.float64(1.8)), 'val1': (110, np.float64(1.14))}"
31|trail2R|short,ALCISTA,ema_cross,240,True,trail2R,short,1645,2.7807574565482875,3,0.17924492154965102,"{'reciente': (591, np.float64(3.93)), 'val2': (944, np.float64(2.36)), 'val1': (110, np.float64(0.18))}"
31|trail3R|short,ALCISTA,ema_cross,240,True,trail3R,short,1645,3.2449938097235638,3,0.03955704183413974,"{'reciente': (591, np.float64(4.86)), 'val2': (944, np.float64(2.61)), 'val1': (110, np.float64(0.04))}"
34|obj3R|short,ALCISTA,donchian,240,False,obj3R,short,8006,0.9383772882019201,3,0.07980602044414542,"{'reciente': (3557, np.float64(1.77)), 'val2': (3803, np.float64(0.31)), 'val1': (646, np.float64(0.08))}"
35|obj1R|short,ALCISTA,donchian,240,True,obj1R,short,7409,0.6623775874851658,3,0.1866048220302564,"{'reciente': (2782, np.float64(0.19)), 'val2': (4026, np.float64(0.92)), 'val1': (601, np.float64(1.13))}"
35|obj2R|short,ALCISTA,donchian,240,True,obj2R,short,7409,1.3137931802451792,3,0.9972766424735455,"{'reciente': (2782, np.float64(1.36)), 'val2': (4026, np.float64(1.0)), 'val1': (601, np.float64(3.2))}"
35|obj3R_be|short,ALCISTA,donchian,240,True,obj3R_be,short,7409,1.6226896084801146,3,0.9113711512844462,"{'reciente': (2782, np.float64(2.41)), 'val2': (4026, np.float64(0.91)), 'val1': (601, np.float64(2.76))}"
35|obj3R|short,ALCISTA,donchian,240,True,obj3R,short,7409,1.5889940125718407,3,0.8692791521268193,"{'reciente': (2782, np.float64(2.39)), 'val2': (4026, np.float64(0.87)), 'val1': (601, np.float64(2.71))}"
35|trail2R|short,ALCISTA,donchian,240,True,trail2R,short,7409,1.7012206670350518,3,1.0079995209875114,"{'reciente': (2782, np.float64(2.6)), 'val2': (4026, np.float64(1.01)), 'val1': (601, np.float64(2.21))}"
35|trail3R|short,ALCISTA,donchian,240,True,trail3R,short,7409,1.6813027794686395,3,1.0531075605402251,"{'reciente': (2782, np.float64(2.66)), 'val2': (4026, np.float64(1.05)), 'val1': (601, np.float64(1.34))}"
37|obj1R|short,ALCISTA,donchian,240,True,obj1R,short,3631,0.7309052330166211,3,0.11566426388725065,"{'reciente': (1326, np.float64(0.12)), 'val2': (1936, np.float64(1.19)), 'val1': (369, np.float64(0.51))}"
37|obj2R|short,ALCISTA,donchian,240,True,obj2R,short,3631,1.2970200616019891,3,0.9138395128949337,"{'reciente': (1326, np.float64(0.91)), 'val2': (1936, np.float64(1.32)), 'val1': (369, np.float64(2.54))}"
37|obj3R_be|short,ALCISTA,donchian,240,True,obj3R_be,short,3631,1.2649763795317466,3,0.9662522394078522,"{'reciente': (1326, np.float64(1.63)), 'val2': (1936, np.float64(0.97)), 'val1': (369, np.float64(1.53))}"
37|obj3R|short,ALCISTA,donchian,240,True,obj3R,short,3631,1.2034901065472376,3,0.9138947458407771,"{'reciente': (1326, np.float64(1.51)), 'val2': (1936, np.float64(0.91)), 'val1': (369, np.float64(1.61))}"
37|trail2R|short,ALCISTA,donchian,240,True,trail2R,short,3631,1.1325158009770566,3,0.5327295066844346,"{'reciente': (1326, np.float64(1.75)), 'val2': (1936, np.float64(0.82)), 'val1': (369, np.float64(0.53))}"
38|obj1R|short,ALCISTA,rsi2,240,False,obj1R,short,4386,1.1524078353176586,3,0.8285444153845487,"{'reciente': (1827, np.float64(0.83)), 'val2': (2253, np.float64(1.01)), 'val1': (306, np.float64(4.14))}"
38|obj2R|short,ALCISTA,rsi2,240,False,obj2R,short,4386,1.3862476521144924,3,0.9822609465899605,"{'reciente': (1827, np.float64(1.47)), 'val2': (2253, np.float64(0.98)), 'val1': (306, np.float64(3.85))}"
38|obj30pct|short,ALCISTA,rsi2,240,False,obj30pct,short,4386,0.5527342742534156,3,0.03923460081034893,"{'reciente': (1827, np.float64(0.04)), 'val2': (2253, np.float64(0.7)), 'val1': (306, np.float64(2.54))}"
38|obj3R_be|short,ALCISTA,rsi2,240,False,obj3R_be,short,4386,2.083736959174976,3,1.1832408862417112,"{'reciente': (1827, np.float64(2.52)), 'val2': (2253, np.float64(1.18)), 'val1': (306, np.float64(6.13))}"
38|obj3R|short,ALCISTA,rsi2,240,False,obj3R,short,4386,2.077807092284079,3,1.2194408458917738,"{'reciente': (1827, np.float64(2.62)), 'val2': (2253, np.float64(1.22)), 'val1': (306, np.float64(5.13))}"
38|obj50pct|short,ALCISTA,rsi2,240,False,obj50pct,short,4386,0.9550289968016501,3,0.29006408631649533,"{'reciente': (1827, np.float64(0.29)), 'val2': (2253, np.float64(1.16)), 'val1': (306, np.float64(3.45))}"
38|trail2R|ambos,ALCISTA,rsi2,240,False,trail2R,ambos,7163,0.7134840320961113,3,0.604582794534294,"{'reciente': (2751, np.float64(0.74)), 'val2': (3780, np.float64(0.6)), 'val1': (632, np.float64(1.27))}"
38|trail2R|short,ALCISTA,rsi2,240,False,trail2R,short,4386,2.830494920262218,3,1.7660739935137868,"{'reciente': (1827, np.float64(3.58)), 'val2': (2253, np.float64(1.77)), 'val1': (306, np.float64(6.18))}"
38|trail3R|ambos,ALCISTA,rsi2,240,False,trail3R,ambos,7163,0.5980487759559557,3,0.15207205986056557,"{'reciente': (2751, np.float64(0.75)), 'val2': (3780, np.float64(0.57)), 'val1': (632, np.float64(0.15))}"
38|trail3R|short,ALCISTA,rsi2,240,False,trail3R,short,4386,2.881564428082975,3,1.7151732220960652,"{'reciente': (1827, np.float64(4.01)), 'val2': (2253, np.float64(1.72)), 'val1': (306, np.float64(4.71))}"
39|obj1R|short,ALCISTA,rsi2,240,True,obj1R,short,2777,1.0075351984473397,3,0.1612661638174024,"{'reciente': (924, np.float64(2.67)), 'val2': (1527, np.float64(0.16)), 'val1': (326, np.float64(0.26))}"
39|obj2R|short,ALCISTA,rsi2,240,True,obj2R,short,2777,1.3483403421895954,3,0.3453836685574889,"{'reciente': (924, np.float64(2.99)), 'val2': (1527, np.float64(0.35)), 'val1': (326, np.float64(1.41))}"
39|obj3R|short,ALCISTA,rsi2,240,True,obj3R,short,2777,1.1944824090750221,3,0.19460731571907722,"{'reciente': (924, np.float64(3.11)), 'val2': (1527, np.float64(0.19)), 'val1': (326, np.float64(0.46))}"
40|obj1R|short,ALCISTA,rsi2,240,False,obj1R,short,9431,1.252744721553465,3,0.9726014922645193,"{'reciente': (3874, np.float64(0.97)), 'val2': (4840, np.float64(1.06)), 'val1': (717, np.float64(4.04))}"
40|obj2R|short,ALCISTA,rsi2,240,False,obj2R,short,9431,1.4577184192188057,3,0.688373637747637,"{'reciente': (3874, np.float64(2.01)), 'val2': (4840, np.float64(0.69)), 'val1': (717, np.float64(3.66))}"
40|obj30pct|short,ALCISTA,rsi2,240,False,obj30pct,short,9431,0.5538966077262903,3,0.25227070422709924,"{'reciente': (3874, np.float64(0.25)), 'val2': (4840, np.float64(0.63)), 'val1': (717, np.float64(1.69))}"
40|obj3R_be|short,ALCISTA,rsi2,240,False,obj3R_be,short,9431,2.0378536757954255,3,0.8657296803412201,"{'reciente': (3874, np.float64(2.88)), 'val2': (4840, np.float64(0.87)), 'val1': (717, np.float64(5.41))}"
40|obj3R|short,ALCISTA,rsi2,240,False,obj3R,short,9431,2.0626120002461867,3,0.9681004218832852,"{'reciente': (3874, np.float64(2.96)), 'val2': (4840, np.float64(0.97)), 'val1': (717, np.float64(4.63))}"
40|obj50pct|short,ALCISTA,rsi2,240,False,obj50pct,short,9431,1.0817255880921677,3,0.6457013050636131,"{'reciente': (3874, np.float64(0.65)), 'val2': (4840, np.float64(1.16)), 'val1': (717, np.float64(2.9))}"
40|trail2R|ambos,ALCISTA,rsi2,240,False,trail2R,ambos,15386,0.7777346564305236,3,0.3878554427046558,"{'reciente': (5785, np.float64(1.23)), 'val2': (8189, np.float64(0.39)), 'val1': (1412, np.float64(1.19))}"
40|trail2R|short,ALCISTA,rsi2,240,False,trail2R,short,9431,2.695656295414343,3,1.3390152721727826,"{'reciente': (3874, np.float64(3.8)), 'val2': (4840, np.float64(1.34)), 'val1': (717, np.float64(5.87))}"
40|trail3R|ambos,ALCISTA,rsi2,240,False,trail3R,ambos,15386,0.7073134197219706,3,0.26980386677713597,"{'reciente': (5785, np.float64(1.2)), 'val2': (8189, np.float64(0.44)), 'val1': (1412, np.float64(0.27))}"
40|trail3R|short,ALCISTA,rsi2,240,False,trail3R,short,9431,2.664621386062283,3,1.3459960133246935,"{'reciente': (3874, np.float64(3.98)), 'val2': (4840, np.float64(1.35)), 'val1': (717, np.float64(4.44))}"
41|obj1R|short,ALCISTA,rsi2,240,True,obj1R,short,5955,0.873917996309267,3,0.1625785009598637,"{'reciente': (1911, np.float64(2.08)), 'val2': (3349, np.float64(0.16)), 'val1': (695, np.float64(0.98))}"
41|obj2R|short,ALCISTA,rsi2,240,True,obj2R,short,5955,1.3901302775414026,3,0.3262169755619268,"{'reciente': (1911, np.float64(2.95)), 'val2': (3349, np.float64(0.33)), 'val1': (695, np.float64(2.21))}"
41|obj3R_be|short,ALCISTA,rsi2,240,True,obj3R_be,short,5955,1.2221242289421828,3,0.3559552526157942,"{'reciente': (1911, np.float64(3.0)), 'val2': (3349, np.float64(0.36)), 'val1': (695, np.float64(0.51))}"
41|obj3R|short,ALCISTA,rsi2,240,True,obj3R,short,5955,1.215765112989375,3,0.2103152269275445,"{'reciente': (1911, np.float64(3.03)), 'val2': (3349, np.float64(0.21)), 'val1': (695, np.float64(1.07))}"
41|obj50pct|short,ALCISTA,rsi2,240,True,obj50pct,short,5955,0.6628648865384114,3,0.2109777987567717,"{'reciente': (1911, np.float64(1.5)), 'val2': (3349, np.float64(0.21)), 'val1': (695, np.float64(0.54))}"
42|obj1R|ambos,ALCISTA,ema_cross,1440,False,obj1R,ambos,1371,1.1589573699987166,3,0.3166030662781997,"{'reciente': (491, np.float64(0.32)), 'val2': (769, np.float64(1.81)), 'val1': (111, np.float64(0.35))}"
42|obj1R|short,ALCISTA,ema_cross,1440,False,obj1R,short,741,3.361920833990966,3,2.399194714505061,"{'reciente': (272, np.float64(2.4)), 'val2': (402, np.float64(3.9)), 'val1': (67, np.float64(4.03))}"
42|obj2R|ambos,ALCISTA,ema_cross,1440,False,obj2R,ambos,1371,1.6627935410196466,3,0.24062224047677405,"{'reciente': (491, np.float64(0.24)), 'val2': (769, np.float64(2.28)), 'val1': (111, np.float64(3.71))}"
42|obj2R|short,ALCISTA,ema_cross,1440,False,obj2R,short,741,3.917826502172222,3,0.1054919890923331,"{'reciente': (272, np.float64(0.11)), 'val2': (402, np.float64(5.12)), 'val1': (67, np.float64(12.19))}"
42|obj3R_be|ambos,ALCISTA,ema_cross,1440,False,obj3R_be,ambos,1371,1.4604973666210372,3,1.3584278383851571,"{'reciente': (491, np.float64(1.36)), 'val2': (769, np.float64(1.36)), 'val1': (111, np.float64(2.6))}"
42|obj3R_be|short,ALCISTA,ema_cross,1440,False,obj3R_be,short,741,3.362131631200659,3,0.8251578203840708,"{'reciente': (272, np.float64(0.83)), 'val2': (402, np.float64(3.75)), 'val1': (67, np.float64(11.35))}"
42|obj3R|ambos,ALCISTA,ema_cross,1440,False,obj3R,ambos,1371,2.095851275518617,3,1.4897333396403245,"{'reciente': (491, np.float64(1.49)), 'val2': (769, np.float64(2.37)), 'val1': (111, np.float64(2.88))}"
42|obj3R|short,ALCISTA,ema_cross,1440,False,obj3R,short,741,3.71053888830929,3,0.8881493479025812,"{'reciente': (272, np.float64(0.89)), 'val2': (402, np.float64(4.29)), 'val1': (67, np.float64(11.69))}"
42|trail2R|ambos,ALCISTA,ema_cross,1440,False,trail2R,ambos,1371,1.582989116687095,3,1.4050585646982126,"{'reciente': (491, np.float64(1.6)), 'val2': (769, np.float64(1.6)), 'val1': (111, np.float64(1.41))}"
42|trail2R|short,ALCISTA,ema_cross,1440,False,trail2R,short,741,3.5503062501486444,3,1.368331038510941,"{'reciente': (272, np.float64(1.37)), 'val2': (402, np.float64(4.09)), 'val1': (67, np.float64(9.17))}"
42|trail3R|ambos,ALCISTA,ema_cross,1440,False,trail3R,ambos,1371,2.1556189944149287,3,1.1838525393659343,"{'reciente': (491, np.float64(1.18)), 'val2': (769, np.float64(2.76)), 'val1': (111, np.float64(2.24))}"
43|obj2R|short,ALCISTA,ema_cross,1440,True,obj2R,short,630,2.71409258759443,3,0.12778072064509124,"{'reciente': (219, np.float64(5.42)), 'val2': (367, np.float64(0.13)), 'val1': (44, np.float64(10.81))}"
43|obj3R_be|short,ALCISTA,ema_cross,1440,True,obj3R_be,short,630,3.7191899348283144,3,1.1500945439100771,"{'reciente': (219, np.float64(6.22)), 'val2': (367, np.float64(1.15)), 'val1': (44, np.float64(12.68))}"
43|obj3R|short,ALCISTA,ema_cross,1440,True,obj3R,short,630,3.76061541852037,3,0.8619090602997054,"{'reciente': (219, np.float64(6.26)), 'val2': (367, np.float64(0.86)), 'val1': (44, np.float64(15.48))}"
43|trail2R|short,ALCISTA,ema_cross,1440,True,trail2R,short,630,4.428307456196698,3,0.7007100736051334,"{'reciente': (219, np.float64(8.76)), 'val2': (367, np.float64(0.7)), 'val1': (44, np.float64(13.97))}"
43|trail3R|short,ALCISTA,ema_cross,1440,True,trail3R,short,630,3.733098157954573,3,0.5826496118068596,"{'reciente': (219, np.float64(6.61)), 'val2': (367, np.float64(0.58)), 'val1': (44, np.float64(15.69))}"
44|obj1R|ambos,ALCISTA,ema_cross,1440,False,obj1R,ambos,550,1.0325718736540124,3,0.3721596100855514,"{'reciente': (216, np.float64(0.85)), 'val2': (285, np.float64(0.37)), 'val1': (49, np.float64(5.68))}"
44|obj1R|short,ALCISTA,ema_cross,1440,False,obj1R,short,354,1.5453423663684718,3,0.32837669787060597,"{'reciente': (140, np.float64(0.33)), 'val2': (177, np.float64(1.08)), 'val1': (37, np.float64(8.37))}"
44|obj2R|ambos,ALCISTA,ema_cross,1440,False,obj2R,ambos,550,1.1522502981860754,3,0.032174783151324736,"{'reciente': (216, np.float64(0.03)), 'val2': (285, np.float64(0.98)), 'val1': (49, np.float64(7.11))}"
44|obj2R|short,ALCISTA,ema_cross,1440,False,obj2R,short,354,2.362912077900063,3,0.8918920840179002,"{'reciente': (140, np.float64(0.89)), 'val2': (177, np.float64(1.22)), 'val1': (37, np.float64(13.42))}"
44|obj3R_be|ambos,ALCISTA,ema_cross,1440,False,obj3R_be,ambos,550,1.2530246232537925,3,0.930414587184038,"{'reciente': (216, np.float64(0.93)), 'val2': (285, np.float64(1.2)), 'val1': (49, np.float64(2.96))}"
44|obj3R|ambos,ALCISTA,ema_cross,1440,False,obj3R,ambos,550,1.9681445805797566,3,1.4415612606486983,"{'reciente': (216, np.float64(2.44)), 'val2': (285, np.float64(1.44)), 'val1': (49, np.float64(2.96))}"
44|trail2R|ambos,ALCISTA,ema_cross,1440,False,trail2R,ambos,550,1.4214414453023405,3,0.46096573483997255,"{'reciente': (216, np.float64(0.46)), 'val2': (285, np.float64(2.31)), 'val1': (49, np.float64(0.48))}"
50|obj10pct|long,ALCISTA,donchian,1440,False,obj10pct,long,462,0.5839309788928756,3,0.456368317929393,"{'reciente': (137, np.float64(0.78)), 'val2': (244, np.float64(0.46)), 'val1': (81, np.float64(0.64))}"
50|obj20pct|long,ALCISTA,donchian,1440,False,obj20pct,long,462,0.5454662713702908,3,0.026294781326371742,"{'reciente': (137, np.float64(1.34)), 'val2': (244, np.float64(0.03)), 'val1': (81, np.float64(0.76))}"
50|obj30pct|long,ALCISTA,donchian,1440,False,obj30pct,long,462,0.6225931733378607,3,0.011340768460828541,"{'reciente': (137, np.float64(1.72)), 'val2': (244, np.float64(0.01)), 'val1': (81, np.float64(0.61))}"
52|obj2R|short,ALCISTA,rsi2,1440,False,obj2R,short,424,4.7753595913169455,3,2.071931805063828,"{'reciente': (202, np.float64(2.07)), 'val2': (193, np.float64(4.55)), 'val1': (29, np.float64(25.13))}"
52|trail2R|short,ALCISTA,rsi2,1440,False,trail2R,short,424,7.168910181332869,3,3.730177892579947,"{'reciente': (202, np.float64(3.73)), 'val2': (193, np.float64(7.45)), 'val1': (29, np.float64(29.23))}"
52|trail3R|short,ALCISTA,rsi2,1440,False,trail3R,short,424,5.590760658552837,3,1.0662930987345773,"{'reciente': (202, np.float64(1.07)), 'val2': (193, np.float64(6.88)), 'val1': (29, np.float64(28.55))}"
53|obj20pct|ambos,ALCISTA,rsi2,1440,True,obj20pct,ambos,950,0.5262216208324142,3,0.12723289063182788,"{'reciente': (378, np.float64(0.13)), 'val2': (477, np.float64(0.75)), 'val1': (95, np.float64(0.99))}"
53|obj20pct|short,ALCISTA,rsi2,1440,True,obj20pct,short,526,0.7616999638938696,3,0.4997863676554649,"{'reciente': (176, np.float64(0.5)), 'val2': (284, np.float64(0.81)), 'val1': (66, np.float64(1.24))}"
53|obj30pct|ambos,ALCISTA,rsi2,1440,True,obj30pct,ambos,950,0.6216011431756836,3,0.46071867331222943,"{'reciente': (378, np.float64(0.46)), 'val2': (477, np.float64(0.76)), 'val1': (95, np.float64(0.58))}"
53|obj30pct|short,ALCISTA,rsi2,1440,True,obj30pct,short,526,1.0406838133934888,3,0.6687534165106422,"{'reciente': (176, np.float64(1.19)), 'val2': (284, np.float64(1.03)), 'val1': (66, np.float64(0.67))}"
53|obj50pct|short,ALCISTA,rsi2,1440,True,obj50pct,short,526,0.8148185993336623,3,0.0142264828754695,"{'reciente': (176, np.float64(1.96)), 'val2': (284, np.float64(0.01)), 'val1': (66, np.float64(1.2))}"
54|obj1R|short,ALCISTA,rsi2,1440,False,obj1R,short,858,3.218337419747388,3,2.5063739249316983,"{'reciente': (395, np.float64(2.51)), 'val2': (404, np.float64(2.61)), 'val1': (59, np.float64(12.14))}"
54|obj2R|short,ALCISTA,rsi2,1440,False,obj2R,short,858,6.441842168193791,3,4.269673517748314,"{'reciente': (395, np.float64(6.28)), 'val2': (404, np.float64(4.27)), 'val1': (59, np.float64(22.41))}"
54|obj3R_be|short,ALCISTA,rsi2,1440,False,obj3R_be,short,858,7.274687139451642,3,4.568450751993853,"{'reciente': (395, np.float64(4.57)), 'val2': (404, np.float64(7.12)), 'val1': (59, np.float64(26.48))}"
54|obj3R|short,ALCISTA,rsi2,1440,False,obj3R,short,858,6.970254619478296,3,4.0997327564302894,"{'reciente': (395, np.float64(4.1)), 'val2': (404, np.float64(6.91)), 'val1': (59, np.float64(26.58))}"
54|trail2R|short,ALCISTA,rsi2,1440,False,trail2R,short,858,7.762491963666341,3,5.654768242447638,"{'reciente': (395, np.float64(7.17)), 'val2': (404, np.float64(5.65)), 'val1': (59, np.float64(26.16))}"
54|trail3R|short,ALCISTA,rsi2,1440,False,trail3R,short,858,6.341445363482472,3,4.776000114448642,"{'reciente': (395, np.float64(4.78)), 'val2': (404, np.float64(4.98)), 'val1': (59, np.float64(26.12))}"
55|obj20pct|short,ALCISTA,rsi2,1440,True,obj20pct,short,1174,0.7848430920188797,3,0.6635164254651598,"{'reciente': (346, np.float64(0.67)), 'val2': (683, np.float64(0.87)), 'val1': (145, np.float64(0.66))}"
55|obj30pct|short,ALCISTA,rsi2,1440,True,obj30pct,short,1174,1.169351329350465,3,0.7940864773390625,"{'reciente': (346, np.float64(1.15)), 'val2': (683, np.float64(1.26)), 'val1': (145, np.float64(0.79))}"
55|obj50pct|short,ALCISTA,rsi2,1440,True,obj50pct,short,1174,1.162190260184592,3,0.8724747328550306,"{'reciente': (346, np.float64(1.8)), 'val2': (683, np.float64(0.87)), 'val1': (145, np.float64(1.0))}"
56|obj1R|short,ALCISTA,tsmom,240,False,obj1R,short,6261,1.6354591907951748,3,1.0093595508010433,"{'reciente': (2239, np.float64(2.48)), 'val2': (3448, np.float64(1.01)), 'val1': (574, np.float64(2.08))}"
56|obj2R|short,ALCISTA,tsmom,240,False,obj2R,short,6261,2.4628478178592306,3,1.1565953679100272,"{'reciente': (2239, np.float64(4.16)), 'val2': (3448, np.float64(1.16)), 'val1': (574, np.float64(3.69))}"
56|obj30pct|short,ALCISTA,tsmom,240,False,obj30pct,short,6261,0.6326297190416312,3,0.5033752110058566,"{'reciente': (2239, np.float64(0.73)), 'val2': (3448, np.float64(0.5)), 'val1': (574, np.float64(1.04))}"
56|obj3R_be|short,ALCISTA,tsmom,240,False,obj3R_be,short,6261,2.8839138305157968,3,1.735450864313933,"{'reciente': (2239, np.float64(4.47)), 'val2': (3448, np.float64(1.74)), 'val1': (574, np.float64(3.59))}"
56|obj3R|short,ALCISTA,tsmom,240,False,obj3R,short,6261,2.9149466461955003,3,1.769941408792195,"{'reciente': (2239, np.float64(4.47)), 'val2': (3448, np.float64(1.77)), 'val1': (574, np.float64(3.72))}"
56|obj50pct|short,ALCISTA,tsmom,240,False,obj50pct,short,6261,0.8955184222687675,3,0.6388502306258889,"{'reciente': (2239, np.float64(1.3)), 'val2': (3448, np.float64(0.64)), 'val1': (574, np.float64(0.85))}"
56|trail2R|short,ALCISTA,tsmom,240,False,trail2R,short,6261,2.7907889344707435,3,1.4421762900479476,"{'reciente': (2239, np.float64(5.06)), 'val2': (3448, np.float64(1.44)), 'val1': (574, np.float64(2.03))}"
56|trail3R|short,ALCISTA,tsmom,240,False,trail3R,short,6261,2.8018934877457236,3,1.6687661487499785,"{'reciente': (2239, np.float64(4.72)), 'val2': (3448, np.float64(1.67)), 'val1': (574, np.float64(2.13))}"
57|obj1R|short,ALCISTA,tsmom,240,True,obj1R,short,6052,1.2760719759823487,3,0.9262632694985751,"{'reciente': (2190, np.float64(1.46)), 'val2': (3343, np.float64(0.93)), 'val1': (519, np.float64(2.74))}"
57|obj2R|short,ALCISTA,tsmom,240,True,obj2R,short,6052,2.1653005293897505,3,1.156565044247986,"{'reciente': (2190, np.float64(3.4)), 'val2': (3343, np.float64(1.16)), 'val1': (519, np.float64(3.46))}"
57|obj3R_be|short,ALCISTA,tsmom,240,True,obj3R_be,short,6052,2.633426260288422,3,1.8406530260930014,"{'reciente': (2190, np.float64(3.47)), 'val2': (3343, np.float64(1.84)), 'val1': (519, np.float64(4.21))}"
57|obj3R|short,ALCISTA,tsmom,240,True,obj3R,short,6052,2.654367295290603,3,1.8589234709029803,"{'reciente': (2190, np.float64(3.5)), 'val2': (3343, np.float64(1.86)), 'val1': (519, np.float64(4.2))}"
57|obj50pct|short,ALCISTA,tsmom,240,True,obj50pct,short,6052,0.8173189976937604,3,0.2312996345414111,"{'reciente': (2190, np.float64(0.23)), 'val2': (3343, np.float64(1.02)), 'val1': (519, np.float64(1.96))}"
57|trail2R|short,ALCISTA,tsmom,240,True,trail2R,short,6052,2.557154111043209,3,1.6972569574623986,"{'reciente': (2190, np.float64(3.76)), 'val2': (3343, np.float64(1.7)), 'val1': (519, np.float64(3.03))}"
57|trail3R|short,ALCISTA,tsmom,240,True,trail3R,short,6052,2.5542527272217974,3,1.9038863072680514,"{'reciente': (2190, np.float64(3.55)), 'val2': (3343, np.float64(1.9)), 'val1': (519, np.float64(2.56))}"
58|obj1R|short,ALCISTA,tsmom,240,False,obj1R,short,4422,1.4229381694525423,3,0.019324075933174204,"{'reciente': (1444, np.float64(3.78)), 'val2': (2627, np.float64(0.02)), 'val1': (351, np.float64(2.21))}"
58|obj2R|short,ALCISTA,tsmom,240,False,obj2R,short,4422,2.175266224263048,3,0.02325094706786399,"{'reciente': (1444, np.float64(5.39)), 'val2': (2627, np.float64(0.02)), 'val1': (351, np.float64(5.04))}"
58|obj3R_be|short,ALCISTA,tsmom,240,False,obj3R_be,short,4422,2.3433337938293928,3,0.3554650500393878,"{'reciente': (1444, np.float64(5.55)), 'val2': (2627, np.float64(0.36)), 'val1': (351, np.float64(4.04))}"
58|obj3R|short,ALCISTA,tsmom,240,False,obj3R,short,4422,2.3187160740231083,3,0.31888883885462604,"{'reciente': (1444, np.float64(5.53)), 'val2': (2627, np.float64(0.32)), 'val1': (351, np.float64(4.09))}"
58|obj50pct|short,ALCISTA,tsmom,240,False,obj50pct,short,4422,0.9121856738117309,3,0.18570294819479194,"{'reciente': (1444, np.float64(2.1)), 'val2': (2627, np.float64(0.19)), 'val1': (351, np.float64(1.47))}"
58|trail2R|short,ALCISTA,tsmom,240,False,trail2R,short,4422,2.656382601914727,3,0.1889048129714487,"{'reciente': (1444, np.float64(7.23)), 'val2': (2627, np.float64(0.19)), 'val1': (351, np.float64(2.29))}"
58|trail3R|short,ALCISTA,tsmom,240,False,trail3R,short,4422,2.4869048347502827,3,0.16895399082131168,"{'reciente': (1444, np.float64(6.59)), 'val2': (2627, np.float64(0.17)), 'val1': (351, np.float64(2.94))}"
59|obj1R|short,ALCISTA,tsmom,240,True,obj1R,short,4336,0.9174410636465549,3,0.24124731447914963,"{'reciente': (1408, np.float64(2.25)), 'val2': (2600, np.float64(0.24)), 'val1': (328, np.float64(0.55))}"
59|obj3R_be|short,ALCISTA,tsmom,240,True,obj3R_be,short,4336,1.779215814217718,3,0.055129726642817616,"{'reciente': (1408, np.float64(4.19)), 'val2': (2600, np.float64(0.06)), 'val1': (328, np.float64(5.09))}"
59|obj3R|short,ALCISTA,tsmom,240,True,obj3R,short,4336,1.7953866937376428,3,0.03265048895883155,"{'reciente': (1408, np.float64(4.2)), 'val2': (2600, np.float64(0.03)), 'val1': (328, np.float64(5.45))}"
60|obj1R|short,ALCISTA,tsmom,240,False,obj1R,short,3242,0.7954826319549276,3,0.4339719035576509,"{'reciente': (1123, np.float64(1.16)), 'val2': (1915, np.float64(0.43)), 'val1': (204, np.float64(2.2))}"
60|obj2R|short,ALCISTA,tsmom,240,False,obj2R,short,3242,0.9461079320181598,3,0.48129077245841706,"{'reciente': (1123, np.float64(1.64)), 'val2': (1915, np.float64(0.48)), 'val1': (204, np.float64(1.52))}"
60|obj30pct|short,ALCISTA,tsmom,240,False,obj30pct,short,3242,0.5805212733215758,3,0.1806236892135996,"{'reciente': (1123, np.float64(0.18)), 'val2': (1915, np.float64(0.73)), 'val1': (204, np.float64(1.35))}"
60|obj3R_be|short,ALCISTA,tsmom,240,False,obj3R_be,short,3242,0.9304507638772591,3,0.585843102232916,"{'reciente': (1123, np.float64(1.37)), 'val2': (1915, np.float64(0.59)), 'val1': (204, np.float64(1.73))}"
60|obj3R|short,ALCISTA,tsmom,240,False,obj3R,short,3242,0.9189433701182997,3,0.5684235673982688,"{'reciente': (1123, np.float64(1.3)), 'val2': (1915, np.float64(0.57)), 'val1': (204, np.float64(2.09))}"
60|obj50pct|short,ALCISTA,tsmom,240,False,obj50pct,short,3242,0.7634959968289017,3,0.6481160499637572,"{'reciente': (1123, np.float64(0.65)), 'val2': (1915, np.float64(0.75)), 'val1': (204, np.float64(1.49))}"
60|trail2R|short,ALCISTA,tsmom,240,False,trail2R,short,3242,1.0340883973802688,3,0.2457459567017652,"{'reciente': (1123, np.float64(2.24)), 'val2': (1915, np.float64(0.41)), 'val1': (204, np.float64(0.25))}"
60|trail3R|short,ALCISTA,tsmom,240,False,trail3R,short,3242,0.9149881534590941,3,0.46490424924922885,"{'reciente': (1123, np.float64(1.75)), 'val2': (1915, np.float64(0.46)), 'val1': (204, np.float64(0.54))}"
61|obj1R|short,ALCISTA,tsmom,240,True,obj1R,short,3116,1.0466560844075212,3,0.29640787758355175,"{'reciente': (1078, np.float64(2.37)), 'val2': (1868, np.float64(0.3)), 'val1': (170, np.float64(0.92))}"
61|obj2R|short,ALCISTA,tsmom,240,True,obj2R,short,3116,1.2661418079951234,3,0.3333365628199128,"{'reciente': (1078, np.float64(2.92)), 'val2': (1868, np.float64(0.33)), 'val1': (170, np.float64(1.04))}"
61|obj30pct|short,ALCISTA,tsmom,240,True,obj30pct,short,3116,0.6104983453011125,3,0.3407513230637423,"{'reciente': (1078, np.float64(0.53)), 'val2': (1868, np.float64(0.68)), 'val1': (170, np.float64(0.34))}"
61|obj3R_be|short,ALCISTA,tsmom,240,True,obj3R_be,short,3116,1.1019338791105133,3,0.4143477815400635,"{'reciente': (1078, np.float64(2.31)), 'val2': (1868, np.float64(0.47)), 'val1': (170, np.float64(0.41))}"
61|obj3R|short,ALCISTA,tsmom,240,True,obj3R,short,3116,1.080596675510192,3,0.04427998830022575,"{'reciente': (1078, np.float64(2.34)), 'val2': (1868, np.float64(0.45)), 'val1': (170, np.float64(0.04))}"
61|obj50pct|short,ALCISTA,tsmom,240,True,obj50pct,short,3116,0.9888684014124832,3,0.3738385873878823,"{'reciente': (1078, np.float64(1.28)), 'val2': (1868, np.float64(0.87)), 'val1': (170, np.float64(0.37))}"
62|obj1R|short,ALCISTA,tsmom,1440,False,obj1R,short,2666,5.2477469589888734,3,4.24255777075968,"{'reciente': (929, np.float64(7.12)), 'val2': (1485, np.float64(4.24)), 'val1': (252, np.float64(4.28))}"
62|obj2R|short,ALCISTA,tsmom,1440,False,obj2R,short,2666,5.204534016532635,3,3.2281884948126884,"{'reciente': (929, np.float64(7.85)), 'val2': (1485, np.float64(3.23)), 'val1': (252, np.float64(7.1))}"
62|obj3R_be|short,ALCISTA,tsmom,1440,False,obj3R_be,short,2666,4.850066183926916,3,2.695240121504685,"{'reciente': (929, np.float64(7.94)), 'val2': (1485, np.float64(2.7)), 'val1': (252, np.float64(6.16))}"
62|obj3R|short,ALCISTA,tsmom,1440,False,obj3R,short,2666,4.9317772329734755,3,2.7178425395422856,"{'reciente': (929, np.float64(8.1)), 'val2': (1485, np.float64(2.72)), 'val1': (252, np.float64(6.28))}"
62|trail2R|short,ALCISTA,tsmom,1440,False,trail2R,short,2666,4.134532114251378,3,2.483234324064856,"{'reciente': (929, np.float64(6.18)), 'val2': (1485, np.float64(2.48)), 'val1': (252, np.float64(6.33))}"
62|trail3R|short,ALCISTA,tsmom,1440,False,trail3R,short,2666,3.887329262459908,3,2.44782062713751,"{'reciente': (929, np.float64(5.56)), 'val2': (1485, np.float64(2.45)), 'val1': (252, np.float64(6.21))}"
63|obj1R|short,ALCISTA,tsmom,1440,True,obj1R,short,2526,4.800586538972312,3,3.0117326660801895,"{'reciente': (906, np.float64(6.67)), 'val2': (1404, np.float64(3.01)), 'val1': (216, np.float64(8.61))}"
63|obj2R|short,ALCISTA,tsmom,1440,True,obj2R,short,2526,5.110766284595544,3,2.8828030177300246,"{'reciente': (906, np.float64(7.51)), 'val2': (1404, np.float64(2.88)), 'val1': (216, np.float64(9.53))}"
63|obj3R_be|short,ALCISTA,tsmom,1440,True,obj3R_be,short,2526,4.4786881958922065,3,1.9837424988006425,"{'reciente': (906, np.float64(7.47)), 'val2': (1404, np.float64(1.98)), 'val1': (216, np.float64(8.15))}"
63|obj3R|short,ALCISTA,tsmom,1440,True,obj3R,short,2526,4.531647601021079,3,2.038755631043917,"{'reciente': (906, np.float64(7.58)), 'val2': (1404, np.float64(2.04)), 'val1': (216, np.float64(7.97))}"
63|trail2R|short,ALCISTA,tsmom,1440,True,trail2R,short,2526,3.9697835215707227,3,1.897554311104094,"{'reciente': (906, np.float64(6.21)), 'val2': (1404, np.float64(1.9)), 'val1': (216, np.float64(8.03))}"
63|trail3R|short,ALCISTA,tsmom,1440,True,trail3R,short,2526,3.800458499789631,3,1.8392696855056632,"{'reciente': (906, np.float64(5.85)), 'val2': (1404, np.float64(1.84)), 'val1': (216, np.float64(7.97))}"
64|obj1R|short,ALCISTA,tsmom,1440,False,obj1R,short,1905,4.642826575538134,3,2.3428210221022283,"{'reciente': (660, np.float64(6.03)), 'val2': (1093, np.float64(2.34)), 'val1': (152, np.float64(15.15))}"
64|obj2R|short,ALCISTA,tsmom,1440,False,obj2R,short,1905,4.950766872078946,3,1.598398476341569,"{'reciente': (660, np.float64(7.65)), 'val2': (1093, np.float64(1.6)), 'val1': (152, np.float64(17.32))}"
64|obj3R_be|short,ALCISTA,tsmom,1440,False,obj3R_be,short,1905,4.479830836879708,3,1.0599783177364686,"{'reciente': (660, np.float64(7.4)), 'val2': (1093, np.float64(1.06)), 'val1': (152, np.float64(16.41))}"
64|obj3R|short,ALCISTA,tsmom,1440,False,obj3R,short,1905,4.6079637058706115,3,1.019197158068113,"{'reciente': (660, np.float64(7.83)), 'val2': (1093, np.float64(1.02)), 'val1': (152, np.float64(16.41))}"
64|obj50pct|short,ALCISTA,tsmom,1440,False,obj50pct,short,1905,1.5169208339950326,3,1.0550633016938578,"{'reciente': (660, np.float64(2.05)), 'val2': (1093, np.float64(1.26)), 'val1': (152, np.float64(1.06))}"
64|trail2R|ambos,ALCISTA,tsmom,1440,False,trail2R,ambos,3749,1.5838835139635237,3,0.0869164342750241,"{'reciente': (1280, np.float64(3.78)), 'val2': (2175, np.float64(0.09)), 'val1': (294, np.float64(3.09))}"
64|trail2R|short,ALCISTA,tsmom,1440,False,trail2R,short,1905,3.7448003393829423,3,0.9691741231520095,"{'reciente': (660, np.float64(5.45)), 'val2': (1093, np.float64(0.97)), 'val1': (152, np.float64(16.3))}"
64|trail3R|ambos,ALCISTA,tsmom,1440,False,trail3R,ambos,3749,2.051833361172024,3,0.7909040743114937,"{'reciente': (1280, np.float64(3.84)), 'val2': (2175, np.float64(0.79)), 'val1': (294, np.float64(3.6))}"
64|trail3R|short,ALCISTA,tsmom,1440,False,trail3R,short,1905,3.654853130566339,3,0.935752490911602,"{'reciente': (660, np.float64(5.25)), 'val2': (1093, np.float64(0.94)), 'val1': (152, np.float64(16.3))}"
65|obj1R|short,ALCISTA,tsmom,1440,True,obj1R,short,1844,4.532848552065706,3,1.3590144098615136,"{'reciente': (620, np.float64(7.28)), 'val2': (1082, np.float64(1.36)), 'val1': (142, np.float64(16.74))}"
65|obj2R|short,ALCISTA,tsmom,1440,True,obj2R,short,1844,5.63108560444947,3,1.0665708485173642,"{'reciente': (620, np.float64(10.03)), 'val2': (1082, np.float64(1.07)), 'val1': (142, np.float64(21.22))}"
65|obj3R_be|short,ALCISTA,tsmom,1440,True,obj3R_be,short,1844,5.444554021899447,3,0.3417303184655829,"{'reciente': (620, np.float64(10.74)), 'val2': (1082, np.float64(0.34)), 'val1': (142, np.float64(21.19))}"
65|obj3R|short,ALCISTA,tsmom,1440,True,obj3R,short,1844,5.519313888071511,3,0.2433582515410634,"{'reciente': (620, np.float64(11.14)), 'val2': (1082, np.float64(0.24)), 'val1': (142, np.float64(21.19))}"
65|trail2R|short,ALCISTA,tsmom,1440,True,trail2R,short,1844,4.617461594819354,3,0.2047397980193099,"{'reciente': (620, np.float64(8.56)), 'val2': (1082, np.float64(0.2)), 'val1': (142, np.float64(21.04))}"
65|trail3R|short,ALCISTA,tsmom,1440,True,trail3R,short,1844,4.29958277177573,3,0.07727150365501816,"{'reciente': (620, np.float64(7.83)), 'val2': (1082, np.float64(0.08)), 'val1': (142, np.float64(21.04))}"
66|obj1R|short,ALCISTA,tsmom,1440,False,obj1R,short,1351,4.373013589860168,3,3.8365124187499156,"{'reciente': (470, np.float64(4.0)), 'val2': (784, np.float64(3.84)), 'val1': (97, np.float64(10.51))}"
66|obj2R|ambos,ALCISTA,tsmom,1440,False,obj2R,ambos,2566,2.36289977153518,3,0.5562904869582803,"{'reciente': (896, np.float64(0.56)), 'val2': (1509, np.float64(3.28)), 'val1': (161, np.float64(3.87))}"
66|obj2R|short,ALCISTA,tsmom,1440,False,obj2R,short,1351,6.340789753771212,3,5.205648920888578,"{'reciente': (470, np.float64(6.66)), 'val2': (784, np.float64(5.21)), 'val1': (97, np.float64(13.99))}"
66|obj3R_be|ambos,ALCISTA,tsmom,1440,False,obj3R_be,ambos,2566,3.9265987084773477,3,3.343681204428635,"{'reciente': (896, np.float64(3.34)), 'val2': (1509, np.float64(4.2)), 'val1': (161, np.float64(4.6))}"
66|obj3R_be|short,ALCISTA,tsmom,1440,False,obj3R_be,short,1351,7.173653859805517,3,4.560093156121123,"{'reciente': (470, np.float64(10.41)), 'val2': (784, np.float64(4.56)), 'val1': (97, np.float64(12.6))}"
66|obj3R|ambos,ALCISTA,tsmom,1440,False,obj3R,ambos,2566,4.129978824157379,3,3.4876637117052485,"{'reciente': (896, np.float64(3.49)), 'val2': (1509, np.float64(4.47)), 'val1': (161, np.float64(4.48))}"
66|obj3R|short,ALCISTA,tsmom,1440,False,obj3R,short,1351,7.161962438314731,3,4.606504680200532,"{'reciente': (470, np.float64(10.3)), 'val2': (784, np.float64(4.61)), 'val1': (97, np.float64(12.6))}"
66|trail2R|ambos,ALCISTA,tsmom,1440,False,trail2R,ambos,2566,3.5356742840431714,3,1.9652674945174413,"{'reciente': (896, np.float64(1.97)), 'val2': (1509, np.float64(4.3)), 'val1': (161, np.float64(5.07))}"
66|trail2R|short,ALCISTA,tsmom,1440,False,trail2R,short,1351,6.035403134154743,3,4.603973576284243,"{'reciente': (470, np.float64(7.07)), 'val2': (784, np.float64(4.6)), 'val1': (97, np.float64(12.6))}"
66|trail3R|ambos,ALCISTA,tsmom,1440,False,trail3R,ambos,2566,3.543578211918757,3,1.2978339832965387,"{'reciente': (896, np.float64(1.3)), 'val2': (1509, np.float64(4.77)), 'val1': (161, np.float64(4.55))}"
66|trail3R|short,ALCISTA,tsmom,1440,False,trail3R,short,1351,5.357974659472605,3,4.6279226619650755,"{'reciente': (470, np.float64(5.08)), 'val2': (784, np.float64(4.63)), 'val1': (97, np.float64(12.6))}"
67|obj1R|short,ALCISTA,tsmom,1440,True,obj1R,short,1215,4.004744232074921,3,2.0944968277075273,"{'reciente': (426, np.float64(6.43)), 'val2': (725, np.float64(2.09)), 'val1': (64, np.float64(9.52))}"
67|obj2R|ambos,ALCISTA,tsmom,1440,True,obj2R,ambos,2566,0.6274241241783518,3,0.49099388690247786,"{'reciente': (896, np.float64(0.69)), 'val2': (1509, np.float64(0.49)), 'val1': (161, np.float64(1.56))}"
67|obj2R|short,ALCISTA,tsmom,1440,True,obj2R,short,1215,6.855665036013295,3,4.009383496214364,"{'reciente': (426, np.float64(10.15)), 'val2': (725, np.float64(4.01)), 'val1': (64, np.float64(17.18))}"
67|obj30pct|short,ALCISTA,tsmom,1440,True,obj30pct,short,1215,0.5250825826119131,3,0.2081508095276311,"{'reciente': (426, np.float64(0.99)), 'val2': (725, np.float64(0.21)), 'val1': (64, np.float64(1.01))}"
67|obj3R_be|ambos,ALCISTA,tsmom,1440,True,obj3R_be,ambos,2566,1.833749042674554,3,1.2661840906702215,"{'reciente': (896, np.float64(2.84)), 'val2': (1509, np.float64(1.27)), 'val1': (161, np.float64(1.53))}"
67|obj3R_be|short,ALCISTA,tsmom,1440,True,obj3R_be,short,1215,8.036165275165123,3,3.841926350472456,"{'reciente': (426, np.float64(13.96)), 'val2': (725, np.float64(3.84)), 'val1': (64, np.float64(16.09))}"
67|obj3R|ambos,ALCISTA,tsmom,1440,True,obj3R,ambos,2566,1.8441141064266766,3,1.2970205341770997,"{'reciente': (896, np.float64(2.77)), 'val2': (1509, np.float64(1.3)), 'val1': (161, np.float64(1.8))}"
67|obj3R|short,ALCISTA,tsmom,1440,True,obj3R,short,1215,8.012650459763988,3,3.8649619906984127,"{'reciente': (426, np.float64(13.86)), 'val2': (725, np.float64(3.86)), 'val1': (64, np.float64(16.09))}"
67|obj50pct|short,ALCISTA,tsmom,1440,True,obj50pct,short,1215,1.001080142449632,3,0.5414023536226756,"{'reciente': (426, np.float64(1.64)), 'val2': (725, np.float64(0.54)), 'val1': (64, np.float64(1.98))}"
67|trail2R|ambos,ALCISTA,tsmom,1440,True,trail2R,ambos,2566,1.3216118111935817,3,1.2084816290848805,"{'reciente': (896, np.float64(1.21)), 'val2': (1509, np.float64(1.22)), 'val1': (161, np.float64(2.88))}"
67|trail2R|short,ALCISTA,tsmom,1440,True,trail2R,short,1215,7.072927494033879,3,3.8131845204666557,"{'reciente': (426, np.float64(11.27)), 'val2': (725, np.float64(3.81)), 'val1': (64, np.float64(16.09))}"
67|trail3R|short,ALCISTA,tsmom,1440,True,trail3R,short,1215,6.249411612406795,3,3.8358677863693154,"{'reciente': (426, np.float64(8.88)), 'val2': (725, np.float64(3.84)), 'val1': (64, np.float64(16.09))}"
68|obj1R|short,ALCISTA,tsmom,1440,False,obj1R,short,906,1.9802826576661754,3,0.4657134945061068,"{'reciente': (329, np.float64(1.02)), 'val2': (482, np.float64(0.47)), 'val1': (95, np.float64(12.98))}"
68|obj30pct|short,ALCISTA,tsmom,1440,False,obj30pct,short,906,1.1564335188951154,3,0.25824528587674345,"{'reciente': (329, np.float64(0.26)), 'val2': (482, np.float64(1.49)), 'val1': (95, np.float64(2.58))}"
69|obj1R|short,ALCISTA,tsmom,1440,True,obj1R,short,769,3.29146371859217,3,0.39657010188940006,"{'reciente': (287, np.float64(0.4)), 'val2': (402, np.float64(3.79)), 'val1': (80, np.float64(11.19))}"
69|obj2R|short,ALCISTA,tsmom,1440,True,obj2R,short,769,4.223239780072591,3,1.7687191458374,"{'reciente': (287, np.float64(1.77)), 'val2': (402, np.float64(4.05)), 'val1': (80, np.float64(13.9))}"
69|obj3R_be|short,ALCISTA,tsmom,1440,True,obj3R_be,short,769,3.9922867796076047,3,2.832912389722925,"{'reciente': (287, np.float64(2.83)), 'val2': (402, np.float64(3.23)), 'val1': (80, np.float64(12.0))}"
69|obj3R|short,ALCISTA,tsmom,1440,True,obj3R,short,769,3.8695060093022082,3,2.9040776985159322,"{'reciente': (287, np.float64(2.9)), 'val2': (402, np.float64(3.04)), 'val1': (80, np.float64(11.5))}"
69|trail2R|short,ALCISTA,tsmom,1440,True,trail2R,short,769,3.5851775642876014,3,1.842372813973097,"{'reciente': (287, np.float64(1.84)), 'val2': (402, np.float64(3.18)), 'val1': (80, np.float64(11.89))}"
69|trail3R|short,ALCISTA,tsmom,1440,True,trail3R,short,769,3.1171586811344403,3,0.9433283872810381,"{'reciente': (287, np.float64(0.94)), 'val2': (402, np.float64(3.06)), 'val1': (80, np.float64(11.23))}"
82|trail2R|short,ALCISTA,bollinger_rev,60,False,trail2R,short,13619,0.6387871150845565,3,0.48435094630312686,"{'reciente': (4842, np.float64(0.86)), 'val2': (7531, np.float64(0.48)), 'val1': (1246, np.float64(0.72))}"
82|trail3R|short,ALCISTA,bollinger_rev,60,False,trail3R,short,13619,0.6447583103709414,3,0.41648437292078694,"{'reciente': (4842, np.float64(0.98)), 'val2': (7531, np.float64(0.42)), 'val1': (1246, np.float64(0.72))}"
84|trail2R|short,ALCISTA,bollinger_rev,60,False,trail2R,short,5585,0.5479257163677481,3,0.5317877828005996,"{'reciente': (2006, np.float64(0.55)), 'val2': (3060, np.float64(0.53)), 'val1': (519, np.float64(0.64))}"
84|trail3R|short,ALCISTA,bollinger_rev,60,False,trail3R,short,5585,0.5195832812055223,3,0.38154978186812405,"{'reciente': (2006, np.float64(0.66)), 'val2': (3060, np.float64(0.38)), 'val1': (519, np.float64(0.79))}"
88|obj1R|short,ALCISTA,bollinger_rev,240,False,obj1R,short,3272,0.9457713207544761,3,0.5796857918862244,"{'reciente': (1206, np.float64(1.27)), 'val2': (1772, np.float64(0.58)), 'val1': (294, np.float64(1.84))}"
88|obj2R|short,ALCISTA,bollinger_rev,240,False,obj2R,short,3272,1.731866280795891,3,0.8434239719657669,"{'reciente': (1206, np.float64(2.49)), 'val2': (1772, np.float64(0.84)), 'val1': (294, np.float64(3.99))}"
88|obj3R_be|short,ALCISTA,bollinger_rev,240,False,obj3R_be,short,3272,1.9762721109835841,3,1.1505629673846534,"{'reciente': (1206, np.float64(2.63)), 'val2': (1772, np.float64(1.15)), 'val1': (294, np.float64(4.29))}"
88|obj3R|short,ALCISTA,bollinger_rev,240,False,obj3R,short,3272,2.028857669686804,3,1.2325906006843212,"{'reciente': (1206, np.float64(2.67)), 'val2': (1772, np.float64(1.23)), 'val1': (294, np.float64(4.2))}"
88|obj50pct|short,ALCISTA,bollinger_rev,240,False,obj50pct,short,3272,0.6742715345523695,3,0.4374251576123363,"{'reciente': (1206, np.float64(0.87)), 'val2': (1772, np.float64(0.44)), 'val1': (294, np.float64(1.29))}"
88|trail2R|short,ALCISTA,bollinger_rev,240,False,trail2R,short,3272,2.1285277055891214,3,1.2016141663000184,"{'reciente': (1206, np.float64(3.56)), 'val2': (1772, np.float64(1.2)), 'val1': (294, np.float64(1.84))}"
88|trail3R|short,ALCISTA,bollinger_rev,240,False,trail3R,short,3272,2.1999756044000707,3,1.3201989608801559,"{'reciente': (1206, np.float64(3.55)), 'val2': (1772, np.float64(1.43)), 'val1': (294, np.float64(1.32))}"
90|obj1R|short,ALCISTA,bollinger_rev,240,False,obj1R,short,1398,1.0334687855307971,3,0.8955909020807665,"{'reciente': (502, np.float64(0.9)), 'val2': (756, np.float64(1.04)), 'val1': (140, np.float64(1.52))}"
90|obj2R|short,ALCISTA,bollinger_rev,240,False,obj2R,short,1398,1.560220450802597,3,1.1225292293908857,"{'reciente': (502, np.float64(1.81)), 'val2': (756, np.float64(1.12)), 'val1': (140, np.float64(3.02))}"
90|obj3R_be|short,ALCISTA,bollinger_rev,240,False,obj3R_be,short,1398,2.267285937079926,3,1.7148051347768893,"{'reciente': (502, np.float64(2.49)), 'val2': (756, np.float64(1.71)), 'val1': (140, np.float64(4.44))}"
90|obj3R|short,ALCISTA,bollinger_rev,240,False,obj3R,short,1398,2.2469605207528587,3,1.8393220121249705,"{'reciente': (502, np.float64(2.53)), 'val2': (756, np.float64(1.84)), 'val1': (140, np.float64(3.42))}"
90|trail2R|short,ALCISTA,bollinger_rev,240,False,trail2R,short,1398,2.5105301286847266,3,1.9466188836621565,"{'reciente': (502, np.float64(3.29)), 'val2': (756, np.float64(2.1)), 'val1': (140, np.float64(1.95))}"
90|trail3R|short,ALCISTA,bollinger_rev,240,False,trail3R,short,1398,2.4517839330880724,3,0.6464250176919571,"{'reciente': (502, np.float64(3.23)), 'val2': (756, np.float64(2.27)), 'val1': (140, np.float64(0.65))}"
92|obj3R_be|ambos,ALCISTA,bollinger_rev,240,False,obj3R_be,ambos,800,0.8738467568888726,3,0.7469275978163841,"{'reciente': (252, np.float64(0.81)), 'val2': (471, np.float64(0.75)), 'val1': (77, np.float64(1.86))}"
92|obj3R_be|short,ALCISTA,bollinger_rev,240,False,obj3R_be,short,415,1.7350206668248447,3,0.9547789306329412,"{'reciente': (152, np.float64(0.95)), 'val2': (218, np.float64(1.84)), 'val1': (45, np.float64(3.86))}"
92|obj3R|ambos,ALCISTA,bollinger_rev,240,False,obj3R,ambos,800,0.6570272407921829,3,0.48959965240176373,"{'reciente': (252, np.float64(0.49)), 'val2': (471, np.float64(0.61)), 'val1': (77, np.float64(1.46))}"
92|obj3R|short,ALCISTA,bollinger_rev,240,False,obj3R,short,415,1.4399242514623511,3,0.789653717523176,"{'reciente': (152, np.float64(0.79)), 'val2': (218, np.float64(1.52)), 'val1': (45, np.float64(3.25))}"
92|obj50pct|short,ALCISTA,bollinger_rev,240,False,obj50pct,short,415,0.7149360356319873,3,0.24160919943966402,"{'reciente': (152, np.float64(0.85)), 'val2': (218, np.float64(0.24)), 'val1': (45, np.float64(2.54))}"
92|trail2R|short,ALCISTA,bollinger_rev,240,False,trail2R,short,415,1.135374141412001,3,0.05964088460439811,"{'reciente': (152, np.float64(0.06)), 'val2': (218, np.float64(1.39)), 'val1': (45, np.float64(3.53))}"
92|trail3R|short,ALCISTA,bollinger_rev,240,False,trail3R,short,415,1.0684882013265933,3,0.1765253949103182,"{'reciente': (152, np.float64(0.18)), 'val2': (218, np.float64(1.41)), 'val1': (45, np.float64(2.43))}"
10149|obj1R|ambos,BAJISTA,zscore_rev,240,True,obj1R,ambos,3037,0.9162489901312053,3,0.2535462916966807,"{'reciente': (1221, np.float64(0.25)), 'val2': (102, np.float64(2.53)), 'val1': (1714, np.float64(1.29))}"
10149|obj2R|ambos,BAJISTA,zscore_rev,240,True,obj2R,ambos,3037,1.0459732041107561,3,0.903611366100685,"{'reciente': (1221, np.float64(1.0)), 'val2': (102, np.float64(3.96)), 'val1': (1714, np.float64(0.9))}"
10149|obj30pct|ambos,BAJISTA,zscore_rev,240,True,obj30pct,ambos,3037,0.615002493410543,3,0.2989137219890029,"{'reciente': (1221, np.float64(0.3)), 'val2': (102, np.float64(1.84)), 'val1': (1714, np.float64(0.77))}"
10149|obj3R_be|ambos,BAJISTA,zscore_rev,240,True,obj3R_be,ambos,3037,1.0490666147474152,3,0.7678230080786085,"{'reciente': (1221, np.float64(1.21)), 'val2': (102, np.float64(3.89)), 'val1': (1714, np.float64(0.77))}"
10149|obj3R|ambos,BAJISTA,zscore_rev,240,True,obj3R,ambos,3037,1.4751091199521857,3,1.116947761498023,"{'reciente': (1221, np.float64(1.52)), 'val2': (102, np.float64(6.95)), 'val1': (1714, np.float64(1.12))}"
10149|obj50pct|ambos,BAJISTA,zscore_rev,240,True,obj50pct,ambos,3037,0.7517211510703243,3,0.5696464982087657,"{'reciente': (1221, np.float64(0.57)), 'val2': (102, np.float64(3.6)), 'val1': (1714, np.float64(0.71))}"
10149|trail2R|ambos,BAJISTA,zscore_rev,240,True,trail2R,ambos,3037,0.5257840568454257,3,0.296557850226064,"{'reciente': (1221, np.float64(0.46)), 'val2': (102, np.float64(5.12)), 'val1': (1714, np.float64(0.3))}"
10149|trail3R|ambos,BAJISTA,zscore_rev,240,True,trail3R,ambos,3037,1.0429799123790144,3,0.6102199126084877,"{'reciente': (1221, np.float64(1.01)), 'val2': (102, np.float64(8.75)), 'val1': (1714, np.float64(0.61))}"
10151|obj1R|ambos,BAJISTA,zscore_rev,240,True,obj1R,ambos,1414,0.8934121261524718,3,0.31707628818297695,"{'reciente': (550, np.float64(0.32)), 'val2': (52, np.float64(1.07)), 'val1': (812, np.float64(1.27))}"
10151|obj2R|ambos,BAJISTA,zscore_rev,240,True,obj2R,ambos,1414,1.4493553605079366,3,1.245457546919827,"{'reciente': (550, np.float64(1.25)), 'val2': (52, np.float64(2.96)), 'val1': (812, np.float64(1.49))}"
10151|obj30pct|ambos,BAJISTA,zscore_rev,240,True,obj30pct,ambos,1414,0.6270660524691613,3,0.1448948182443117,"{'reciente': (550, np.float64(0.14)), 'val2': (52, np.float64(2.71)), 'val1': (812, np.float64(0.82))}"
10151|obj3R_be|ambos,BAJISTA,zscore_rev,240,True,obj3R_be,ambos,1414,1.1924655122171375,3,0.8292870211979368,"{'reciente': (550, np.float64(1.61)), 'val2': (52, np.float64(2.44)), 'val1': (812, np.float64(0.83))}"
10151|obj3R|ambos,BAJISTA,zscore_rev,240,True,obj3R,ambos,1414,2.0125866327427766,3,1.8060311721439584,"{'reciente': (550, np.float64(1.81)), 'val2': (52, np.float64(5.2)), 'val1': (812, np.float64(1.95))}"
10151|obj50pct|ambos,BAJISTA,zscore_rev,240,True,obj50pct,ambos,1414,0.8466954592323318,3,0.6848927537750136,"{'reciente': (550, np.float64(0.86)), 'val2': (52, np.float64(3.25)), 'val1': (812, np.float64(0.68))}"
10151|trail2R|ambos,BAJISTA,zscore_rev,240,True,trail2R,ambos,1414,0.964979282772143,3,0.29873426281734905,"{'reciente': (550, np.float64(1.4)), 'val2': (52, np.float64(6.79)), 'val1': (812, np.float64(0.3))}"
10151|trail3R|ambos,BAJISTA,zscore_rev,240,True,trail3R,ambos,1414,1.4511731187815988,3,1.2262568514540404,"{'reciente': (550, np.float64(1.23)), 'val2': (52, np.float64(7.23)), 'val1': (812, np.float64(1.23))}"
10182|obj1R|ambos,BAJISTA,supertrend,1440,False,obj1R,ambos,805,3.625855922570935,3,1.172931015871008,"{'reciente': (369, np.float64(1.17)), 'val2': (29, np.float64(19.42)), 'val1': (407, np.float64(4.72))}"
10182|obj2R|ambos,BAJISTA,supertrend,1440,False,obj2R,ambos,805,4.583258058294224,3,2.7364670757027367,"{'reciente': (369, np.float64(2.74)), 'val2': (29, np.float64(37.85)), 'val1': (407, np.float64(3.89))}"
10182|obj3R_be|ambos,BAJISTA,supertrend,1440,False,obj3R_be,ambos,805,5.628513974746909,3,3.7352957825034774,"{'reciente': (369, np.float64(3.74)), 'val2': (29, np.float64(54.01)), 'val1': (407, np.float64(3.9))}"
10182|obj3R|ambos,BAJISTA,supertrend,1440,False,obj3R,ambos,805,5.179275470067641,3,2.9606048955345945,"{'reciente': (369, np.float64(3.76)), 'val2': (29, np.float64(54.32)), 'val1': (407, np.float64(2.96))}"
10182|obj50pct|ambos,BAJISTA,supertrend,1440,False,obj50pct,ambos,805,1.1314646311152727,3,0.13745148556266018,"{'reciente': (369, np.float64(0.14)), 'val2': (29, np.float64(9.7)), 'val1': (407, np.float64(1.42))}"
10182|trail2R|ambos,BAJISTA,supertrend,1440,False,trail2R,ambos,805,5.10086678843197,3,2.9859132770460657,"{'reciente': (369, np.float64(3.3)), 'val2': (29, np.float64(57.7)), 'val1': (407, np.float64(2.99))}"
10182|trail3R|ambos,BAJISTA,supertrend,1440,False,trail3R,ambos,805,5.580915862760752,3,1.5054828582906805,"{'reciente': (369, np.float64(4.74)), 'val2': (29, np.float64(73.51)), 'val1': (407, np.float64(1.51))}"
32|obj30pct|long,BAJISTA,ema_cross,240,False,obj30pct,long,381,0.7158991021829967,3,0.25094873928756567,"{'reciente': (154, np.float64(0.25)), 'val2': (30, np.float64(3.47)), 'val1': (197, np.float64(0.66))}"
32|obj50pct|ambos,BAJISTA,ema_cross,240,False,obj50pct,ambos,738,0.6537788104690382,3,0.08812281317578363,"{'reciente': (313, np.float64(0.09)), 'val2': (31, np.float64(4.25)), 'val1': (394, np.float64(0.82))}"
42|obj2R|ambos,BAJISTA,ema_cross,1440,False,obj2R,ambos,932,2.901116682894053,3,0.8475805359945594,"{'reciente': (431, np.float64(0.85)), 'val2': (30, np.float64(37.7)), 'val1': (471, np.float64(2.56))}"
42|obj30pct|long,BAJISTA,ema_cross,1440,False,obj30pct,long,475,0.976093914497542,3,0.04913564241716555,"{'reciente': (211, np.float64(1.35)), 'val2': (29, np.float64(5.73)), 'val1': (235, np.float64(0.05))}"
42|obj3R_be|ambos,BAJISTA,ema_cross,1440,False,obj3R_be,ambos,932,3.580972944076431,3,1.886720824159997,"{'reciente': (431, np.float64(2.06)), 'val2': (30, np.float64(52.0)), 'val1': (471, np.float64(1.89))}"
42|obj3R|ambos,BAJISTA,ema_cross,1440,False,obj3R,ambos,932,3.2666199991375846,3,1.0599815676695878,"{'reciente': (431, np.float64(2.23)), 'val2': (30, np.float64(52.86)), 'val1': (471, np.float64(1.06))}"
42|obj50pct|ambos,BAJISTA,ema_cross,1440,False,obj50pct,ambos,932,0.573835949730507,3,0.27056574431079145,"{'reciente': (431, np.float64(0.27)), 'val2': (30, np.float64(8.94)), 'val1': (471, np.float64(0.32))}"
42|trail2R|ambos,BAJISTA,ema_cross,1440,False,trail2R,ambos,932,3.3376773790765335,3,1.8119916597526193,"{'reciente': (431, np.float64(1.81)), 'val2': (30, np.float64(44.42)), 'val1': (471, np.float64(2.12))}"
42|trail3R|ambos,BAJISTA,ema_cross,1440,False,trail3R,ambos,932,3.6060424875714583,3,0.0970858454129752,"{'reciente': (431, np.float64(2.92)), 'val2': (30, np.float64(68.5)), 'val1': (471, np.float64(0.1))}"
50|obj10pct|ambos,BAJISTA,donchian,1440,False,obj10pct,ambos,1080,0.6061739433928092,3,0.3931729013825754,"{'reciente': (468, np.float64(0.39)), 'val2': (30, np.float64(1.71)), 'val1': (582, np.float64(0.72))}"
50|obj10pct|long,BAJISTA,donchian,1440,False,obj10pct,long,237,0.5468806075540615,3,0.11993716245116223,"{'reciente': (107, np.float64(0.12)), 'val2': (29, np.float64(1.71)), 'val1': (101, np.float64(0.67))}"
66|obj2R|ambos,BAJISTA,tsmom,1440,False,obj2R,ambos,1924,2.4879227778396698,3,0.08759819138161785,"{'reciente': (889, np.float64(0.09)), 'val2': (36, np.float64(36.26)), 'val1': (999, np.float64(3.41))}"
66|obj3R_be|ambos,BAJISTA,tsmom,1440,False,obj3R_be,ambos,1924,2.3132978552481953,3,0.18642394296169715,"{'reciente': (889, np.float64(0.19)), 'val2': (36, np.float64(39.05)), 'val1': (999, np.float64(2.88))}"
66|obj3R|ambos,BAJISTA,tsmom,1440,False,obj3R,ambos,1924,2.036606295301264,3,0.14884173368654732,"{'reciente': (889, np.float64(0.15)), 'val2': (36, np.float64(43.15)), 'val1': (999, np.float64(2.24))}"
66|trail2R|ambos,BAJISTA,tsmom,1440,False,trail2R,ambos,1924,2.298470625112537,3,0.133538622602587,"{'reciente': (889, np.float64(0.13)), 'val2': (36, np.float64(44.57)), 'val1': (999, np.float64(2.7))}"
68|obj1R|ambos,BAJISTA,tsmom,1440,False,obj1R,ambos,1416,1.1142188456548396,3,0.10969791364560794,"{'reciente': (545, np.float64(1.26)), 'val2': (58, np.float64(13.83)), 'val1': (813, np.float64(0.11))}"
68|obj2R|ambos,BAJISTA,tsmom,1440,False,obj2R,ambos,1416,3.3380293764704616,3,1.9508617398569028,"{'reciente': (545, np.float64(2.53)), 'val2': (58, np.float64(30.33)), 'val1': (813, np.float64(1.95))}"
68|obj3R_be|ambos,BAJISTA,tsmom,1440,False,obj3R_be,ambos,1416,3.416773760974837,3,0.642825755346973,"{'reciente': (545, np.float64(3.67)), 'val2': (58, np.float64(39.88)), 'val1': (813, np.float64(0.64))}"
68|obj3R|ambos,BAJISTA,tsmom,1440,False,obj3R,ambos,1416,3.387328954624215,3,0.6131825133642662,"{'reciente': (545, np.float64(3.59)), 'val2': (58, np.float64(40.37)), 'val1': (813, np.float64(0.61))}"
68|trail2R|ambos,BAJISTA,tsmom,1440,False,trail2R,ambos,1416,3.089733590375437,3,0.17162655345283173,"{'reciente': (545, np.float64(3.3)), 'val2': (58, np.float64(42.01)), 'val1': (813, np.float64(0.17))}"
10000|obj3R_be|long,LATERAL_TRANQUILO,funding_extremo,60,False,obj3R_be,long,3295,0.549998840729287,3,0.2433561913708026,"{'reciente': (821, np.float64(0.24)), 'val2': (1106, np.float64(0.56)), 'val1': (1368, np.float64(0.72))}"
10002|obj2R|long,LATERAL_TRANQUILO,funding_extremo,60,False,obj2R,long,3295,0.7091940259262982,3,0.3897450952282554,"{'reciente': (821, np.float64(0.39)), 'val2': (1106, np.float64(0.73)), 'val1': (1368, np.float64(0.89))}"
10002|obj3R_be|long,LATERAL_TRANQUILO,funding_extremo,60,False,obj3R_be,long,3295,1.0025921221569671,3,0.7243510543378261,"{'reciente': (821, np.float64(0.72)), 'val2': (1106, np.float64(0.8)), 'val1': (1368, np.float64(1.33))}"
10002|obj3R|long,LATERAL_TRANQUILO,funding_extremo,60,False,obj3R,long,3295,1.031471227851256,3,0.5549701190546998,"{'reciente': (821, np.float64(0.55)), 'val2': (1106, np.float64(0.91)), 'val1': (1368, np.float64(1.41))}"
10004|trail2R|long,LATERAL_TRANQUILO,funding_extremo,60,False,trail2R,long,1902,0.8818678339771836,3,0.23244109846647057,"{'reciente': (438, np.float64(2.23)), 'val2': (564, np.float64(0.87)), 'val1': (900, np.float64(0.23))}"
10004|trail3R|long,LATERAL_TRANQUILO,funding_extremo,60,False,trail3R,long,1902,0.5585291012508334,3,0.2891965643170971,"{'reciente': (438, np.float64(0.49)), 'val2': (564, np.float64(1.04)), 'val1': (900, np.float64(0.29))}"
10006|obj3R_be|long,LATERAL_TRANQUILO,funding_extremo,60,False,obj3R_be,long,1902,1.170019540515338,3,0.39690398206104205,"{'reciente': (438, np.float64(3.39)), 'val2': (564, np.float64(0.68)), 'val1': (900, np.float64(0.4))}"
10006|obj3R|long,LATERAL_TRANQUILO,funding_extremo,60,False,obj3R,long,1902,1.1519550608189293,3,0.47816406132365824,"{'reciente': (438, np.float64(2.96)), 'val2': (564, np.float64(0.83)), 'val1': (900, np.float64(0.48))}"
10006|trail2R|long,LATERAL_TRANQUILO,funding_extremo,60,False,trail2R,long,1902,0.6945114304812896,3,0.515534441719991,"{'reciente': (438, np.float64(0.84)), 'val2': (564, np.float64(0.87)), 'val1': (900, np.float64(0.52))}"
10082|obj50pct|long,LATERAL_TRANQUILO,inside_bar,240,False,obj50pct,long,1904,0.552921554130052,3,0.15889936919731196,"{'reciente': (374, np.float64(0.16)), 'val2': (705, np.float64(1.16)), 'val1': (825, np.float64(0.21))}"
10090|obj2R|long,LATERAL_TRANQUILO,inside_bar,240,False,obj2R,long,789,1.6789466394762547,3,0.9520316713755183,"{'reciente': (175, np.float64(1.24)), 'val2': (296, np.float64(0.95)), 'val1': (318, np.float64(2.6))}"
10100|obj30pct|long,LATERAL_TRANQUILO,pin_bar,1440,False,obj30pct,long,1107,0.8247765888360363,3,0.008290593123861711,"{'reciente': (256, np.float64(0.01)), 'val2': (454, np.float64(1.66)), 'val1': (397, np.float64(0.39))}"
10100|trail3R|ambos,LATERAL_TRANQUILO,pin_bar,1440,False,trail3R,ambos,2026,1.64550307307121,3,0.49552462711584055,"{'reciente': (448, np.float64(1.97)), 'val2': (801, np.float64(0.5)), 'val1': (777, np.float64(2.65))}"
10101|obj30pct|long,LATERAL_TRANQUILO,pin_bar,1440,True,obj30pct,long,919,1.3002536252466033,3,0.1296771380762213,"{'reciente': (192, np.float64(0.13)), 'val2': (347, np.float64(2.85)), 'val1': (380, np.float64(0.47))}"
10103|obj30pct|long,LATERAL_TRANQUILO,pin_bar,1440,True,obj30pct,long,724,1.4126019296725092,3,0.4921675104410937,"{'reciente': (156, np.float64(0.64)), 'val2': (266, np.float64(2.91)), 'val1': (302, np.float64(0.49))}"
10105|obj50pct|short,LATERAL_TRANQUILO,engulfing,1440,True,obj50pct,short,154,1.0564471447759165,3,0.4694119895137946,"{'reciente': (42, np.float64(1.94)), 'val2': (59, np.float64(0.47)), 'val1': (53, np.float64(1.01))}"
10106|trail3R|ambos,LATERAL_TRANQUILO,inside_bar,1440,False,trail3R,ambos,164,2.615448999698604,3,0.38272554558153005,"{'reciente': (64, np.float64(0.38)), 'val2': (60, np.float64(1.29)), 'val1': (40, np.float64(8.17))}"
10107|trail3R|ambos,LATERAL_TRANQUILO,inside_bar,1440,True,trail3R,ambos,164,7.030865937019205,3,3.5656172982846757,"{'reciente': (64, np.float64(8.43)), 'val2': (60, np.float64(7.85)), 'val1': (40, np.float64(3.57))}"
10108|obj2R|long,LATERAL_TRANQUILO,pin_bar,1440,False,obj2R,long,154,4.6363478001244,3,1.2101038934178725,"{'reciente': (31, np.float64(1.21)), 'val2': (57, np.float64(7.8)), 'val1': (66, np.float64(3.51))}"
10108|obj3R_be|long,LATERAL_TRANQUILO,pin_bar,1440,False,obj3R_be,long,154,4.076958130619977,3,1.3428802999736118,"{'reciente': (31, np.float64(1.34)), 'val2': (57, np.float64(5.4)), 'val1': (66, np.float64(4.22))}"
10108|obj3R|long,LATERAL_TRANQUILO,pin_bar,1440,False,obj3R,long,154,5.419557461089011,3,2.3007575210153663,"{'reciente': (31, np.float64(7.29)), 'val2': (57, np.float64(8.02)), 'val1': (66, np.float64(2.3))}"
10108|trail2R|long,LATERAL_TRANQUILO,pin_bar,1440,False,trail2R,long,154,4.7806191620315985,3,3.506959756983145,"{'reciente': (31, np.float64(7.67)), 'val2': (57, np.float64(4.68)), 'val1': (66, np.float64(3.51))}"
10108|trail3R|long,LATERAL_TRANQUILO,pin_bar,1440,False,trail3R,long,154,11.652775110430532,3,8.594399818790468,"{'reciente': (31, np.float64(19.33)), 'val2': (57, np.float64(8.59)), 'val1': (66, np.float64(10.69))}"
10109|obj30pct|long,LATERAL_TRANQUILO,pin_bar,1440,True,obj30pct,long,326,1.7114419872699627,3,0.25765396110819827,"{'reciente': (80, np.float64(0.26)), 'val2': (122, np.float64(3.84)), 'val1': (124, np.float64(0.56))}"
10111|obj10pct|ambos,LATERAL_TRANQUILO,pin_bar,1440,True,obj10pct,ambos,372,0.5387865152249789,3,0.19253927901103246,"{'reciente': (87, np.float64(1.05)), 'val2': (132, np.float64(0.6)), 'val1': (153, np.float64(0.19))}"
10111|obj10pct|long,LATERAL_TRANQUILO,pin_bar,1440,True,obj10pct,long,260,0.5106234802531368,3,0.04419073283781258,"{'reciente': (62, np.float64(1.34)), 'val2': (95, np.float64(0.48)), 'val1': (103, np.float64(0.04))}"
10111|obj20pct|ambos,LATERAL_TRANQUILO,pin_bar,1440,True,obj20pct,ambos,372,0.8115860334261751,3,0.05364273151788217,"{'reciente': (87, np.float64(0.58)), 'val2': (132, np.float64(1.84)), 'val1': (153, np.float64(0.05))}"
10111|obj30pct|ambos,LATERAL_TRANQUILO,pin_bar,1440,True,obj30pct,ambos,372,1.5347853753973018,3,0.5296915589641071,"{'reciente': (87, np.float64(0.53)), 'val2': (132, np.float64(3.12)), 'val1': (153, np.float64(0.74))}"
10111|obj30pct|long,LATERAL_TRANQUILO,pin_bar,1440,True,obj30pct,long,260,2.2625724344221334,3,1.2458360399768518,"{'reciente': (62, np.float64(1.57)), 'val2': (95, np.float64(3.82)), 'val1': (103, np.float64(1.25))}"
10151|obj3R_be|long,LATERAL_TRANQUILO,zscore_rev,240,True,obj3R_be,long,512,0.6313558917923323,3,0.3530262456743862,"{'reciente': (103, np.float64(0.85)), 'val2': (235, np.float64(0.35)), 'val1': (174, np.float64(0.88))}"
10151|obj3R|long,LATERAL_TRANQUILO,zscore_rev,240,True,obj3R,long,512,1.1717698267610182,3,0.16789404067537164,"{'reciente': (103, np.float64(0.75)), 'val2': (235, np.float64(2.1)), 'val1': (174, np.float64(0.17))}"
10153|obj3R_be|ambos,LATERAL_TRANQUILO,squeeze_bk,240,True,obj3R_be,ambos,3053,1.0282617512322205,3,0.7696451398815378,"{'reciente': (794, np.float64(0.78)), 'val2': (1109, np.float64(0.77)), 'val1': (1150, np.float64(1.45))}"
10153|obj3R|ambos,LATERAL_TRANQUILO,squeeze_bk,240,True,obj3R,ambos,3053,0.9340098522865613,3,0.3867662563801248,"{'reciente': (794, np.float64(0.57)), 'val2': (1109, np.float64(0.39)), 'val1': (1150, np.float64(1.72))}"
10153|trail2R|ambos,LATERAL_TRANQUILO,squeeze_bk,240,True,trail2R,ambos,3053,1.6225755148079537,3,0.5316882533794384,"{'reciente': (794, np.float64(1.02)), 'val2': (1109, np.float64(0.53)), 'val1': (1150, np.float64(3.09))}"
10153|trail3R|ambos,LATERAL_TRANQUILO,squeeze_bk,240,True,trail3R,ambos,3053,1.4510442120182738,3,0.1535571292686644,"{'reciente': (794, np.float64(0.67)), 'val2': (1109, np.float64(0.15)), 'val1': (1150, np.float64(3.24))}"
10168|obj1R|ambos,LATERAL_TRANQUILO,nr7,1440,False,obj1R,ambos,1068,0.7235812475976218,3,0.015209735015079771,"{'reciente': (286, np.float64(0.76)), 'val2': (406, np.float64(0.02)), 'val1': (376, np.float64(1.46))}"
10181|trail3R|ambos,LATERAL_TRANQUILO,supertrend,240,True,trail3R,ambos,1488,1.3230410483347321,3,0.03532400878452311,"{'reciente': (389, np.float64(0.19)), 'val2': (572, np.float64(0.04)), 'val1': (527, np.float64(3.56))}"
10182|obj20pct|ambos,LATERAL_TRANQUILO,supertrend,1440,False,obj20pct,ambos,450,1.0597400251689924,3,0.5643053215883177,"{'reciente': (119, np.float64(0.95)), 'val2': (164, np.float64(0.56)), 'val1': (167, np.float64(1.62))}"
10182|obj20pct|long,LATERAL_TRANQUILO,supertrend,1440,False,obj20pct,long,255,0.8381704726048529,3,0.04573618805213223,"{'reciente': (58, np.float64(0.05)), 'val2': (111, np.float64(0.92)), 'val1': (86, np.float64(1.26))}"
10182|obj2R|long,LATERAL_TRANQUILO,supertrend,1440,False,obj2R,long,255,5.3343600461936225,3,2.8390302517052315,"{'reciente': (58, np.float64(2.84)), 'val2': (111, np.float64(8.39)), 'val1': (86, np.float64(3.07))}"
10182|obj30pct|long,LATERAL_TRANQUILO,supertrend,1440,False,obj30pct,long,255,1.0661946898985988,3,0.36268433698391445,"{'reciente': (58, np.float64(1.27)), 'val2': (111, np.float64(1.5)), 'val1': (86, np.float64(0.36))}"
10182|obj3R_be|long,LATERAL_TRANQUILO,supertrend,1440,False,obj3R_be,long,255,8.384262043075026,3,4.062509852676756,"{'reciente': (58, np.float64(4.06)), 'val2': (111, np.float64(11.5)), 'val1': (86, np.float64(7.28))}"
10182|obj3R|long,LATERAL_TRANQUILO,supertrend,1440,False,obj3R,long,255,8.6860708838311,3,4.157461426485557,"{'reciente': (58, np.float64(4.16)), 'val2': (111, np.float64(12.44)), 'val1': (86, np.float64(6.9))}"
10182|obj50pct|long,LATERAL_TRANQUILO,supertrend,1440,False,obj50pct,long,255,1.914146375064814,3,0.7820594505830496,"{'reciente': (58, np.float64(2.05)), 'val2': (111, np.float64(2.72)), 'val1': (86, np.float64(0.78))}"
10182|trail3R|long,LATERAL_TRANQUILO,supertrend,1440,False,trail3R,long,255,13.593660592464577,3,3.1059134904170254,"{'reciente': (58, np.float64(3.11)), 'val2': (111, np.float64(14.11)), 'val1': (86, np.float64(20.0))}"
10183|obj10pct|long,LATERAL_TRANQUILO,supertrend,1440,True,obj10pct,long,195,0.8612248577641658,3,0.016366013655897113,"{'reciente': (61, np.float64(0.02)), 'val2': (53, np.float64(1.34)), 'val1': (81, np.float64(1.18))}"
10184|obj10pct|ambos,LATERAL_TRANQUILO,supertrend,1440,False,obj10pct,ambos,210,0.807675831360606,3,0.15525161127492607,"{'reciente': (59, np.float64(0.97)), 'val2': (54, np.float64(0.16)), 'val1': (97, np.float64(1.07))}"
10184|obj1R|ambos,LATERAL_TRANQUILO,supertrend,1440,False,obj1R,ambos,210,1.3216786008166856,3,0.11697082013864316,"{'reciente': (59, np.float64(0.12)), 'val2': (54, np.float64(4.54)), 'val1': (97, np.float64(0.26))}"
10184|obj20pct|ambos,LATERAL_TRANQUILO,supertrend,1440,False,obj20pct,ambos,210,1.9197394357358115,3,1.552014988272069,"{'reciente': (59, np.float64(2.09)), 'val2': (54, np.float64(1.55)), 'val1': (97, np.float64(2.02))}"
10184|obj30pct|ambos,LATERAL_TRANQUILO,supertrend,1440,False,obj30pct,ambos,210,2.5666290486869343,3,2.017021606756602,"{'reciente': (59, np.float64(3.46)), 'val2': (54, np.float64(2.58)), 'val1': (97, np.float64(2.02))}"
10184|obj50pct|ambos,LATERAL_TRANQUILO,supertrend,1440,False,obj50pct,ambos,210,3.3970684654606718,3,2.801458816728749,"{'reciente': (59, np.float64(4.62)), 'val2': (54, np.float64(2.8)), 'val1': (97, np.float64(2.98))}"
10184|trail3R|ambos,LATERAL_TRANQUILO,supertrend,1440,False,trail3R,ambos,210,11.07071467571579,3,2.2717853633128353,"{'reciente': (59, np.float64(2.27)), 'val2': (54, np.float64(12.39)), 'val1': (97, np.float64(15.69))}"
10191|obj1R|ambos,LATERAL_TRANQUILO,max_n_dias,240,True,obj1R,ambos,451,2.655302890546896,3,0.6360736250302352,"{'reciente': (82, np.float64(2.62)), 'val2': (160, np.float64(0.64)), 'val1': (209, np.float64(4.21))}"
10191|obj1R|short,LATERAL_TRANQUILO,max_n_dias,240,True,obj1R,short,329,1.3464615899451442,3,0.4672653927933278,"{'reciente': (61, np.float64(2.43)), 'val2': (142, np.float64(0.47)), 'val1': (126, np.float64(1.81))}"
10194|obj1R|long,LATERAL_TRANQUILO,max_n_dias,1440,False,obj1R,long,246,2.161302719461412,3,1.659681933888718,"{'reciente': (52, np.float64(3.01)), 'val2': (99, np.float64(1.66)), 'val1': (95, np.float64(2.22))}"
10194|obj20pct|ambos,LATERAL_TRANQUILO,max_n_dias,1440,False,obj20pct,ambos,326,0.833850820587595,3,0.6758184264280465,"{'reciente': (68, np.float64(0.99)), 'val2': (114, np.float64(0.68)), 'val1': (144, np.float64(0.88))}"
10194|obj20pct|long,LATERAL_TRANQUILO,max_n_dias,1440,False,obj20pct,long,246,0.7491878322431196,3,0.41290348485588757,"{'reciente': (52, np.float64(0.59)), 'val2': (99, np.float64(1.15)), 'val1': (95, np.float64(0.41))}"
10194|obj2R|long,LATERAL_TRANQUILO,max_n_dias,1440,False,obj2R,long,246,2.706724175717941,3,0.6078632066429942,"{'reciente': (52, np.float64(2.9)), 'val2': (99, np.float64(4.62)), 'val1': (95, np.float64(0.61))}"
10194|obj30pct|ambos,LATERAL_TRANQUILO,max_n_dias,1440,False,obj30pct,ambos,326,0.755209432791057,3,0.5910368166917646,"{'reciente': (68, np.float64(1.24)), 'val2': (114, np.float64(0.59)), 'val1': (144, np.float64(0.66))}"
10194|obj3R_be|ambos,LATERAL_TRANQUILO,max_n_dias,1440,False,obj3R_be,ambos,326,2.422781383095848,3,1.4473560419954268,"{'reciente': (68, np.float64(1.45)), 'val2': (114, np.float64(2.95)), 'val1': (144, np.float64(2.46))}"
10194|obj3R_be|long,LATERAL_TRANQUILO,max_n_dias,1440,False,obj3R_be,long,246,5.61075885429177,3,4.624045669540217,"{'reciente': (52, np.float64(4.62)), 'val2': (99, np.float64(6.01)), 'val1': (95, np.float64(5.74))}"
10194|obj3R|ambos,LATERAL_TRANQUILO,max_n_dias,1440,False,obj3R,ambos,326,2.8635340348456277,3,1.2721726353715752,"{'reciente': (68, np.float64(1.27)), 'val2': (114, np.float64(3.86)), 'val1': (144, np.float64(2.83))}"
10194|obj3R|long,LATERAL_TRANQUILO,max_n_dias,1440,False,obj3R,long,246,6.194845701732534,3,4.394959676262872,"{'reciente': (52, np.float64(4.39)), 'val2': (99, np.float64(7.05)), 'val1': (95, np.float64(6.29))}"
10194|obj50pct|long,LATERAL_TRANQUILO,max_n_dias,1440,False,obj50pct,long,246,0.5613981095786907,3,0.130027725656585,"{'reciente': (52, np.float64(2.05)), 'val2': (99, np.float64(0.13)), 'val1': (95, np.float64(0.19))}"
10194|trail2R|ambos,LATERAL_TRANQUILO,max_n_dias,1440,False,trail2R,ambos,326,3.693437212372564,3,0.32766529303554937,"{'reciente': (68, np.float64(0.33)), 'val2': (114, np.float64(2.13)), 'val1': (144, np.float64(6.52))}"
10194|trail2R|long,LATERAL_TRANQUILO,max_n_dias,1440,False,trail2R,long,246,7.294636091463352,3,3.1598346901311465,"{'reciente': (52, np.float64(3.16)), 'val2': (99, np.float64(5.06)), 'val1': (95, np.float64(11.89))}"
10194|trail3R|ambos,LATERAL_TRANQUILO,max_n_dias,1440,False,trail3R,ambos,326,6.4148941697217685,3,1.595274127682058,"{'reciente': (68, np.float64(1.6)), 'val2': (114, np.float64(4.15)), 'val1': (144, np.float64(10.48))}"
10194|trail3R|long,LATERAL_TRANQUILO,max_n_dias,1440,False,trail3R,long,246,10.901119701609044,3,4.817477012361195,"{'reciente': (52, np.float64(4.82)), 'val2': (99, np.float64(7.39)), 'val1': (95, np.float64(17.89))}"
10234|t12h|ambos,LATERAL_TRANQUILO,hora_dia,60,False,t12h,ambos,11824,0.5742802038071443,3,0.32271175832000004,"{'reciente': (2854, np.float64(0.53)), 'val2': (4752, np.float64(0.82)), 'val1': (4218, np.float64(0.32))}"
10234|t12h|long,LATERAL_TRANQUILO,hora_dia,60,False,t12h,long,11824,0.5742802038071443,3,0.32271175832000004,"{'reciente': (2854, np.float64(0.53)), 'val2': (4752, np.float64(0.82)), 'val1': (4218, np.float64(0.32))}"
10248|t12h|ambos,LATERAL_TRANQUILO,dia_semana,60,False,t12h,ambos,1705,1.9102159097526652,3,0.8027662022284913,"{'reciente': (367, np.float64(0.8)), 'val2': (687, np.float64(0.89)), 'val1': (651, np.float64(3.62))}"
10248|t12h|long,LATERAL_TRANQUILO,dia_semana,60,False,t12h,long,1705,1.9102159097526652,3,0.8027662022284913,"{'reciente': (367, np.float64(0.8)), 'val2': (687, np.float64(0.89)), 'val1': (651, np.float64(3.62))}"
10248|t24h|ambos,LATERAL_TRANQUILO,dia_semana,60,False,t24h,ambos,1705,0.6845853472081966,3,0.3230978364169707,"{'reciente': (367, np.float64(1.69)), 'val2': (687, np.float64(0.32)), 'val1': (651, np.float64(0.5))}"
10248|t24h|long,LATERAL_TRANQUILO,dia_semana,60,False,t24h,long,1705,0.6845853472081966,3,0.3230978364169707,"{'reciente': (367, np.float64(1.69)), 'val2': (687, np.float64(0.32)), 'val1': (651, np.float64(0.5))}"
10248|t48h|ambos,LATERAL_TRANQUILO,dia_semana,60,False,t48h,ambos,1705,1.4760407524762456,3,0.2787019658363686,"{'reciente': (367, np.float64(0.95)), 'val2': (687, np.float64(0.28)), 'val1': (651, np.float64(3.04))}"
10248|t48h|long,LATERAL_TRANQUILO,dia_semana,60,False,t48h,long,1705,1.4760407524762456,3,0.2787019658363686,"{'reciente': (367, np.float64(0.95)), 'val2': (687, np.float64(0.28)), 'val1': (651, np.float64(3.04))}"
10253|t24h|ambos,LATERAL_TRANQUILO,dia_semana,60,True,t24h,ambos,1684,0.7678403224474618,3,0.20784174396142283,"{'reciente': (409, np.float64(1.09)), 'val2': (690, np.float64(1.05)), 'val1': (585, np.float64(0.21))}"
10253|t24h|short,LATERAL_TRANQUILO,dia_semana,60,True,t24h,short,1684,0.7678403224474618,3,0.20784174396142283,"{'reciente': (409, np.float64(1.09)), 'val2': (690, np.float64(1.05)), 'val1': (585, np.float64(0.21))}"
10254|t72h|ambos,LATERAL_TRANQUILO,dia_semana,60,False,t72h,ambos,1707,4.592740526916892,3,0.19736147930450107,"{'reciente': (477, np.float64(0.2)), 'val2': (645, np.float64(6.5)), 'val1': (585, np.float64(6.08))}"
10254|t72h|long,LATERAL_TRANQUILO,dia_semana,60,False,t72h,long,1707,4.592740526916892,3,0.19736147930450107,"{'reciente': (477, np.float64(0.2)), 'val2': (645, np.float64(6.5)), 'val1': (585, np.float64(6.08))}"
20022|t168h|long,LATERAL_TRANQUILO,transv_momentum,60,False,t168h,long,210,2.450704179715167,3,0.8938151715552939,"{'reciente': (60, np.float64(0.89)), 'val2': (80, np.float64(3.39)), 'val1': (70, np.float64(2.71))}"
20044|t168h|ambos,LATERAL_TRANQUILO,transv_momentum,60,False,t168h,ambos,264,3.818180446401703,3,1.7058318520587927,"{'reciente': (78, np.float64(3.53)), 'val2': (102, np.float64(5.78)), 'val1': (84, np.float64(1.71))}"
20046|t168h|ambos,LATERAL_TRANQUILO,transv_momentum,60,False,t168h,ambos,440,2.5284721087745403,3,1.2532440272719025,"{'reciente': (130, np.float64(1.25)), 'val2': (170, np.float64(3.9)), 'val1': (140, np.float64(2.04))}"
24|obj2R|long,LATERAL_TRANQUILO,rsi2,60,False,obj2R,long,5241,0.8919524716417722,3,0.18167542061922082,"{'reciente': (1279, np.float64(0.18)), 'val2': (2173, np.float64(0.67)), 'val1': (1789, np.float64(1.66))}"
30|obj20pct|long,LATERAL_TRANQUILO,ema_cross,240,False,obj20pct,long,637,0.5705181473156526,3,0.2487642417886334,"{'reciente': (144, np.float64(0.25)), 'val2': (287, np.float64(0.88)), 'val1': (206, np.float64(0.37))}"
30|obj30pct|ambos,LATERAL_TRANQUILO,ema_cross,240,False,obj30pct,ambos,1203,0.6849561193338053,3,0.6032638281260696,"{'reciente': (317, np.float64(0.77)), 'val2': (493, np.float64(0.7)), 'val1': (393, np.float64(0.6))}"
30|obj30pct|long,LATERAL_TRANQUILO,ema_cross,240,False,obj30pct,long,637,1.105819947744959,3,0.3562432681426421,"{'reciente': (144, np.float64(0.36)), 'val2': (287, np.float64(1.48)), 'val1': (206, np.float64(1.11))}"
32|obj1R|ambos,LATERAL_TRANQUILO,ema_cross,240,False,obj1R,ambos,301,0.9274735347274136,3,0.5627834331383214,"{'reciente': (91, np.float64(0.56)), 'val2': (111, np.float64(0.64)), 'val1': (99, np.float64(1.59))}"
32|obj1R|long,LATERAL_TRANQUILO,ema_cross,240,False,obj1R,long,193,1.6501593001051067,3,1.1365922983887258,"{'reciente': (54, np.float64(1.76)), 'val2': (77, np.float64(1.98)), 'val1': (62, np.float64(1.14))}"
32|obj2R|ambos,LATERAL_TRANQUILO,ema_cross,240,False,obj2R,ambos,301,2.0229825780687123,3,1.052215231480477,"{'reciente': (91, np.float64(2.45)), 'val2': (111, np.float64(2.54)), 'val1': (99, np.float64(1.05))}"
32|obj2R|long,LATERAL_TRANQUILO,ema_cross,240,False,obj2R,long,193,3.4071258500958157,3,0.9623564322470407,"{'reciente': (54, np.float64(4.3)), 'val2': (77, np.float64(4.75)), 'val1': (62, np.float64(0.96))}"
32|obj3R_be|ambos,LATERAL_TRANQUILO,ema_cross,240,False,obj3R_be,ambos,301,1.8799893580506917,3,0.6493058591164933,"{'reciente': (91, np.float64(2.36)), 'val2': (111, np.float64(2.58)), 'val1': (99, np.float64(0.65))}"
32|obj3R_be|long,LATERAL_TRANQUILO,ema_cross,240,False,obj3R_be,long,193,3.6598532212411365,3,1.5311769470272905,"{'reciente': (54, np.float64(4.29)), 'val2': (77, np.float64(4.93)), 'val1': (62, np.float64(1.53))}"
32|obj3R|ambos,LATERAL_TRANQUILO,ema_cross,240,False,obj3R,ambos,301,1.9057992945945108,3,1.058037996470918,"{'reciente': (91, np.float64(1.83)), 'val2': (111, np.float64(2.72)), 'val1': (99, np.float64(1.06))}"
32|obj3R|long,LATERAL_TRANQUILO,ema_cross,240,False,obj3R,long,193,3.827958484070593,3,2.3442386543201366,"{'reciente': (54, np.float64(3.58)), 'val2': (77, np.float64(5.19)), 'val1': (62, np.float64(2.34))}"
32|trail2R|long,LATERAL_TRANQUILO,ema_cross,240,False,trail2R,long,193,3.6679114575065723,3,0.06956749614680156,"{'reciente': (54, np.float64(8.06)), 'val2': (77, np.float64(3.48)), 'val1': (62, np.float64(0.07))}"
32|trail3R|ambos,LATERAL_TRANQUILO,ema_cross,240,False,trail3R,ambos,301,1.3779967391320371,3,0.04178610203753135,"{'reciente': (91, np.float64(3.36)), 'val2': (111, np.float64(0.95)), 'val1': (99, np.float64(0.04))}"
32|trail3R|long,LATERAL_TRANQUILO,ema_cross,240,False,trail3R,long,193,3.4372405177553347,3,1.0324537350770113,"{'reciente': (54, np.float64(7.34)), 'val2': (77, np.float64(2.64)), 'val1': (62, np.float64(1.03))}"
36|obj2R|long,LATERAL_TRANQUILO,donchian,240,False,obj2R,long,2182,0.9024822234282253,3,0.12724022048404465,"{'reciente': (483, np.float64(1.2)), 'val2': (783, np.float64(1.63)), 'val1': (916, np.float64(0.13))}"
37|obj10pct|long,LATERAL_TRANQUILO,donchian,240,True,obj10pct,long,1090,0.5836713531912741,3,0.11712746630563253,"{'reciente': (368, np.float64(0.66)), 'val2': (181, np.float64(0.12)), 'val1': (541, np.float64(0.69))}"
38|obj1R|long,LATERAL_TRANQUILO,rsi2,240,False,obj1R,long,1381,2.5326924453664854,3,0.3923361407807897,"{'reciente': (405, np.float64(0.39)), 'val2': (480, np.float64(3.35)), 'val1': (496, np.float64(3.49))}"
38|obj20pct|long,LATERAL_TRANQUILO,rsi2,240,False,obj20pct,long,1381,0.5115478711895464,3,0.18360421929982962,"{'reciente': (405, np.float64(0.18)), 'val2': (480, np.float64(0.88)), 'val1': (496, np.float64(0.42))}"
38|obj30pct|long,LATERAL_TRANQUILO,rsi2,240,False,obj30pct,long,1381,1.0022702109097599,3,0.25006282849265,"{'reciente': (405, np.float64(0.25)), 'val2': (480, np.float64(1.6)), 'val1': (496, np.float64(1.04))}"
38|obj50pct|long,LATERAL_TRANQUILO,rsi2,240,False,obj50pct,long,1381,1.5974472325802611,3,0.3210531833417754,"{'reciente': (405, np.float64(0.32)), 'val2': (480, np.float64(2.8)), 'val1': (496, np.float64(1.47))}"
39|obj2R|long,LATERAL_TRANQUILO,rsi2,240,True,obj2R,long,1857,2.731851804502447,3,0.412484724991428,"{'reciente': (258, np.float64(0.8)), 'val2': (819, np.float64(5.55)), 'val1': (780, np.float64(0.41))}"
42|obj20pct|long,LATERAL_TRANQUILO,ema_cross,1440,False,obj20pct,long,222,1.0119649228825138,3,0.4781954046099601,"{'reciente': (59, np.float64(0.48)), 'val2': (89, np.float64(1.77)), 'val1': (74, np.float64(0.52))}"
42|obj2R|ambos,LATERAL_TRANQUILO,ema_cross,1440,False,obj2R,ambos,365,2.6843582079732804,3,0.09286145414259267,"{'reciente': (103, np.float64(0.09)), 'val2': (140, np.float64(0.9)), 'val1': (122, np.float64(6.92))}"
42|obj2R|long,LATERAL_TRANQUILO,ema_cross,1440,False,obj2R,long,222,7.852527093225745,3,2.8815325173418063,"{'reciente': (59, np.float64(2.88)), 'val2': (89, np.float64(10.31)), 'val1': (74, np.float64(8.86))}"
42|obj3R_be|long,LATERAL_TRANQUILO,ema_cross,1440,False,obj3R_be,long,222,10.782694698259121,3,0.623179001743385,"{'reciente': (59, np.float64(0.62)), 'val2': (89, np.float64(12.12)), 'val1': (74, np.float64(17.27))}"
42|obj3R|long,LATERAL_TRANQUILO,ema_cross,1440,False,obj3R,long,222,11.491567352766843,3,0.9605854889269585,"{'reciente': (59, np.float64(0.96)), 'val2': (89, np.float64(13.81)), 'val1': (74, np.float64(17.1))}"
42|trail3R|long,LATERAL_TRANQUILO,ema_cross,1440,False,trail3R,long,222,15.267922403480796,3,0.633821074895937,"{'reciente': (59, np.float64(0.63)), 'val2': (89, np.float64(16.26)), 'val1': (74, np.float64(25.75))}"
44|obj20pct|long,LATERAL_TRANQUILO,ema_cross,1440,False,obj20pct,long,163,1.8149257429621795,3,0.7548705183069775,"{'reciente': (60, np.float64(0.75)), 'val2': (59, np.float64(1.89)), 'val1': (44, np.float64(3.16))}"
44|obj30pct|long,LATERAL_TRANQUILO,ema_cross,1440,False,obj30pct,long,163,2.0543497906192574,3,0.33728985537107975,"{'reciente': (60, np.float64(0.34)), 'val2': (59, np.float64(2.39)), 'val1': (44, np.float64(3.94))}"
48|obj1R|long,LATERAL_TRANQUILO,donchian,1440,False,obj1R,long,722,2.453809644776072,3,0.7850275717537617,"{'reciente': (189, np.float64(0.84)), 'val2': (248, np.float64(0.79)), 'val1': (285, np.float64(4.98))}"
48|obj20pct|long,LATERAL_TRANQUILO,donchian,1440,False,obj20pct,long,722,1.1243601293747445,3,0.8716158192421672,"{'reciente': (189, np.float64(1.48)), 'val2': (248, np.float64(0.87)), 'val1': (285, np.float64(1.11))}"
48|obj30pct|long,LATERAL_TRANQUILO,donchian,1440,False,obj30pct,long,722,1.410375033704582,3,0.8386030500714011,"{'reciente': (189, np.float64(1.72)), 'val2': (248, np.float64(0.84)), 'val1': (285, np.float64(1.7))}"
48|obj50pct|long,LATERAL_TRANQUILO,donchian,1440,False,obj50pct,long,722,1.2740357868041037,3,0.6964615751267248,"{'reciente': (189, np.float64(1.51)), 'val2': (248, np.float64(0.7)), 'val1': (285, np.float64(1.62))}"
49|obj10pct|long,LATERAL_TRANQUILO,donchian,1440,True,obj10pct,long,376,0.5154199186527068,3,0.3327401451938965,"{'reciente': (126, np.float64(0.33)), 'val2': (61, np.float64(0.69)), 'val1': (189, np.float64(0.58))}"
50|obj20pct|long,LATERAL_TRANQUILO,donchian,1440,False,obj20pct,long,435,0.5684219001481737,3,0.1691509963947324,"{'reciente': (100, np.float64(0.81)), 'val2': (155, np.float64(0.17)), 'val1': (180, np.float64(0.78))}"
50|obj30pct|long,LATERAL_TRANQUILO,donchian,1440,False,obj30pct,long,435,0.6910772291302151,3,0.11458354576649789,"{'reciente': (100, np.float64(1.13)), 'val2': (155, np.float64(0.11)), 'val1': (180, np.float64(0.95))}"
53|obj1R|ambos,LATERAL_TRANQUILO,rsi2,1440,True,obj1R,ambos,630,5.800047219677208,3,4.205368960976403,"{'reciente': (149, np.float64(4.21)), 'val2': (218, np.float64(4.94)), 'val1': (263, np.float64(7.42))}"
53|obj1R|long,LATERAL_TRANQUILO,rsi2,1440,True,obj1R,long,541,6.888183907899757,3,4.094051480560386,"{'reciente': (139, np.float64(4.09)), 'val2': (207, np.float64(5.82)), 'val1': (195, np.float64(10.01))}"
53|obj20pct|ambos,LATERAL_TRANQUILO,rsi2,1440,True,obj20pct,ambos,630,0.8292358495955828,3,0.12395871217294145,"{'reciente': (149, np.float64(0.89)), 'val2': (218, np.float64(0.12)), 'val1': (263, np.float64(1.38))}"
53|obj20pct|long,LATERAL_TRANQUILO,rsi2,1440,True,obj20pct,long,541,1.0727974200987935,3,0.45060437041790624,"{'reciente': (139, np.float64(0.85)), 'val2': (207, np.float64(0.45)), 'val1': (195, np.float64(1.89))}"
53|obj2R|ambos,LATERAL_TRANQUILO,rsi2,1440,True,obj2R,ambos,630,10.817876571122087,3,3.3890161380350925,"{'reciente': (149, np.float64(3.39)), 'val2': (218, np.float64(10.31)), 'val1': (263, np.float64(15.45))}"
53|obj2R|long,LATERAL_TRANQUILO,rsi2,1440,True,obj2R,long,541,13.086687886906304,3,3.3122216738206496,"{'reciente': (139, np.float64(3.31)), 'val2': (207, np.float64(11.43)), 'val1': (195, np.float64(21.81))}"
53|obj30pct|ambos,LATERAL_TRANQUILO,rsi2,1440,True,obj30pct,ambos,630,1.3897387657451128,3,0.7709410653151982,"{'reciente': (149, np.float64(1.92)), 'val2': (218, np.float64(0.77)), 'val1': (263, np.float64(1.6))}"
53|obj30pct|long,LATERAL_TRANQUILO,rsi2,1440,True,obj30pct,long,541,1.8457745513760058,3,1.321281485593653,"{'reciente': (139, np.float64(1.85)), 'val2': (207, np.float64(1.32)), 'val1': (195, np.float64(2.4))}"
53|obj3R_be|ambos,LATERAL_TRANQUILO,rsi2,1440,True,obj3R_be,ambos,630,13.704547870208476,3,0.7564853799648984,"{'reciente': (149, np.float64(0.76)), 'val2': (218, np.float64(10.88)), 'val1': (263, np.float64(23.38))}"
53|obj3R_be|long,LATERAL_TRANQUILO,rsi2,1440,True,obj3R_be,long,541,16.77144448701541,3,0.37917677936502525,"{'reciente': (139, np.float64(0.38)), 'val2': (207, np.float64(12.04)), 'val1': (195, np.float64(33.48))}"
53|obj3R|ambos,LATERAL_TRANQUILO,rsi2,1440,True,obj3R,ambos,630,15.519488807788534,3,1.9453188574325109,"{'reciente': (149, np.float64(1.95)), 'val2': (218, np.float64(15.12)), 'val1': (263, np.float64(23.54))}"
53|obj3R|long,LATERAL_TRANQUILO,rsi2,1440,True,obj3R,long,541,18.923751897136047,3,1.6535378451396596,"{'reciente': (139, np.float64(1.65)), 'val2': (207, np.float64(16.5)), 'val1': (195, np.float64(33.8))}"
53|obj50pct|ambos,LATERAL_TRANQUILO,rsi2,1440,True,obj50pct,ambos,630,1.8721036426958664,3,1.4476487613529487,"{'reciente': (149, np.float64(2.58)), 'val2': (218, np.float64(1.9)), 'val1': (263, np.float64(1.45))}"
53|obj50pct|long,LATERAL_TRANQUILO,rsi2,1440,True,obj50pct,long,541,2.2079219405892894,3,1.5972388261044368,"{'reciente': (139, np.float64(2.72)), 'val2': (207, np.float64(2.44)), 'val1': (195, np.float64(1.6))}"
53|trail3R|ambos,LATERAL_TRANQUILO,rsi2,1440,True,trail3R,ambos,630,21.430760816037413,3,2.6719360855912293,"{'reciente': (149, np.float64(2.67)), 'val2': (218, np.float64(15.58)), 'val1': (263, np.float64(36.91))}"
53|trail3R|long,LATERAL_TRANQUILO,rsi2,1440,True,trail3R,long,541,25.807488246852852,3,2.4324296940292216,"{'reciente': (139, np.float64(2.43)), 'val2': (207, np.float64(16.98)), 'val1': (195, np.float64(51.84))}"
55|obj1R|ambos,LATERAL_TRANQUILO,rsi2,1440,True,obj1R,ambos,1142,3.84182957695596,3,1.3317685511738606,"{'reciente': (294, np.float64(1.33)), 'val2': (414, np.float64(3.82)), 'val1': (434, np.float64(5.56))}"
55|obj1R|long,LATERAL_TRANQUILO,rsi2,1440,True,obj1R,long,955,4.894901377620014,3,1.1333721948560729,"{'reciente': (262, np.float64(1.13)), 'val2': (364, np.float64(5.99)), 'val1': (329, np.float64(6.68))}"
55|obj20pct|ambos,LATERAL_TRANQUILO,rsi2,1440,True,obj20pct,ambos,1142,0.660378437463378,3,0.10754739598659784,"{'reciente': (294, np.float64(0.3)), 'val2': (414, np.float64(0.11)), 'val1': (434, np.float64(1.43))}"
55|obj20pct|long,LATERAL_TRANQUILO,rsi2,1440,True,obj20pct,long,955,0.9081884297320805,3,0.22001446207450132,"{'reciente': (262, np.float64(0.22)), 'val2': (364, np.float64(0.69)), 'val1': (329, np.float64(1.69))}"
55|obj30pct|ambos,LATERAL_TRANQUILO,rsi2,1440,True,obj30pct,ambos,1142,0.9238375558749233,3,0.1840484604762076,"{'reciente': (294, np.float64(0.18)), 'val2': (414, np.float64(0.53)), 'val1': (434, np.float64(1.8))}"
55|obj30pct|long,LATERAL_TRANQUILO,rsi2,1440,True,obj30pct,long,955,1.325773402489055,3,0.0526880559761853,"{'reciente': (262, np.float64(0.05)), 'val2': (364, np.float64(1.47)), 'val1': (329, np.float64(2.18))}"
61|trail2R|ambos,LATERAL_TRANQUILO,tsmom,240,True,trail2R,ambos,2019,1.1307535866636769,3,0.15401022713638196,"{'reciente': (545, np.float64(0.99)), 'val2': (676, np.float64(0.15)), 'val1': (798, np.float64(2.06))}"
61|trail3R|ambos,LATERAL_TRANQUILO,tsmom,240,True,trail3R,ambos,2019,0.8759734039388694,3,0.1524389561870142,"{'reciente': (545, np.float64(0.38)), 'val2': (676, np.float64(0.15)), 'val1': (798, np.float64(1.83))}"
64|obj1R|long,LATERAL_TRANQUILO,tsmom,1440,False,obj1R,long,582,4.282531493325148,3,1.8413655890249272,"{'reciente': (141, np.float64(1.84)), 'val2': (249, np.float64(7.34)), 'val1': (192, np.float64(2.12))}"
64|obj30pct|long,LATERAL_TRANQUILO,tsmom,1440,False,obj30pct,long,582,0.6290021137192096,3,0.4091014298302906,"{'reciente': (141, np.float64(0.41)), 'val2': (249, np.float64(0.79)), 'val1': (192, np.float64(0.58))}"
64|obj3R|ambos,LATERAL_TRANQUILO,tsmom,1440,False,obj3R,ambos,1140,2.8183765957256144,3,0.04959122187761075,"{'reciente': (297, np.float64(2.09)), 'val2': (479, np.float64(0.05)), 'val1': (364, np.float64(7.05))}"
64|obj50pct|long,LATERAL_TRANQUILO,tsmom,1440,False,obj50pct,long,582,1.425087707129241,3,0.8467117808881355,"{'reciente': (141, np.float64(1.04)), 'val2': (249, np.float64(2.09)), 'val1': (192, np.float64(0.85))}"
64|trail3R|ambos,LATERAL_TRANQUILO,tsmom,1440,False,trail3R,ambos,1140,3.725273996068816,3,0.17309113175988705,"{'reciente': (297, np.float64(2.42)), 'val2': (479, np.float64(0.17)), 'val1': (364, np.float64(9.47))}"
64|trail3R|long,LATERAL_TRANQUILO,tsmom,1440,False,trail3R,long,582,9.851068388030939,3,0.014820206415578744,"{'reciente': (141, np.float64(0.01)), 'val2': (249, np.float64(15.37)), 'val1': (192, np.float64(9.91))}"
67|obj1R|long,LATERAL_TRANQUILO,tsmom,1440,True,obj1R,long,394,6.941867622962561,3,1.2102451602051827,"{'reciente': (119, np.float64(1.21)), 'val2': (126, np.float64(14.12)), 'val1': (149, np.float64(5.45))}"
67|obj2R|long,LATERAL_TRANQUILO,tsmom,1440,True,obj2R,long,394,12.966064079622322,3,3.285242086209334,"{'reciente': (119, np.float64(3.29)), 'val2': (126, np.float64(24.71)), 'val1': (149, np.float64(10.77))}"
67|obj3R_be|long,LATERAL_TRANQUILO,tsmom,1440,True,obj3R_be,long,394,15.751324620750214,3,4.4454581208528445,"{'reciente': (119, np.float64(4.45)), 'val2': (126, np.float64(29.1)), 'val1': (149, np.float64(13.49))}"
67|obj3R|ambos,LATERAL_TRANQUILO,tsmom,1440,True,obj3R,ambos,842,5.136841078485469,3,1.4107365868521564,"{'reciente': (231, np.float64(1.41)), 'val2': (299, np.float64(3.87)), 'val1': (312, np.float64(9.11))}"
67|obj3R|long,LATERAL_TRANQUILO,tsmom,1440,True,obj3R,long,394,16.23642871330069,3,5.933689494812785,"{'reciente': (119, np.float64(5.93)), 'val2': (126, np.float64(29.32)), 'val1': (149, np.float64(13.4))}"
67|trail2R|ambos,LATERAL_TRANQUILO,tsmom,1440,True,trail2R,ambos,842,5.632357655334753,3,1.5360630179684622,"{'reciente': (231, np.float64(1.54)), 'val2': (299, np.float64(4.29)), 'val1': (312, np.float64(9.95))}"
67|trail2R|long,LATERAL_TRANQUILO,tsmom,1440,True,trail2R,long,394,16.972243137429423,3,5.199792286057864,"{'reciente': (119, np.float64(5.2)), 'val2': (126, np.float64(30.25)), 'val1': (149, np.float64(15.15))}"
67|trail3R|ambos,LATERAL_TRANQUILO,tsmom,1440,True,trail3R,ambos,842,7.173542458277455,3,4.2338067939688155,"{'reciente': (231, np.float64(4.23)), 'val2': (299, np.float64(5.16)), 'val1': (312, np.float64(11.28))}"
67|trail3R|long,LATERAL_TRANQUILO,tsmom,1440,True,trail3R,long,394,20.296437094029688,3,10.445201747470945,"{'reciente': (119, np.float64(10.45)), 'val2': (126, np.float64(32.4)), 'val1': (149, np.float64(17.93))}"
68|obj50pct|long,LATERAL_TRANQUILO,tsmom,1440,False,obj50pct,long,288,3.1925949848296895,3,0.9319850472163315,"{'reciente': (85, np.float64(0.93)), 'val2': (105, np.float64(6.34)), 'val1': (98, np.float64(1.78))}"
69|obj2R|long,LATERAL_TRANQUILO,tsmom,1440,True,obj2R,long,231,11.986804289336359,3,0.42870039125517934,"{'reciente': (75, np.float64(0.43)), 'val2': (90, np.float64(22.06)), 'val1': (66, np.float64(11.39))}"
69|obj3R_be|ambos,LATERAL_TRANQUILO,tsmom,1440,True,obj3R_be,ambos,519,1.5883014568439775,3,0.10442463853084058,"{'reciente': (160, np.float64(0.1)), 'val2': (195, np.float64(0.52)), 'val1': (164, np.float64(4.31))}"
69|obj3R_be|long,LATERAL_TRANQUILO,tsmom,1440,True,obj3R_be,long,231,15.220354707835545,3,6.561279727854117,"{'reciente': (75, np.float64(6.56)), 'val2': (90, np.float64(21.36)), 'val1': (66, np.float64(16.69))}"
69|obj3R|ambos,LATERAL_TRANQUILO,tsmom,1440,True,obj3R,ambos,519,1.7681486958919521,3,0.30223732321679625,"{'reciente': (160, np.float64(0.3)), 'val2': (195, np.float64(0.43)), 'val1': (164, np.float64(4.79))}"
69|obj3R|long,LATERAL_TRANQUILO,tsmom,1440,True,obj3R,long,231,15.474718392485252,3,6.522177376359937,"{'reciente': (75, np.float64(6.52)), 'val2': (90, np.float64(21.17)), 'val1': (66, np.float64(17.88))}"
69|trail2R|long,LATERAL_TRANQUILO,tsmom,1440,True,trail2R,long,231,19.427642520208543,3,11.332606619244652,"{'reciente': (75, np.float64(11.33)), 'val2': (90, np.float64(18.57)), 'val1': (66, np.float64(29.79))}"
69|trail3R|ambos,LATERAL_TRANQUILO,tsmom,1440,True,trail3R,ambos,519,4.6614858975037405,3,0.14914948430274722,"{'reciente': (160, np.float64(3.31)), 'val2': (195, np.float64(0.15)), 'val1': (164, np.float64(11.34))}"
69|trail3R|long,LATERAL_TRANQUILO,tsmom,1440,True,trail3R,long,231,21.75352110066712,3,12.26450196817698,"{'reciente': (75, np.float64(12.26)), 'val2': (90, np.float64(20.56)), 'val1': (66, np.float64(34.16))}"
91|obj20pct|ambos,LATERAL_TRANQUILO,bollinger_rev,240,True,obj20pct,ambos,1029,0.5414820761958987,3,0.00641689098945074,"{'reciente': (272, np.float64(0.4)), 'val2': (460, np.float64(0.01)), 'val1': (297, np.float64(1.5))}"
91|obj20pct|long,LATERAL_TRANQUILO,bollinger_rev,240,True,obj20pct,long,628,0.6450618285184945,3,0.2137933083783568,"{'reciente': (147, np.float64(0.21)), 'val2': (301, np.float64(0.5)), 'val1': (180, np.float64(1.23))}"
91|obj30pct|ambos,LATERAL_TRANQUILO,bollinger_rev,240,True,obj30pct,ambos,1029,0.602323833380748,3,0.05702720742485039,"{'reciente': (272, np.float64(0.19)), 'val2': (460, np.float64(0.06)), 'val1': (297, np.float64(1.83))}"
