periodo,fac,k,fecha,neto,solo_largo,solo_corto,reg
val0,mom7,5,2020-09-15,0.0467425734132973,-0.1527313907256346,0.2462165375522292,ALCISTA
val0,mom7,5,2020-09-22,-0.0007759830678061,0.1114338468150722,-0.1129858129506844,ALCISTA
val0,mom7,5,2020-09-29,0.1080935597410978,-0.171167691292474,0.3873548107746696,ALCISTA
val0,mom7,5,2020-10-06,-0.0404555792859917,0.0800881398185626,-0.1609992983905462,ALCISTA
val0,mom7,5,2020-10-13,-0.0666137218142707,-0.21444491176893,0.0812174681403885,ALCISTA
val0,mom7,5,2020-10-20,-0.0496683742405861,0.0569370876530558,-0.1562738361342282,ALCISTA
val0,mom7,5,2020-10-27,-0.0140230203332679,-0.2478483005540515,0.2198022598875156,ALCISTA
val0,mom7,5,2020-11-03,-0.2368003808000236,0.1231840756969433,-0.5967848372969905,ALCISTA
val0,mom7,5,2020-11-10,0.0702100682570142,0.2090093113711985,-0.06858917485717,EUFORIA
val0,mom7,5,2020-11-17,-0.11491637628572,0.0209026609576623,-0.2507354135291024,EUFORIA
val0,mom7,5,2020-11-24,-0.0499637664715245,-0.1165886325416481,0.016661099598599,EUFORIA
val0,mom7,5,2020-12-01,0.0129173516023565,0.0294330180428162,-0.0035983148381032,ALCISTA
val0,mom7,5,2020-12-08,0.037931946376819,0.1997823975543837,-0.1239185048007456,ALCISTA
val0,mom7,5,2020-12-15,0.0015381187476112,-0.0249343033181048,0.0280105408133273,ALCISTA
val0,mom7,5,2020-12-22,0.1695083891715241,0.2323160373935655,0.1067007409494827,ALCISTA
val0,mom7,5,2020-12-29,0.0699114950985595,0.247992457671837,-0.108169467474718,EUFORIA
val0,mom7,5,2021-01-05,-0.0951172855629011,-0.1113049504841004,-0.0789296206417018,EUFORIA
val0,mom7,5,2021-01-12,-0.1261301049858179,0.2394358682968111,-0.491696078268447,EUFORIA
val0,mom7,5,2021-01-19,0.1074066138965822,0.1790158828443461,0.0357973449488183,EUFORIA
val0,mom7,5,2021-01-26,0.1336563264904461,0.3262967667844091,-0.0589841138035168,ALCISTA
val0,mom7,5,2021-02-02,-0.077632798217152,0.3645822973715586,-0.5198478938058627,ALCISTA
val0,mom7,5,2021-02-09,-0.0403222028702407,-0.0248981371662454,-0.055746268574236,ALCISTA
val0,mom7,5,2021-02-16,-0.0283010339409719,-0.1553974792715358,0.0987954113895919,ALCISTA
val0,mom7,5,2021-02-23,-0.0896908276066432,-0.0806951221332973,-0.0986865330799891,EUFORIA
val0,mom7,5,2021-03-02,0.3875509559635086,0.9580963397425388,-0.1829944278155217,ALCISTA
val0,mom7,5,2021-03-09,0.1793224273760166,0.4325844467548589,-0.0739395920028255,ALCISTA
val0,mom7,5,2021-03-16,0.0547902702690431,0.040162030321453,0.0694185102166333,ALCISTA
val0,mom7,5,2021-03-23,-0.0093168292064695,0.3225020943545815,-0.3411357527675206,ALCISTA
val0,mom7,5,2021-03-30,-0.0615310641836956,0.0011286887120417,-0.124190817079433,ALCISTA
val0,mom7,5,2021-04-06,0.0582745251678309,0.1067480897329042,0.0098009606027575,ALCISTA
val0,mom7,5,2021-04-13,0.3502430383622722,0.5848449381907451,0.1156411385337993,ALCISTA
val0,mom7,5,2021-04-20,-0.1244724499401603,-0.1064831653843197,-0.1424617344960009,ALCISTA
val0,mom7,5,2021-04-27,-0.0377070361701153,0.0921583418445761,-0.1675724141848068,ALCISTA
val0,mom7,5,2021-05-04,0.1697753293755163,0.3347136958636709,0.0048369628873616,ALCISTA
val0,mom7,5,2021-05-11,-0.0881947274470906,-0.2711178680482795,0.0947284131540981,ALCISTA
val0,mom7,5,2021-05-18,-0.0205929945863406,-0.3846564423351211,0.3434704531624397,ALCISTA
val0,mom7,10,2020-09-15,0.029309489634026,-0.1147353864489166,0.1733543657169688,ALCISTA
val0,mom7,10,2020-09-22,0.0051360463565017,0.0786321360523627,-0.0683600433393592,ALCISTA
val0,mom7,10,2020-09-29,0.0953640603162558,-0.1328691978333146,0.3235973184658262,ALCISTA
val0,mom7,10,2020-10-06,-0.0730731383734907,0.0822427089766099,-0.2283889857235915,ALCISTA
val0,mom7,10,2020-10-13,-0.066285608652251,-0.2075203012749921,0.0749490839704899,ALCISTA
val0,mom7,10,2020-10-20,-0.025950016029163,0.0502520710749635,-0.1021521031332896,ALCISTA
val0,mom7,10,2020-10-27,0.0112605476904448,-0.2085917022203728,0.2311127976012624,ALCISTA
val0,mom7,10,2020-11-03,-0.2167432279643923,0.1087010603462524,-0.542187516275037,ALCISTA
val0,mom7,10,2020-11-10,0.0730401283253438,0.1891601058096532,-0.0430798491589655,EUFORIA
val0,mom7,10,2020-11-17,-0.0605229396673867,0.0856609330773998,-0.2067068124121733,EUFORIA
val0,mom7,10,2020-11-24,-0.0650592609308736,-0.1320959470708994,0.001977425209152,EUFORIA
val0,mom7,10,2020-12-01,0.005279206799393,0.0444977120044224,-0.0339392984056363,ALCISTA
val0,mom7,10,2020-12-08,0.0300839001937041,0.1402226754325458,-0.0800548750451376,ALCISTA
val0,mom7,10,2020-12-15,0.0499995422349938,0.0604629511506141,0.0395361333193735,ALCISTA
val0,mom7,10,2020-12-22,0.1180927651051865,0.114505264271337,0.121680265939036,ALCISTA
val0,mom7,10,2020-12-29,0.0291194521025641,0.2301445005678667,-0.1719055963627384,EUFORIA
val0,mom7,10,2021-01-05,-0.1134209310188844,-0.023677605610578,-0.2031642564271909,EUFORIA
val0,mom7,10,2021-01-12,-0.1368578205631162,0.175096019663548,-0.4488116607897804,EUFORIA
val0,mom7,10,2021-01-19,0.0747552397764818,0.1001209788395114,0.0493895007134523,EUFORIA
val0,mom7,10,2021-01-26,0.0842634522699277,0.261742861159944,-0.0932159566200885,ALCISTA
val0,mom7,10,2021-02-02,-0.0902544750594021,0.3558031545609192,-0.5363121046797236,ALCISTA
val0,mom7,10,2021-02-09,-0.081070067978527,-0.0244001672225862,-0.1377399687344679,ALCISTA
val0,mom7,10,2021-02-16,-0.0024667560054517,-0.1318675119467244,0.1269339999358209,ALCISTA
val0,mom7,10,2021-02-23,-0.0124611051455616,0.0690170627969133,-0.0939392730880367,EUFORIA
val0,mom7,10,2021-03-02,0.2347331445884027,0.6132593272710375,-0.143793038094232,ALCISTA
val0,mom7,10,2021-03-09,0.2100895145302423,0.3900729616545654,0.0301060674059192,ALCISTA
val0,mom7,10,2021-03-16,0.0366679300137693,-0.0311148209955198,0.1044506810230584,ALCISTA
val0,mom7,10,2021-03-23,-0.0217389848973395,0.2303685687542436,-0.2738465385489227,ALCISTA
val0,mom7,10,2021-03-30,-0.0109633998681902,0.0598838929984677,-0.0818106927348483,ALCISTA
val0,mom7,10,2021-04-06,0.0216486111772127,0.0542824751937413,-0.0109852528393159,ALCISTA
val0,mom7,10,2021-04-13,0.2015296370039833,0.2483140159222072,0.1547452580857594,ALCISTA
val0,mom7,10,2021-04-20,-0.0669565160442438,-0.0308593711798171,-0.1030536609086705,ALCISTA
val0,mom7,10,2021-04-27,-0.0254520890626366,0.0695731199863501,-0.1204772981116233,ALCISTA
val0,mom7,10,2021-05-04,0.0753227539469903,0.2077344145495585,-0.0570889066555779,ALCISTA
val0,mom7,10,2021-05-11,0.005914706622964,-0.0957133457811362,0.1075427590270643,ALCISTA
val0,mom7,10,2021-05-18,-0.0297226411786365,-0.3939784561594121,0.334533173802139,ALCISTA
val0,mom7,20,2020-09-15,0.0243525019526451,-0.1060406105791005,0.1547456144843908,ALCISTA
val0,mom7,20,2020-09-22,-0.0062707338806364,0.0662878546253124,-0.0788293223865854,ALCISTA
val0,mom7,20,2020-09-29,0.0255957092872281,-0.1497453107340914,0.2009367293085476,ALCISTA
val0,mom7,20,2020-10-06,-0.0529801915540334,0.1037429276360996,-0.2097033107441666,ALCISTA
val0,mom7,20,2020-10-13,-0.0449431273675386,-0.1719530843426868,0.0820668296076094,ALCISTA
val0,mom7,20,2020-10-20,0.002704216181857,0.0666414001221864,-0.0612329677584723,ALCISTA
val0,mom7,20,2020-10-27,0.0182203318284334,-0.1644380523225677,0.2008787159794346,ALCISTA
val0,mom7,20,2020-11-03,-0.1889693312457049,0.0923735156535782,-0.4703121781449882,ALCISTA
val0,mom7,20,2020-11-10,0.0390041169897426,0.1639605147109864,-0.0859522807315012,EUFORIA
val0,mom7,20,2020-11-17,-0.0294751506959345,0.1491316284574171,-0.2080819298492862,EUFORIA
val0,mom7,20,2020-11-24,-0.0376231170013075,-0.1285790200717089,0.0533327860690937,EUFORIA
val0,mom7,20,2020-12-01,-0.0030028145808452,-0.0214723105127625,0.0154666813510719,ALCISTA
val0,mom7,20,2020-12-08,-0.0003050388729594,0.0721452980037485,-0.0727553757496674,ALCISTA
val0,mom7,20,2020-12-15,0.0159310867115308,0.0120867867990788,0.0197753866239828,ALCISTA
val0,mom7,20,2020-12-22,0.0779054412598628,0.0654158459077734,0.0903950366119522,ALCISTA
val0,mom7,20,2020-12-29,0.0577796313939794,0.308100691304261,-0.1925414285163021,EUFORIA
val0,mom7,20,2021-01-05,-0.0448736970633358,0.0623394337182141,-0.1520868278448858,EUFORIA
val0,mom7,20,2021-01-12,-0.1069377186653914,0.2153064507148593,-0.4291818880456422,EUFORIA
val0,mom7,20,2021-01-19,0.1181156735403825,0.2026860599040929,0.0335452871766722,EUFORIA
val0,mom7,20,2021-01-26,0.003370920289495,0.2462264868189138,-0.2394846462399236,ALCISTA
val0,mom7,20,2021-02-02,-0.0116561666513372,0.4568854274716502,-0.4801977607743247,ALCISTA
val0,mom7,20,2021-02-09,-0.0417881004630316,0.1243863664618813,-0.2079625673879446,ALCISTA
val0,mom7,20,2021-02-16,0.0072054268270633,-0.1121488229851251,0.1265596766392519,ALCISTA
val0,mom7,20,2021-02-23,-0.0266851889405151,0.0399972594433555,-0.0933676373243858,EUFORIA
val0,mom7,20,2021-03-02,0.1306803354987826,0.462820784897415,-0.2014601138998497,ALCISTA
val0,mom7,20,2021-03-09,0.1226587867796348,0.270676548288943,-0.0253589747296734,ALCISTA
val0,mom7,20,2021-03-16,0.0405372126629948,0.0439358397837241,0.0371385855422655,ALCISTA
val0,mom7,20,2021-03-23,-0.0196710645794272,0.1799427994484081,-0.2192849286072626,ALCISTA
val0,mom7,20,2021-03-30,-0.0593173953099454,0.035766430086023,-0.154401220705914,ALCISTA
val0,mom7,20,2021-04-06,0.0307347054536621,0.0853249251973393,-0.023855514290015,ALCISTA
val0,mom7,20,2021-04-13,0.134369882912188,0.1490552636980268,0.1196845021263492,ALCISTA
val0,mom7,20,2021-04-20,-0.036572624141791,-0.0220993570179626,-0.0510458912656195,ALCISTA
val0,mom7,20,2021-04-27,-0.0191516772897001,0.0265754518705329,-0.0648788064499331,ALCISTA
val0,mom7,20,2021-05-04,0.0361381944316523,0.1451328933118335,-0.0728565044485288,ALCISTA
val0,mom7,20,2021-05-11,0.0022516630021411,-0.1301932163465949,0.1346965423508772,ALCISTA
val0,mom7,20,2021-05-18,-0.0486256847512325,-0.4148667136161894,0.3176153441137243,ALCISTA
val0,mom14,5,2020-09-15,0.0570521592169444,-0.0651597590398785,0.1792640774737674,ALCISTA
val0,mom14,5,2020-09-22,0.0261525769939777,0.0872458151725619,-0.0349406611846063,ALCISTA
val0,mom14,5,2020-09-29,0.2001051156379204,-0.0438679946859872,0.4440782259618281,ALCISTA
val0,mom14,5,2020-10-06,-0.0270779658646125,0.1453156401751322,-0.1994715719043572,ALCISTA
val0,mom14,5,2020-10-13,0.0069389636621528,-0.173467163123308,0.1873450904476136,ALCISTA
val0,mom14,5,2020-10-20,-0.0086866719493089,0.0951414849310977,-0.1125148288297156,ALCISTA
val0,mom14,5,2020-10-27,0.0720180658228871,-0.1238842952260696,0.2679204268718438,ALCISTA
val0,mom14,5,2020-11-03,-0.0687451725371713,0.2511441911294614,-0.3886345362038041,ALCISTA
val0,mom14,5,2020-11-10,0.0442886386446728,0.165179249575472,-0.0766019722861264,EUFORIA
val0,mom14,5,2020-11-17,-0.12311070102377,-0.0855364207288993,-0.1606849813186408,EUFORIA
val0,mom14,5,2020-11-24,0.0079215515227559,-0.0192225402442381,0.03506564328975,EUFORIA
val0,mom14,5,2020-12-01,-0.0652296368462141,-0.0789747476364903,-0.051484526055938,ALCISTA
val0,mom14,5,2020-12-08,0.0978332762367038,0.2735440538116624,-0.0778775013382548,ALCISTA
val0,mom14,5,2020-12-15,0.0619963276022658,0.0969679968023847,0.0270246584021468,ALCISTA
val0,mom14,5,2020-12-22,0.2131315466916732,0.2036052291885797,0.2226578641947667,ALCISTA
val0,mom14,5,2020-12-29,0.0408845035054331,0.285630081738658,-0.2038610747277917,EUFORIA
val0,mom14,5,2021-01-05,-0.1616206027413365,-0.1891001495011471,-0.1341410559815259,EUFORIA
val0,mom14,5,2021-01-12,-0.1344169972377673,0.094571732625198,-0.3634057271007327,EUFORIA
val0,mom14,5,2021-01-19,0.1970310010193603,0.3592844195027997,0.0347775825359208,EUFORIA
val0,mom14,5,2021-01-26,0.0684402365664595,0.2903071777858853,-0.1534267046529663,ALCISTA
val0,mom14,5,2021-02-02,-0.0166112937407563,0.3208270816468984,-0.3540496691284112,ALCISTA
val0,mom14,5,2021-02-09,-0.2045782626660781,-0.0263814544798463,-0.3827750708523098,ALCISTA
val0,mom14,5,2021-02-16,-0.052903643864738,-0.1459382624333243,0.0401309747038481,ALCISTA
val0,mom14,5,2021-02-23,-0.1121983647182763,-0.0806951221332973,-0.1437016073032554,EUFORIA
val0,mom14,5,2021-03-02,0.2000135013412884,0.7405562829285884,-0.3405292802460114,ALCISTA
val0,mom14,5,2021-03-09,0.2457705682586207,0.4580144274576773,0.0335267090595641,ALCISTA
val0,mom14,5,2021-03-16,0.0301145843801644,-0.0586452333682611,0.11887440212859,ALCISTA
val0,mom14,5,2021-03-23,0.1324785888787787,0.4307790119299656,-0.1658218341724082,ALCISTA
val0,mom14,5,2021-03-30,-0.069864691721799,-0.0808420534246475,-0.0588873300189506,ALCISTA
val0,mom14,5,2021-04-06,-0.0254162629521142,-0.0128165738698482,-0.0380159520343803,ALCISTA
val0,mom14,5,2021-04-13,0.2893589394481388,0.4391152073368191,0.1396026715594585,ALCISTA
val0,mom14,5,2021-04-20,-0.1171833044121406,-0.0723791084456574,-0.1619875003786239,ALCISTA
val0,mom14,5,2021-04-27,0.1925760452189202,0.4011200708035443,-0.0159679803657038,ALCISTA
val0,mom14,5,2021-05-04,-0.0425612067804989,0.1838810328599511,-0.2690034464209491,ALCISTA
val0,mom14,5,2021-05-11,-0.0689455939734514,-0.2359178563423532,0.0980266683954503,ALCISTA
val0,mom14,5,2021-05-18,0.0339655430264152,-0.3149729038650958,0.3829039899179263,ALCISTA
val0,mom14,10,2020-09-15,0.0297669563250843,-0.0779388628937821,0.1374727755439507,ALCISTA
val0,mom14,10,2020-09-22,0.0051059249876865,0.0899035470848618,-0.0796916971094887,ALCISTA
val0,mom14,10,2020-09-29,0.1300400619129558,-0.0754985632272707,0.3355786870531824,ALCISTA
val0,mom14,10,2020-10-06,-0.0257314488316013,0.1638380845699892,-0.2153009822331918,ALCISTA
val0,mom14,10,2020-10-13,0.0138182566365852,-0.1457552168002817,0.1733917300734522,ALCISTA
val0,mom14,10,2020-10-20,0.010046898291173,0.086035707009411,-0.065941910427065,ALCISTA
val0,mom14,10,2020-10-27,0.0600825970413257,-0.1122112377006279,0.2323764317832794,ALCISTA
val0,mom14,10,2020-11-03,-0.1609514190524049,0.1867064277309565,-0.5086092658357665,ALCISTA
val0,mom14,10,2020-11-10,0.0051294239739471,0.1422496473774993,-0.1319907994296051,EUFORIA
val0,mom14,10,2020-11-17,-0.109539952636336,0.0146633524062521,-0.2337432576789243,EUFORIA
val0,mom14,10,2020-11-24,0.0025900989605962,-0.0657283950585329,0.0709085929797253,EUFORIA
val0,mom14,10,2020-12-01,-0.032692699249161,-0.0619180864092442,-0.0034673120890778,ALCISTA
val0,mom14,10,2020-12-08,0.0472198665767836,0.1534805390647876,-0.0590408059112203,ALCISTA
val0,mom14,10,2020-12-15,0.0697909480787427,0.1098618821990766,0.0297200139584088,ALCISTA
val0,mom14,10,2020-12-22,0.1295459234136221,0.1251855302520745,0.1339063165751697,ALCISTA
val0,mom14,10,2020-12-29,0.09107998448812,0.3587555121559767,-0.1765955431797365,EUFORIA
val0,mom14,10,2021-01-05,-0.1318289357014063,-0.1267707633352629,-0.1368871080675497,EUFORIA
val0,mom14,10,2021-01-12,-0.1329691414239981,0.1307123997076203,-0.3966506825556167,EUFORIA
val0,mom14,10,2021-01-19,0.1330866321273427,0.2279026450122213,0.0382706192424642,EUFORIA
val0,mom14,10,2021-01-26,0.0442008686351745,0.2323731692530276,-0.1439714319826786,ALCISTA
val0,mom14,10,2021-02-02,0.0493929010634663,0.4582712877014459,-0.3594854855745133,ALCISTA
val0,mom14,10,2021-02-09,-0.1864475284497005,-0.0144067036902062,-0.3584883532091948,ALCISTA
val0,mom14,10,2021-02-16,-0.0171399279967575,-0.0164382697515482,-0.0178415862419668,ALCISTA
val0,mom14,10,2021-02-23,-0.062015753817344,0.0184337987619814,-0.1424653063966695,EUFORIA
val0,mom14,10,2021-03-02,0.0986652896114915,0.5397806504215037,-0.3424500711985206,ALCISTA
val0,mom14,10,2021-03-09,0.1805326593695362,0.3507233296001446,0.0103419891389279,ALCISTA
val0,mom14,10,2021-03-16,0.0500558329911775,0.0230442268575031,0.0770674391248519,ALCISTA
val0,mom14,10,2021-03-23,0.0777457492675083,0.2906389376313689,-0.1351474390963521,ALCISTA
val0,mom14,10,2021-03-30,-0.02276318600486,0.0703515640106277,-0.1158779360203478,ALCISTA
val0,mom14,10,2021-04-06,0.0456942332635316,0.0951400301972288,-0.0037515636701655,ALCISTA
val0,mom14,10,2021-04-13,0.2285143661242522,0.3072317424655716,0.1497969897829328,ALCISTA
val0,mom14,10,2021-04-20,-0.0805471969057303,-0.0153592200285786,-0.1457351737828821,ALCISTA
val0,mom14,10,2021-04-27,0.0956739960042212,0.1882916387038004,0.0030563533046421,ALCISTA
val0,mom14,10,2021-05-04,0.0235347015274006,0.2469409893910021,-0.1998715863362009,ALCISTA
val0,mom14,10,2021-05-11,-0.0780676863871019,-0.2259682146002979,0.069832841826094,ALCISTA
val0,mom14,10,2021-05-18,-0.0137364710061384,-0.3562978751082259,0.3288249330959489,ALCISTA
val0,mom14,20,2020-09-22,-0.0061369642658124,0.0658522085824767,-0.0781261371141017,ALCISTA
val0,mom14,20,2020-09-29,0.0809862493428362,-0.0951155434619831,0.2570880421476556,ALCISTA
val0,mom14,20,2020-10-06,-0.0356180153844056,0.1185396317370806,-0.1897756625058919,ALCISTA
val0,mom14,20,2020-10-13,0.0205725845196805,-0.1136485092893752,0.1547936783287362,ALCISTA
val0,mom14,20,2020-10-20,0.009571923736749,0.0747158689391166,-0.0555720214656185,ALCISTA
val0,mom14,20,2020-10-27,0.0538871030997085,-0.1245384185580772,0.2323126247574943,ALCISTA
val0,mom14,20,2020-11-03,-0.1497592845306285,0.1546580636007841,-0.4541766326620412,ALCISTA
val0,mom14,20,2020-11-10,0.020266132585281,0.1474205758307578,-0.1068883106601956,EUFORIA
val0,mom14,20,2020-11-17,-0.1096889470060216,0.0857931978843511,-0.3051710918963943,EUFORIA
val0,mom14,20,2020-11-24,0.0081900607165023,-0.0872990856255492,0.1036792070585538,EUFORIA
val0,mom14,20,2020-12-01,-0.010397223877341,-0.0273160126462442,0.0065215648915622,ALCISTA
val0,mom14,20,2020-12-08,0.019439523334479,0.0911818331414052,-0.0523027864724471,ALCISTA
val0,mom14,20,2020-12-15,0.020544722684097,0.0268482086304112,0.0142412367377828,ALCISTA
val0,mom14,20,2020-12-22,0.0764594012420353,0.0618097286193172,0.0911090738647534,ALCISTA
val0,mom14,20,2020-12-29,0.0526483840356128,0.2958202023744482,-0.1905234343032224,EUFORIA
val0,mom14,20,2021-01-05,-0.006815268208501,0.1007729638562054,-0.1144035002732075,EUFORIA
val0,mom14,20,2021-01-12,-0.068851860967185,0.2440979340728607,-0.3818016560072308,EUFORIA
val0,mom14,20,2021-01-19,0.0771548440171176,0.1611929966399972,-0.0068833086057619,EUFORIA
val0,mom14,20,2021-01-26,-0.0086657283347126,0.2268359738246232,-0.2441674304940485,ALCISTA
val0,mom14,20,2021-02-02,0.0077857060763058,0.4389852970046425,-0.4234138848520308,ALCISTA
val0,mom14,20,2021-02-09,-0.1372617435396324,0.0924654479447943,-0.3669889350240592,ALCISTA
val0,mom14,20,2021-02-16,-0.0442603626796321,-0.0632766978606391,-0.025244027498625,ALCISTA
val0,mom14,20,2021-02-23,-0.0265355898491801,0.0727469089371557,-0.125818088635516,EUFORIA
val0,mom14,20,2021-03-02,0.0755741711156559,0.4224312163303675,-0.2712828740990556,ALCISTA
val0,mom14,20,2021-03-09,0.1509510530647718,0.2753269714960625,0.026575134633481,ALCISTA
val0,mom14,20,2021-03-16,0.0263192477952667,0.0014827102204356,0.0511557853700978,ALCISTA
val0,mom14,20,2021-03-23,0.0622943978273494,0.249485209654772,-0.1248964140000731,ALCISTA
val0,mom14,20,2021-03-30,0.0080043847839985,0.1276359652893302,-0.111627195721333,ALCISTA
val0,mom14,20,2021-04-06,0.007174146108743,0.0548076057546812,-0.040459313537195,ALCISTA
val0,mom14,20,2021-04-13,0.1560006998609424,0.185500393103375,0.1265010066185098,ALCISTA
val0,mom14,20,2021-04-20,-0.0485236436665434,-0.0029242005061129,-0.0941230868269739,ALCISTA
val0,mom14,20,2021-04-27,0.0998230809519586,0.1842572360543101,0.0153889258496072,ALCISTA
val0,mom14,20,2021-05-04,-0.0077327421605137,0.1274512524499087,-0.1429167367709362,ALCISTA
val0,mom14,20,2021-05-11,-0.0592253323653504,-0.1915083560058561,0.0730576912751551,ALCISTA
val0,mom14,20,2021-05-18,-0.008997591209783,-0.3685760094116805,0.3505808269921144,ALCISTA
val0,mom30,5,2020-10-06,-0.1000709829711417,0.1269025293188539,-0.3270444952611375,ALCISTA
val0,mom30,5,2020-10-13,0.0541042623505195,-0.0961962190042031,0.2044047437052422,ALCISTA
val0,mom30,5,2020-10-20,-0.0665792495111603,0.0621936245487423,-0.195352123571063,ALCISTA
val0,mom30,5,2020-10-27,0.1047837622260164,-0.0429040736774338,0.2524715981294667,ALCISTA
val0,mom30,5,2020-11-03,-0.2061883166422043,0.1159877026929383,-0.528364335977347,ALCISTA
val0,mom30,5,2020-11-10,0.0801027698323856,0.2035650600124043,-0.043359520347633,EUFORIA
val0,mom30,5,2020-11-17,-0.1147327457098028,-0.0448302148651264,-0.1846352765544792,EUFORIA
val0,mom30,5,2020-11-24,0.024288735017732,-0.0192225402442381,0.0678000102797022,EUFORIA
val0,mom30,5,2020-12-01,-0.0200006596485494,-0.0171509621006277,-0.0228503571964711,ALCISTA
val0,mom30,5,2020-12-08,-0.0174442922443927,0.0539557795604483,-0.0888443640492339,ALCISTA
val0,mom30,5,2020-12-15,0.0789182743155244,0.0945203828344061,0.0633161657966429,ALCISTA
val0,mom30,5,2020-12-22,0.090933337289177,0.1172884022321403,0.0645782723462138,ALCISTA
val0,mom30,5,2020-12-29,0.0894072905724701,0.3758018401573656,-0.1969872590124254,EUFORIA
val0,mom30,5,2021-01-05,-0.086652262974497,-0.1119390416034334,-0.0613654843455607,EUFORIA
val0,mom30,5,2021-01-12,-0.0847761697387598,0.0512845078627379,-0.2208368473402576,EUFORIA
val0,mom30,5,2021-01-19,0.1079485752930758,0.2858340801038468,-0.069936929517695,EUFORIA
val0,mom30,5,2021-01-26,0.0895241393272709,0.3445374344777466,-0.1654891558232049,ALCISTA
val0,mom30,5,2021-02-02,-0.0650524228584633,0.3962537208298444,-0.526358566546771,ALCISTA
val0,mom30,5,2021-02-09,-0.2344133886674062,-0.0944851798264396,-0.3743415975083728,ALCISTA
val0,mom30,5,2021-02-16,0.1810657659546619,0.1772781546123218,0.1848533772970019,ALCISTA
val0,mom30,5,2021-02-23,0.0139677225849121,0.1708662745194241,-0.1429308293495998,EUFORIA
val0,mom30,5,2021-03-02,0.0721895930258884,0.2620888642044752,-0.1177096781526983,ALCISTA
val0,mom30,5,2021-03-09,0.1748807965793822,0.3372742665553301,0.0124873266034343,ALCISTA
val0,mom30,5,2021-03-16,0.0044141198387597,-0.0210819364012504,0.0299101760787699,ALCISTA
val0,mom30,5,2021-03-23,0.0355596856647869,0.1942909974500707,-0.1231716261204968,ALCISTA
val0,mom30,5,2021-03-30,-0.0998291395228967,-0.0477403367098069,-0.1519179423359866,ALCISTA
val0,mom30,5,2021-04-06,0.0130515720138337,0.0142685116674353,0.011834632360232,ALCISTA
val0,mom30,5,2021-04-13,0.0139591248929071,-0.090570544591815,0.1184887943776293,ALCISTA
val0,mom30,5,2021-04-20,-0.1138316459141856,-0.0904212399735978,-0.1372420518547734,ALCISTA
val0,mom30,5,2021-04-27,0.1638898801698061,0.4051801255095437,-0.0774003651699313,ALCISTA
val0,mom30,5,2021-05-04,0.0609937601488443,0.1102276242815162,0.0117598960161725,ALCISTA
val0,mom30,5,2021-05-11,0.1694326205337037,0.1322292170749714,0.206636023992436,ALCISTA
val0,mom30,5,2021-05-18,-0.0120499852206853,-0.291332969262297,0.2672329988209263,ALCISTA
val0,mom30,10,2020-10-06,-0.0762887998035927,0.1092364501714514,-0.261814049778637,ALCISTA
val0,mom30,10,2020-10-13,0.0464276827253522,-0.0885822363891185,0.1814376018398229,ALCISTA
val0,mom30,10,2020-10-20,-0.0308319889214407,0.0694424350702616,-0.131106412913143,ALCISTA
val0,mom30,10,2020-10-27,0.0868098169424814,-0.0901106166727516,0.2637302505577145,ALCISTA
val0,mom30,10,2020-11-03,-0.1862317419335462,0.1297540424966282,-0.5022175263637207,ALCISTA
val0,mom30,10,2020-11-10,0.0590906166225704,0.2027153911282368,-0.0845341578830959,EUFORIA
val0,mom30,10,2020-11-17,-0.0754053043376339,0.0632399582185431,-0.2140505668938111,EUFORIA
val0,mom30,10,2020-11-24,0.0595325115763177,0.0124166554197102,0.1066483677329252,EUFORIA
val0,mom30,10,2020-12-01,0.0037751431415062,-0.0109930158098566,0.0185433020928692,ALCISTA
val0,mom30,10,2020-12-08,0.0422621604400845,0.1329854138670528,-0.0484610929868838,ALCISTA
val0,mom30,10,2020-12-15,0.0434008707321241,0.0350233731305397,0.0517783683337085,ALCISTA
val0,mom30,10,2020-12-22,0.0762503374881921,0.0788767865303297,0.0736238884460545,ALCISTA
val0,mom30,10,2020-12-29,0.0557544936193834,0.3263419806771672,-0.2148329934384003,EUFORIA
val0,mom30,10,2021-01-05,-0.1111149900258392,-0.1144973394622633,-0.1077326405894152,EUFORIA
val0,mom30,10,2021-01-12,-0.0686917463624574,0.1591178145499601,-0.296501307274875,EUFORIA
val0,mom30,10,2021-01-19,0.0736499311043163,0.1829641006646399,-0.0356642384560073,EUFORIA
val0,mom30,10,2021-01-26,0.0700088417941393,0.2492532750262389,-0.1092355914379602,ALCISTA
val0,mom30,10,2021-02-02,0.0097798684818683,0.4306073570625851,-0.4110476200988484,ALCISTA
val0,mom30,10,2021-02-09,-0.1976171123830449,-0.066744291918148,-0.3284899328479418,ALCISTA
val0,mom30,10,2021-02-16,0.0753937585886021,0.0258782703309031,0.1249092468463011,ALCISTA
val0,mom30,10,2021-02-23,-0.0660354656373617,0.0546675278762337,-0.1867384591509572,EUFORIA
val0,mom30,10,2021-03-02,0.2040343662835551,0.591877202772784,-0.1838084702056737,ALCISTA
val0,mom30,10,2021-03-09,0.1585942948739353,0.2954534095131346,0.021735180234736,ALCISTA
val0,mom30,10,2021-03-16,0.0197148991087811,0.0305379446888302,0.008891853528732,ALCISTA
val0,mom30,10,2021-03-23,0.0969027173898274,0.2911293410354137,-0.0973239062557588,ALCISTA
val0,mom30,10,2021-03-30,-0.0945282038919224,-0.0685117657265167,-0.1205446420573281,ALCISTA
val0,mom30,10,2021-04-06,-0.0109299158108242,0.0194747146483276,-0.0413345462699761,ALCISTA
val0,mom30,10,2021-04-13,0.0788270307028807,0.009192140611495,0.1484619207942664,ALCISTA
val0,mom30,10,2021-04-20,-0.0583289498480965,-0.0309507976942209,-0.0857071020019721,ALCISTA
val0,mom30,10,2021-04-27,0.0734981191508487,0.1977303814269073,-0.0507341431252097,ALCISTA
val0,mom30,10,2021-05-04,0.0849510968776062,0.1535657345230779,0.0163364592321345,ALCISTA
val0,mom30,10,2021-05-11,0.0579267296889259,-0.0574526906627054,0.1733061500405574,ALCISTA
val0,mom30,10,2021-05-18,-0.0315589518219534,-0.35694134309318,0.2938234394492731,ALCISTA
val0,mom30,20,2020-10-06,-0.0604639002538649,0.1009228759739423,-0.2218506764816722,ALCISTA
val0,mom30,20,2020-10-13,0.0374273308850115,-0.0650503029015754,0.1399049646715985,ALCISTA
val0,mom30,20,2020-10-20,-0.0055714136445797,0.0724859593816385,-0.0836287866707979,ALCISTA
val0,mom30,20,2020-10-27,0.0681519503040022,-0.0996382443833425,0.235942144991347,ALCISTA
val0,mom30,20,2020-11-03,-0.1668498558441895,0.0974140525911349,-0.4311137642795139,ALCISTA
val0,mom30,20,2020-11-10,0.0540486735468019,0.1835219549525671,-0.0754246078589633,EUFORIA
val0,mom30,20,2020-11-17,-0.0095674334670837,0.1693570282151581,-0.1884918951493256,EUFORIA
val0,mom30,20,2020-11-24,0.0352914766931662,-0.0463068811724509,0.1168898345587834,EUFORIA
val0,mom30,20,2020-12-01,-0.0105760767613322,-0.0385955617648405,0.0174434082421759,ALCISTA
val0,mom30,20,2020-12-08,0.0221576843407459,0.0993632547289722,-0.0550478860474802,ALCISTA
val0,mom30,20,2020-12-15,0.0538937206048193,0.0563400851723934,0.0514473560372451,ALCISTA
val0,mom30,20,2020-12-22,0.0671481567564706,0.0616760129913609,0.0726203005215802,ALCISTA
val0,mom30,20,2020-12-29,0.0382031108351734,0.2888642293759665,-0.2124580077056196,EUFORIA
val0,mom30,20,2021-01-05,-0.0846265510328678,-0.0294327908671153,-0.1398203111986202,EUFORIA
val0,mom30,20,2021-01-12,-0.0442732626712987,0.2768676376253913,-0.3654141629679888,EUFORIA
val0,mom30,20,2021-01-19,0.1016644369094564,0.2131488585493878,-0.0098199847304749,EUFORIA
val0,mom30,20,2021-01-26,0.0602454269512152,0.2328318736010976,-0.1123410196986671,ALCISTA
val0,mom30,20,2021-02-02,-0.0116976568359569,0.3629160885070748,-0.3863114021789888,ALCISTA
val0,mom30,20,2021-02-09,-0.1115312367908499,0.0496573354105512,-0.2727198089922512,ALCISTA
val0,mom30,20,2021-02-16,0.0472579138824216,-0.0226182011016885,0.1171340288665317,ALCISTA
val0,mom30,20,2021-02-23,-0.032527621629299,0.0671467943983422,-0.1322020376569402,EUFORIA
val0,mom30,20,2021-03-02,0.1075357554682728,0.4446983130765076,-0.229626802139962,ALCISTA
val0,mom30,20,2021-03-09,0.1126741864268194,0.1833970491226415,0.0419513237309973,ALCISTA
val0,mom30,20,2021-03-16,0.0237938515310756,0.0365460065149415,0.0110416965472097,ALCISTA
val0,mom30,20,2021-03-23,0.1002432117191221,0.2766297310974977,-0.0761433076592534,ALCISTA
val0,mom30,20,2021-03-30,-0.0449607558950159,0.0459654949212012,-0.1358870067112332,ALCISTA
val0,mom30,20,2021-04-06,0.0024571028006336,0.050952439561525,-0.0460382339602577,ALCISTA
val0,mom30,20,2021-04-13,0.0352170901675447,-0.0416986315405373,0.1121328118756267,ALCISTA
val0,mom30,20,2021-04-20,-0.0360541210028822,-0.0234228487066782,-0.0486853932990862,ALCISTA
val0,mom30,20,2021-04-27,0.0619388392091293,0.1282906762544786,-0.0044129978362199,ALCISTA
val0,mom30,20,2021-05-04,0.0857846001979816,0.1733673422245178,-0.0017981418285545,ALCISTA
val0,mom30,20,2021-05-11,0.0415397215008567,-0.0983646155122643,0.1814440585139778,ALCISTA
val0,mom30,20,2021-05-18,-0.0166421179317603,-0.3580031610358457,0.324718925172325,ALCISTA
val1,mom7,5,2021-07-06,0.1058610434926004,0.0646503159652079,0.1470717710199929,LATERAL_VOLATIL
val1,mom7,5,2021-07-13,0.0093090667677921,-0.1776251109778143,0.1962432445133985,LATERAL_VOLATIL
val1,mom7,5,2021-07-20,-0.2326410060235359,0.2407121601798475,-0.7059941722269193,LATERAL_VOLATIL
val1,mom7,5,2021-07-27,-0.1616667244360137,-0.1257124069424095,-0.1976210419296179,LATERAL_TRANQUILO
val1,mom7,5,2021-08-03,-0.1271916346999066,0.0132464240889363,-0.2676296934887497,LATERAL_TRANQUILO
val1,mom7,5,2021-08-10,-0.0239912263155813,-0.0113556275691768,-0.0366268250619858,LATERAL_TRANQUILO
val1,mom7,5,2021-08-17,0.1415935854001459,0.3494940576263169,-0.0663068868260251,LATERAL_TRANQUILO
val1,mom7,5,2021-08-24,-0.0095721698198596,-0.0229907356766841,0.0038463960369649,LATERAL_TRANQUILO
val1,mom7,5,2021-08-31,0.0356684715886865,-0.048054240455035,0.1193911836324081,LATERAL_TRANQUILO
val1,mom7,5,2021-09-07,-0.0309894584257234,-0.0446851212517576,-0.0172937955996891,LATERAL_TRANQUILO
val1,mom7,5,2021-09-14,-0.0138294944189453,-0.244980773088055,0.2173217842501643,LATERAL_VOLATIL
val1,mom7,5,2021-09-21,0.1818357094615459,0.3578763302375209,0.005795088685571,LATERAL_TRANQUILO
val1,mom7,5,2021-09-28,-0.036802210790379,0.2122478978040757,-0.2858523193848338,LATERAL_VOLATIL
val1,mom7,5,2021-10-05,0.0506860687674766,0.089254417625483,0.0121177199094701,LATERAL_VOLATIL
val1,mom7,5,2021-10-12,-0.00023051547968,0.034969190782293,-0.035430221741653,LATERAL_VOLATIL
val1,mom7,5,2021-10-19,-0.0303573549560884,-0.0485977316178289,-0.012116978294348,LATERAL_VOLATIL
val1,mom7,5,2021-10-26,-0.0291585659745379,0.0744256053979693,-0.1327427373470452,ALCISTA
val1,mom7,5,2021-11-02,0.0607587870252019,0.123812600116778,-0.0022950260663741,ALCISTA
val1,mom7,5,2021-11-09,0.0469219738700327,0.1605048470478977,-0.0666608993078322,ALCISTA
val1,mom7,5,2021-11-16,0.3008971383212013,0.6368983886461758,-0.035104112003773,ALCISTA
val1,mom7,5,2021-11-23,0.0700714942017692,0.1306031449573398,0.0095398434461986,ALCISTA
val1,mom7,5,2021-11-30,0.0645642538825052,-0.1352897501805222,0.2644182579455326,ALCISTA
val1,mom7,5,2021-12-07,-0.0140550332977673,-0.167790036800041,0.1396799702045063,ALCISTA
val1,mom7,5,2021-12-14,-0.0770087466014618,-0.0495917476790179,-0.1044257455239056,ALCISTA
val1,mom7,5,2021-12-21,-0.0501376763305235,-0.0729830509044573,-0.0272923017565896,LATERAL_VOLATIL
val1,mom7,5,2021-12-28,-0.0116126474898377,0.0734487213254852,-0.0966740163051607,ALCISTA
val1,mom7,5,2022-01-04,0.0021758739993636,-0.1324599781210021,0.1368117261197293,LATERAL_TRANQUILO
val1,mom7,5,2022-01-11,0.0092433042796837,-0.0614408368783747,0.0799274454377421,LATERAL_TRANQUILO
val1,mom7,5,2022-01-18,-0.0517091677533946,-0.3684200786606335,0.2650017431538442,LATERAL_TRANQUILO
val1,mom7,5,2022-01-25,-0.0351867400899823,-0.0243058318356126,-0.0460676483443519,LATERAL_TRANQUILO
val1,mom7,5,2022-02-01,0.0012830049845605,0.0838170329942122,-0.081251023025091,LATERAL_TRANQUILO
val1,mom7,5,2022-02-08,0.0194533141479658,-0.0212666068232635,0.0601732351191952,LATERAL_TRANQUILO
val1,mom7,5,2022-02-15,0.0303520253783593,-0.1989496453246831,0.2596536960814019,LATERAL_TRANQUILO
val1,mom7,5,2022-02-22,0.0120125934983549,0.1498784885678026,-0.1258533015710927,LATERAL_VOLATIL
val1,mom7,5,2022-03-01,-0.0339470885056768,-0.1879656145194227,0.1200714375080689,LATERAL_TRANQUILO
val1,mom7,5,2022-03-08,-0.0516586578898763,0.012770164580451,-0.1160874803602037,BAJISTA
val1,mom7,5,2022-03-15,0.0452094657818291,0.167429833661204,-0.0770109020975458,BAJISTA
val1,mom7,5,2022-03-22,0.0559171842408986,0.2580309826003947,-0.1461966141185975,BAJISTA
val1,mom7,5,2022-03-29,0.0560233869392079,0.0955804379594946,0.0164663359189211,BAJISTA
val1,mom7,5,2022-04-05,-0.0620168756291726,-0.2409889436518541,0.1169551923935087,BAJISTA
val1,mom7,5,2022-04-12,0.063512364332782,0.2484435524283172,-0.1214188237627531,BAJISTA
val1,mom7,5,2022-04-19,-0.0236771142176501,-0.1976068397564183,0.1502526113211179,BAJISTA
val1,mom7,5,2022-04-26,-0.0401632039445893,-0.1935571072464394,0.1132306993572607,BAJISTA
val1,mom7,5,2022-05-03,0.0367941114324866,-0.1560596922122455,0.2296479150772188,BAJISTA
val1,mom7,5,2022-05-10,-0.0417574198664456,-0.1613501784970923,0.077835338764201,BAJISTA
val1,mom7,5,2022-05-17,-0.1750363869038504,-0.1039722623820759,-0.2461005114256249,BAJISTA
val1,mom7,5,2022-05-24,-0.1181303618630711,-0.0301409727125773,-0.2061197510135649,BAJISTA
val1,mom7,5,2022-05-31,0.6069553101829148,1.1342981729436736,0.0796124474221559,BAJISTA
val1,mom7,5,2022-06-07,-0.0584799286546627,-0.3640832176053675,0.247123360296042,BAJISTA
val1,mom7,5,2022-06-14,0.0115247841475764,0.0159969625539278,0.0070526057412251,BAJISTA
val1,mom7,5,2022-06-21,-0.0703958922190976,-0.0603548872402963,-0.0804368971978988,CAPITULACION
val1,mom7,5,2022-06-28,-0.0320244571431109,-0.0775892874072349,0.0135403731210129,BAJISTA
val1,mom7,5,2022-07-05,-0.0625953406267392,-0.1263656050422258,0.0011749237887473,BAJISTA
val1,mom7,5,2022-07-12,0.0722146285957334,0.3314097017619965,-0.1869804445705296,BAJISTA
val1,mom7,5,2022-07-19,0.0047792854787742,-0.0528999261413317,0.0624584970988803,BAJISTA
val1,mom7,5,2022-07-26,0.0775496759697608,0.3126580355833802,-0.1575586836438584,BAJISTA
val1,mom7,5,2022-08-02,-0.0042320903420992,0.0063364859253562,-0.0148006666095547,BAJISTA
val1,mom7,5,2022-08-09,-0.025250243179897,-0.0692599019287243,0.0187594155689302,BAJISTA
val1,mom7,5,2022-08-16,0.003166903838961,-0.1441251237248054,0.1504589314027275,BAJISTA
val1,mom7,5,2022-08-23,-0.0406417610476235,-0.2040050734164759,0.1227215513212288,BAJISTA
val1,mom7,5,2022-08-30,-0.0168312438906818,-0.1142555034373469,0.0805930156559833,BAJISTA
val1,mom7,5,2022-09-06,0.0296167346279183,0.1212038895066041,-0.0619704202507674,BAJISTA
val1,mom7,5,2022-09-13,0.0055860024411304,-0.0943477986471749,0.1055198035294359,BAJISTA
val1,mom7,5,2022-09-20,0.0260655041223417,0.0120045650190767,0.0401264432256067,BAJISTA
val1,mom7,5,2022-09-27,-0.0151699779750842,0.0037121308131991,-0.0340520867633677,BAJISTA
val1,mom7,5,2022-10-04,0.0192568260748302,-0.0510338360055283,0.0895474881551887,BAJISTA
val1,mom7,5,2022-10-11,0.074605985541934,0.1333437090395819,0.015868262044286,BAJISTA
val1,mom7,5,2022-10-18,-0.0330878790907122,-0.0755285834480886,0.009352825266664,BAJISTA
val1,mom7,5,2022-10-25,0.031249859295805,0.0701590685234644,-0.0076593499318543,BAJISTA
val1,mom7,5,2022-11-01,-0.002174399258402,-0.1647251505325148,0.1603763520157106,BAJISTA
val1,mom7,5,2022-11-08,0.128911949797639,-0.0807275398966623,0.3385514394919404,BAJISTA
val1,mom7,5,2022-11-15,-0.0384077745852218,-0.1256258435245254,0.0488102943540817,BAJISTA
val1,mom7,5,2022-11-22,0.096887484817598,0.1344700331903077,0.0593049364448884,BAJISTA
val1,mom7,5,2022-11-29,-0.0070027871685583,-0.0081705972597921,-0.0058349770773245,BAJISTA
val1,mom7,5,2022-12-06,0.0137766784712337,-0.0461572995693574,0.0737106565118249,BAJISTA
val1,mom7,5,2022-12-13,0.0304056546961628,-0.107659549493457,0.1684708588857827,BAJISTA
val1,mom7,5,2022-12-20,0.005855315650591,-0.0179232620521227,0.0296338933533048,BAJISTA
val1,mom7,10,2021-07-06,0.0941825715592404,0.0645954104023848,0.123769732716096,LATERAL_VOLATIL
val1,mom7,10,2021-07-13,-0.0171861850670298,-0.2253354934428292,0.1909631233087694,LATERAL_VOLATIL
val1,mom7,10,2021-07-20,-0.1332118761590943,0.2886007370411862,-0.5550244893593748,LATERAL_VOLATIL
val1,mom7,10,2021-07-27,-0.0928443113627755,0.0293526791884695,-0.2150413019140206,LATERAL_TRANQUILO
val1,mom7,10,2021-08-03,-0.1121359280659599,0.0900832580278968,-0.3143551141598167,LATERAL_TRANQUILO
val1,mom7,10,2021-08-10,0.0028098794667255,0.0853859465196341,-0.0797661875861829,LATERAL_TRANQUILO
val1,mom7,10,2021-08-17,0.1077710444836644,0.3008961917524357,-0.0853541027851068,LATERAL_TRANQUILO
val1,mom7,10,2021-08-24,-0.0289571640132596,-0.015107271021756,-0.0428070570047632,LATERAL_TRANQUILO
val1,mom7,10,2021-08-31,0.066823755673074,0.0068223027281892,0.1268252086179587,LATERAL_TRANQUILO
val1,mom7,10,2021-09-07,0.0540542257417252,0.1553031667786317,-0.0471947152951813,LATERAL_TRANQUILO
val1,mom7,10,2021-09-14,-0.0228230104522775,-0.2520265774647861,0.2063805565602309,LATERAL_VOLATIL
val1,mom7,10,2021-09-21,0.1068342023127909,0.213820961308716,-0.0001525566831341,LATERAL_TRANQUILO
val1,mom7,10,2021-09-28,-0.0440157047952135,0.2094990962320337,-0.2975305058224609,LATERAL_VOLATIL
val1,mom7,10,2021-10-05,0.0155861877347943,-0.0127432771046378,0.0439156525742266,LATERAL_VOLATIL
val1,mom7,10,2021-10-12,-0.0094356191390905,0.0606627855411654,-0.0795340238193466,LATERAL_VOLATIL
val1,mom7,10,2021-10-19,-0.0242086491745054,-0.0070935175313774,-0.0413237808176334,LATERAL_VOLATIL
val1,mom7,10,2021-10-26,-0.0695442452854986,0.0200082268840085,-0.1590967174550058,ALCISTA
val1,mom7,10,2021-11-02,-0.0004836820776366,0.0275414207491514,-0.0285087849044246,ALCISTA
val1,mom7,10,2021-11-09,-0.0005839930314826,-0.0090139042240045,0.0078459181610391,ALCISTA
val1,mom7,10,2021-11-16,0.1550808749856,0.3591526492476828,-0.0489908992764826,ALCISTA
val1,mom7,10,2021-11-23,0.0621486397794748,0.0738460178530576,0.0504512617058921,ALCISTA
val1,mom7,10,2021-11-30,0.0246895735287251,-0.2006621942284651,0.2500413412859154,ALCISTA
val1,mom7,10,2021-12-07,-0.0078733790352837,-0.1321044684211534,0.1163577103505859,ALCISTA
val1,mom7,10,2021-12-14,-0.0476201495656071,-0.0007848764363022,-0.094455422694912,ALCISTA
val1,mom7,10,2021-12-21,-0.0633875174980117,-0.0628420178100616,-0.0639330171859618,LATERAL_VOLATIL
val1,mom7,10,2021-12-28,-0.0386749193724318,-0.0185963987375757,-0.0587534400072878,ALCISTA
val1,mom7,10,2022-01-04,0.0145312765042215,-0.12593881408337,0.1550013670918131,LATERAL_TRANQUILO
val1,mom7,10,2022-01-11,0.0259126919374638,-0.029055052935925,0.0808804368108527,LATERAL_TRANQUILO
val1,mom7,10,2022-01-18,-0.0248828740334842,-0.3193883032453908,0.2696225551784223,LATERAL_TRANQUILO
val1,mom7,10,2022-01-25,-0.0014922905712583,0.0465109129953376,-0.0494954941378542,LATERAL_TRANQUILO
val1,mom7,10,2022-02-01,-0.0030121918316808,0.0752052912825342,-0.081229674945896,LATERAL_TRANQUILO
val1,mom7,10,2022-02-08,0.027858703941318,0.0130453186276814,0.0426720892549546,LATERAL_TRANQUILO
val1,mom7,10,2022-02-15,0.012329625129595,-0.1931078841818066,0.2177671344409966,LATERAL_TRANQUILO
val1,mom7,10,2022-02-22,0.0032164305211747,0.1154265110039441,-0.1089936499615946,LATERAL_VOLATIL
val1,mom7,10,2022-03-01,-0.0033960753640121,-0.1370943541891519,0.1303022034611275,LATERAL_TRANQUILO
val1,mom7,10,2022-03-08,-0.0357089113769469,-0.0248838020955596,-0.0465340206583343,BAJISTA
val1,mom7,10,2022-03-15,0.0154781395221536,0.1470618271243055,-0.1161055480799981,BAJISTA
val1,mom7,10,2022-03-22,0.0230005395420028,0.1833457612382374,-0.1373446821542318,BAJISTA
val1,mom7,10,2022-03-29,0.0090572581886662,-0.0092222122560585,0.0273367286333909,BAJISTA
val1,mom7,10,2022-04-05,-0.0291502208571073,-0.2087026814953829,0.1504022397811683,BAJISTA
val1,mom7,10,2022-04-12,0.0190120471547344,0.1437495848714518,-0.105725490561983,BAJISTA
val1,mom7,10,2022-04-19,0.0074791948571371,-0.1341073099033202,0.1490656996175944,BAJISTA
val1,mom7,10,2022-04-26,0.049737014680401,-0.037630999717338,0.1371050290781402,BAJISTA
val1,mom7,10,2022-05-03,0.0220033561265382,-0.1778688195276704,0.2218755317807469,BAJISTA
val1,mom7,10,2022-05-10,-0.0266194822461724,-0.1650125265811716,0.1117735620888267,BAJISTA
val1,mom7,10,2022-05-17,-0.1091219132076047,-0.0731265521992281,-0.1451172742159812,BAJISTA
val1,mom7,10,2022-05-24,-0.0454259207424462,0.0051770603665175,-0.09602890185141,BAJISTA
val1,mom7,10,2022-05-31,0.3322286216747515,0.5733681470922632,0.0910890962572398,BAJISTA
val1,mom7,10,2022-06-07,-0.0149073659159279,-0.2760653464699401,0.2462506146380841,BAJISTA
val1,mom7,10,2022-06-14,-0.0169563262172904,0.0201424142837719,-0.0540550667183527,BAJISTA
val1,mom7,10,2022-06-21,-0.0505304415147718,-0.0522550062715752,-0.0488058767579684,CAPITULACION
val1,mom7,10,2022-06-28,-0.0275818096489989,-0.0628065653338818,0.007642946035884,BAJISTA
val1,mom7,10,2022-07-05,-0.0428537665113009,-0.1211095232693528,0.0354019902467508,BAJISTA
val1,mom7,10,2022-07-12,0.0530040165458468,0.3348524986566585,-0.2288444655649648,BAJISTA
val1,mom7,10,2022-07-19,-0.0041427853804169,-0.0944771664859141,0.0861915957250803,BAJISTA
val1,mom7,10,2022-07-26,0.0769125751195496,0.2915511481535301,-0.1377259979144309,BAJISTA
val1,mom7,10,2022-08-02,-0.0247163216455894,-0.0147832124842585,-0.0346494308069204,BAJISTA
val1,mom7,10,2022-08-09,-0.0216678087153975,-0.0609945230605111,0.0176589056297161,BAJISTA
val1,mom7,10,2022-08-16,0.0143255694217886,-0.1183782346738416,0.1470293735174189,BAJISTA
val1,mom7,10,2022-08-23,-0.0083054681547883,-0.1236388996124936,0.1070279633029169,BAJISTA
val1,mom7,10,2022-08-30,0.0070219289550523,-0.0816400327856723,0.095683890695777,BAJISTA
val1,mom7,10,2022-09-06,0.0044501439546269,0.0887138441254263,-0.0798135562161725,BAJISTA
val1,mom7,10,2022-09-13,0.0127502073944694,-0.0758731216982976,0.1013735364872364,BAJISTA
val1,mom7,10,2022-09-20,0.0107180934475624,0.0049134440149993,0.0165227428801254,BAJISTA
val1,mom7,10,2022-09-27,-0.0220838897597356,-0.0058742434561481,-0.0382935360633232,BAJISTA
val1,mom7,10,2022-10-04,0.0023190367422818,-0.0493858443688993,0.054023917853463,BAJISTA
val1,mom7,10,2022-10-11,0.0595122138062145,0.1033351003223245,0.0156893272901045,BAJISTA
val1,mom7,10,2022-10-18,-0.0215049021628227,-0.0711408712409878,0.0281310669153423,BAJISTA
val1,mom7,10,2022-10-25,0.0170607934017105,0.0384305554000605,-0.0043089685966393,BAJISTA
val1,mom7,10,2022-11-01,0.0148120001043233,-0.1358659884647493,0.1654899886733961,BAJISTA
val1,mom7,10,2022-11-08,0.0667710364782161,-0.0669853564061074,0.2005274293625397,BAJISTA
val1,mom7,10,2022-11-15,-0.061103096215148,-0.1434192516535342,0.021213059223238,BAJISTA
val1,mom7,10,2022-11-22,0.0401064766444268,0.0723628534775153,0.0078500998113383,BAJISTA
val1,mom7,10,2022-11-29,-0.0046880596280909,0.0105998513967755,-0.0199759706529574,BAJISTA
val1,mom7,10,2022-12-06,-0.000852885867693,-0.0419764685867282,0.0402706968513421,BAJISTA
val1,mom7,10,2022-12-13,0.014111828685569,-0.1084332195905011,0.1366568769616391,BAJISTA
val1,mom7,10,2022-12-20,-0.0171620872419407,-0.0199484146157975,-0.0143757598680839,BAJISTA
val1,mom7,20,2021-07-06,0.0440242975724875,-0.0180739162726884,0.1061225114176634,LATERAL_VOLATIL
val1,mom7,20,2021-07-13,-0.0152654061739957,-0.2196175887102663,0.1890867763622749,LATERAL_VOLATIL
val1,mom7,20,2021-07-20,-0.1147100854405162,0.3085728481784776,-0.53799301905951,LATERAL_VOLATIL
val1,mom7,20,2021-07-27,-0.0688786679056634,0.0181564442852239,-0.1559137800965508,LATERAL_TRANQUILO
val1,mom7,20,2021-08-03,-0.0574789658352248,0.1739921049199897,-0.2889500365904394,LATERAL_TRANQUILO
val1,mom7,20,2021-08-10,-0.0109426109470862,0.0761267401352152,-0.0980119620293878,LATERAL_TRANQUILO
val1,mom7,20,2021-08-17,0.0388272997271484,0.1858471922445233,-0.1081925927902264,LATERAL_TRANQUILO
val1,mom7,20,2021-08-24,-0.0211313510909859,0.0130117017174093,-0.0552744038993812,LATERAL_TRANQUILO
val1,mom7,20,2021-08-31,0.0036635251491935,-0.0651471183344615,0.0724741686328487,LATERAL_TRANQUILO
val1,mom7,20,2021-09-07,0.0378109573863614,0.1184295536597167,-0.0428076388869938,LATERAL_TRANQUILO
val1,mom7,20,2021-09-14,-0.0164690251152104,-0.2480544313576241,0.2151163811272032,LATERAL_VOLATIL
val1,mom7,20,2021-09-21,0.055189502950694,0.1360872170134892,-0.0257082111121011,LATERAL_TRANQUILO
val1,mom7,20,2021-09-28,-0.0508314759979148,0.2198289321298354,-0.3214918841256652,LATERAL_VOLATIL
val1,mom7,20,2021-10-05,-0.001409205058829,-0.0499006503625634,0.0470822402449053,LATERAL_VOLATIL
val1,mom7,20,2021-10-12,-0.0136282325742844,0.0461321091139175,-0.0733885742624864,LATERAL_VOLATIL
val1,mom7,20,2021-10-19,-0.010113806642021,0.0583066032797622,-0.0785342165638044,LATERAL_VOLATIL
val1,mom7,20,2021-10-26,-0.0693980843028702,0.0285579243060907,-0.1673540929118312,ALCISTA
val1,mom7,20,2021-11-02,-0.0267615476683302,-0.00841576465599,-0.0451073306806704,ALCISTA
val1,mom7,20,2021-11-09,-0.0162830679431201,-0.0809281518460692,0.048362015959829,ALCISTA
val1,mom7,20,2021-11-16,0.0700266413705777,0.1774105348207716,-0.0373572520796162,ALCISTA
val1,mom7,20,2021-11-23,0.0227818794988349,0.0052330519702551,0.0403307070274146,ALCISTA
val1,mom7,20,2021-11-30,-0.0053334672931986,-0.2389197529978821,0.2282528184114847,ALCISTA
val1,mom7,20,2021-12-07,0.0026876433942762,-0.1258422885815568,0.1312175753701094,ALCISTA
val1,mom7,20,2021-12-14,-0.0318147616632665,0.0263150390243501,-0.0899445623508833,ALCISTA
val1,mom7,20,2021-12-21,-0.0331302462163102,0.0039778745846794,-0.0702383670172999,LATERAL_VOLATIL
val1,mom7,20,2021-12-28,0.0001878263362893,0.0310871721815908,-0.0307115195090122,ALCISTA
val1,mom7,20,2022-01-04,0.0174315537989822,-0.118310901325439,0.1531740089234035,LATERAL_TRANQUILO
val1,mom7,20,2022-01-11,0.0198680524034183,-0.0190231937175165,0.0587592985243533,LATERAL_TRANQUILO
val1,mom7,20,2022-01-18,-0.0013294034514226,-0.2810897695536539,0.2784309626508084,LATERAL_TRANQUILO
val1,mom7,20,2022-01-25,-0.04918774926437,0.0342353998298723,-0.1326108983586125,LATERAL_TRANQUILO
val1,mom7,20,2022-02-01,-0.0111374903387661,0.0867523598974124,-0.1090273405749447,LATERAL_TRANQUILO
val1,mom7,20,2022-02-08,0.0076804233487423,-0.0246268328560332,0.0399876795535179,LATERAL_TRANQUILO
val1,mom7,20,2022-02-15,0.010515898242209,-0.197999813649791,0.2190316101342091,LATERAL_TRANQUILO
val1,mom7,20,2022-02-22,0.0217149974508626,0.1577931982846233,-0.114363203382898,LATERAL_VOLATIL
val1,mom7,20,2022-03-01,-0.0070143119452406,-0.131910751796383,0.1178821279059017,LATERAL_TRANQUILO
val1,mom7,20,2022-03-08,-0.0157679881378545,-0.0174497901358927,-0.0140861861398162,BAJISTA
val1,mom7,20,2022-03-15,0.0093580275986475,0.1432489516758887,-0.1245328964785937,BAJISTA
val1,mom7,20,2022-03-22,0.0028330733335871,0.1576284872139921,-0.1519623405468178,BAJISTA
val1,mom7,20,2022-03-29,0.0222011615901695,0.0284454513217541,0.0159568718585849,BAJISTA
val1,mom7,20,2022-04-05,-0.0297024906366338,-0.2060164242788047,0.146611443005537,BAJISTA
val1,mom7,20,2022-04-12,0.0033061568431373,0.0829551943051319,-0.0763428806188572,BAJISTA
val1,mom7,20,2022-04-19,0.0141400557631914,-0.1223118551661884,0.1505919666925713,BAJISTA
val1,mom7,20,2022-04-26,0.0379924916755254,-0.0535969452632739,0.1295819286143247,BAJISTA
val1,mom7,20,2022-05-03,0.0046394565683509,-0.2174845104023398,0.2267634235390417,BAJISTA
val1,mom7,20,2022-05-10,0.0175864733422763,-0.1229783307045037,0.1581512773890564,BAJISTA
val1,mom7,20,2022-05-17,-0.0796886834675017,-0.060771358184195,-0.0986060087508084,BAJISTA
val1,mom7,20,2022-05-24,0.0233628620959826,0.0828897530419136,-0.0361640288499483,BAJISTA
val1,mom7,20,2022-05-31,0.1515646607669455,0.2268764751783469,0.076252846355544,BAJISTA
val1,mom7,20,2022-06-07,0.0057834528166602,-0.2568095935649093,0.2683764991982297,BAJISTA
val1,mom7,20,2022-06-14,-0.0542136063288381,0.0241227949005446,-0.1325500075582208,BAJISTA
val1,mom7,20,2022-06-21,-0.024957691084899,-0.024812143354222,-0.0251032388155759,CAPITULACION
val1,mom7,20,2022-06-28,-0.0175974951166401,-0.0399745720487565,0.0047795818154762,BAJISTA
val1,mom7,20,2022-07-05,-0.0109605603526725,-0.0768170679033549,0.0548959471980098,BAJISTA
val1,mom7,20,2022-07-12,-0.0057395317510419,0.2829875965508631,-0.2944666600529471,BAJISTA
val1,mom7,20,2022-07-19,-0.0239604118767917,-0.1266807697083323,0.0787599459547487,BAJISTA
val1,mom7,20,2022-07-26,0.0251452581222599,0.2387885987557281,-0.1884980825112083,BAJISTA
val1,mom7,20,2022-08-02,-0.0129646519920033,0.013762295414554,-0.0396915993985607,BAJISTA
val1,mom7,20,2022-08-09,-0.0245152287522711,-0.046825571411011,-0.0022048860935311,BAJISTA
val1,mom7,20,2022-08-16,-0.0075290087348484,-0.1637424293247581,0.1486844118550612,BAJISTA
val1,mom7,20,2022-08-23,-0.0022333133066784,-0.0854765821992271,0.0810099555858703,BAJISTA
val1,mom7,20,2022-08-30,-0.0051118427663416,-0.0729929810033624,0.062769295470679,BAJISTA
val1,mom7,20,2022-09-06,-0.0062744773897381,0.0488123063783803,-0.0613612611578566,BAJISTA
val1,mom7,20,2022-09-13,0.0010656372986735,-0.0852264995315368,0.0873577741288839,BAJISTA
val1,mom7,20,2022-09-20,0.0197485293628574,0.0253871732437935,0.0141098854819212,BAJISTA
val1,mom7,20,2022-09-27,-0.0059132441974518,0.0139781245411083,-0.0258046129360119,BAJISTA
val1,mom7,20,2022-10-04,0.0084172269389689,-0.0548632658037631,0.071697719681701,BAJISTA
val1,mom7,20,2022-10-11,0.0302993266497144,0.0447717376593933,0.0158269156400356,BAJISTA
val1,mom7,20,2022-10-18,-0.007218333121532,-0.0198995955126795,0.0054629292696154,BAJISTA
val1,mom7,20,2022-10-25,0.0258174394664497,0.0837912069435642,-0.0321563280106648,BAJISTA
val1,mom7,20,2022-11-01,-0.0072611955096769,-0.1234059624411604,0.1088835714218065,BAJISTA
val1,mom7,20,2022-11-08,0.0433388764467891,-0.0709604106647743,0.1576381635583526,BAJISTA
val1,mom7,20,2022-11-15,-0.0265703479038211,-0.0895737048402104,0.0364330090325682,BAJISTA
val1,mom7,20,2022-11-22,0.0085671016822403,0.0445705702647627,-0.0274363669002819,BAJISTA
val1,mom7,20,2022-11-29,-0.0040533851071805,0.0021200742863188,-0.01022684450068,BAJISTA
val1,mom7,20,2022-12-06,-0.001913267921269,-0.0454457941371807,0.0416192582946427,BAJISTA
val1,mom7,20,2022-12-13,0.0137909233161456,-0.1137725772108071,0.1413544238430984,BAJISTA
val1,mom7,20,2022-12-20,-0.0091509482336644,-0.0142892309317098,-0.0040126655356189,BAJISTA
val1,mom14,5,2021-07-06,0.1329192757873583,0.1485477864259409,0.1172907651487758,LATERAL_VOLATIL
val1,mom14,5,2021-07-13,-0.0358318901607842,-0.2659416497472481,0.1942778694256794,LATERAL_VOLATIL
val1,mom14,5,2021-07-20,0.1712701172474368,0.747332645588418,-0.4047924110935443,LATERAL_VOLATIL
val1,mom14,5,2021-07-27,-0.1584637031927767,-0.1162608212633198,-0.2006665851222335,LATERAL_TRANQUILO
val1,mom14,5,2021-08-03,0.0002931096720876,0.1909551937318505,-0.1903689743876751,LATERAL_TRANQUILO
val1,mom14,5,2021-08-10,0.0737633823256451,0.091778808651693,0.0557479559995973,LATERAL_TRANQUILO
val1,mom14,5,2021-08-17,0.0833382547764785,0.2900051207288848,-0.1233286111759277,LATERAL_TRANQUILO
val1,mom14,5,2021-08-24,-0.1385548131291797,-0.0771806706794734,-0.1999289555788859,LATERAL_TRANQUILO
val1,mom14,5,2021-08-31,0.1245428805623827,0.1825178296176691,0.0665679315070963,LATERAL_TRANQUILO
val1,mom14,5,2021-09-07,-0.0528346044298388,-0.0245357237170499,-0.0811334851426276,LATERAL_TRANQUILO
val1,mom14,5,2021-09-14,-0.0196830643147649,-0.2382953512326745,0.1989292226031446,LATERAL_VOLATIL
val1,mom14,5,2021-09-21,0.0788889010875502,0.1984012393843435,-0.040623437209243,LATERAL_TRANQUILO
val1,mom14,5,2021-09-28,-0.1283534505396629,0.0404966566550833,-0.2972035577344092,LATERAL_VOLATIL
val1,mom14,5,2021-10-05,0.0463417897198324,0.0649320432400822,0.0277515361995825,LATERAL_VOLATIL
val1,mom14,5,2021-10-12,0.021106017074882,0.0204887121022435,0.0217233220475205,LATERAL_VOLATIL
val1,mom14,5,2021-10-19,0.0544486502121623,0.1852054910257107,-0.076308190601386,LATERAL_VOLATIL
val1,mom14,5,2021-10-26,0.0284301598502382,0.0253495420933786,0.0315107776070979,ALCISTA
val1,mom14,5,2021-11-02,0.0236826245764541,0.0396891329980337,0.0076761161548744,ALCISTA
val1,mom14,5,2021-11-09,0.1602405023632976,0.1846957085396712,0.1357852961869239,ALCISTA
val1,mom14,5,2021-11-16,0.0825688088509205,0.1153915215636868,0.0497460961381542,ALCISTA
val1,mom14,5,2021-11-23,0.0069753244017551,0.0625412213470624,-0.0485905725435522,ALCISTA
val1,mom14,5,2021-11-30,-0.0305596034431169,-0.2744670952548952,0.2133478883686614,ALCISTA
val1,mom14,5,2021-12-07,-0.0090317826578576,-0.156093986580033,0.1380304212643176,ALCISTA
val1,mom14,5,2021-12-14,0.0273385390173131,0.1041536211092967,-0.0494765430746705,ALCISTA
val1,mom14,5,2021-12-21,-0.0634850024584159,0.0184683491547248,-0.1454383540715567,LATERAL_VOLATIL
val1,mom14,5,2021-12-28,0.0557151222056453,0.0904174364847506,0.02101280792654,ALCISTA
val1,mom14,5,2022-01-04,0.0185574480097046,-0.1281602276051936,0.1652751236246029,LATERAL_TRANQUILO
val1,mom14,5,2022-01-11,0.0214484143794963,-0.0572840829444533,0.100180911703446,LATERAL_TRANQUILO
val1,mom14,5,2022-01-18,0.013140712780216,-0.244303454987884,0.2705848805483161,LATERAL_TRANQUILO
val1,mom14,5,2022-01-25,-0.1734338020892317,-0.0489057415610917,-0.2979618626173716,LATERAL_TRANQUILO
val1,mom14,5,2022-02-01,-0.0710270246277327,-0.0043882723182585,-0.1376657769372069,LATERAL_TRANQUILO
val1,mom14,5,2022-02-08,-0.0179555849279863,-0.0412896850671432,0.0053785152111705,LATERAL_TRANQUILO
val1,mom14,5,2022-02-15,0.0104320450373751,-0.2383599620899736,0.2592240521647239,LATERAL_TRANQUILO
val1,mom14,5,2022-02-22,-0.0173545018722161,0.141435573015743,-0.1761445767601755,LATERAL_VOLATIL
val1,mom14,5,2022-03-01,-0.0157656562820081,-0.167943848137632,0.1364125355736158,LATERAL_TRANQUILO
val1,mom14,5,2022-03-08,0.0318300058909526,0.0339400876200075,0.0297199241618976,BAJISTA
val1,mom14,5,2022-03-15,0.0693855984887698,0.2384848066454866,-0.099713609667947,BAJISTA
val1,mom14,5,2022-03-22,0.0354143760871636,0.206265023458101,-0.1354362712837737,BAJISTA
val1,mom14,5,2022-03-29,0.0574011691469974,0.0443593952712363,0.0704429430227586,BAJISTA
val1,mom14,5,2022-04-05,-0.049431961307176,-0.2292991513049444,0.1304352286905922,BAJISTA
val1,mom14,5,2022-04-12,0.0812532761094419,0.2251548452815281,-0.0626482930626442,BAJISTA
val1,mom14,5,2022-04-19,0.0797102450701428,0.0076109814327203,0.1518095087075653,BAJISTA
val1,mom14,5,2022-04-26,-0.0281320638434891,-0.1808545222671293,0.124590394580151,BAJISTA
val1,mom14,5,2022-05-03,-0.0305413582642245,-0.202772334625773,0.1416896180973238,BAJISTA
val1,mom14,5,2022-05-10,-0.0117130704915942,-0.0342920936167536,0.0108659526335651,BAJISTA
val1,mom14,5,2022-05-17,-0.1313794322324911,-0.0672928229758067,-0.1954660414891755,BAJISTA
val1,mom14,5,2022-05-24,-0.0783450683647816,0.009885349937612,-0.1665754866671752,BAJISTA
val1,mom14,5,2022-05-31,0.7046813259766674,1.2986352234877498,0.1107274284655847,BAJISTA
val1,mom14,5,2022-06-07,-0.0228386300876444,-0.360640535539909,0.3149632753646201,BAJISTA
val1,mom14,5,2022-06-14,-0.1574043362806844,-0.0971114183197187,-0.2176972542416502,BAJISTA
val1,mom14,5,2022-06-21,-0.0798899946174636,-0.0681625049253754,-0.0916174843095519,CAPITULACION
val1,mom14,5,2022-06-28,0.0013163687442776,-0.0003389365467644,0.0029716740353197,BAJISTA
val1,mom14,5,2022-07-05,-0.0807520098904082,-0.1255702812207125,-0.0359337385601039,BAJISTA
val1,mom14,5,2022-07-12,0.0514619972343578,0.3613649686303267,-0.258440974161611,BAJISTA
val1,mom14,5,2022-07-19,0.0559920627649218,-0.0423745842248026,0.1543587097546464,BAJISTA
val1,mom14,5,2022-07-26,0.1154242476968126,0.3978222115849421,-0.1669737161913169,BAJISTA
val1,mom14,5,2022-08-02,-0.0492559609994593,0.0218902960905778,-0.1204022180894964,BAJISTA
val1,mom14,5,2022-08-09,-0.0399335796537786,-0.0658931411839844,-0.0139740181235727,BAJISTA
val1,mom14,5,2022-08-16,0.0135776432541654,-0.1093453183746508,0.1365006048829817,BAJISTA
val1,mom14,5,2022-08-23,-0.0290327036122372,-0.1389980216703103,0.0809326144458357,BAJISTA
val1,mom14,5,2022-08-30,0.0054847278105976,-0.0819104764010354,0.0928799320222308,BAJISTA
val1,mom14,5,2022-09-06,0.0077340020183054,0.0968865607499779,-0.0814185567133669,BAJISTA
val1,mom14,5,2022-09-13,-0.055497010459141,-0.1236786810700223,0.0126846601517402,BAJISTA
val1,mom14,5,2022-09-20,0.0126883295129387,0.0254558782845955,-7.921925871800942e-05,BAJISTA
val1,mom14,5,2022-09-27,-0.0112395653648521,-0.0071926978920688,-0.0152864328376353,BAJISTA
val1,mom14,5,2022-10-04,0.0104169714015585,-0.0886414980231925,0.1094754408263097,BAJISTA
val1,mom14,5,2022-10-11,0.0536527756812164,0.0463182313589773,0.0609873200034555,BAJISTA
val1,mom14,5,2022-10-18,-0.0557766364610412,-0.0898454765472291,-0.0217077963748533,BAJISTA
val1,mom14,5,2022-10-25,-0.0364522124015694,-0.0129327010708948,-0.059971723732244,BAJISTA
val1,mom14,5,2022-11-01,0.0105539891847136,-0.1302651199906401,0.1513730983600675,BAJISTA
val1,mom14,5,2022-11-08,0.1409277652603345,-0.0559214027729895,0.3377769332936586,BAJISTA
val1,mom14,5,2022-11-15,-0.0597693468145582,-0.1452845738582252,0.0257458802291088,BAJISTA
val1,mom14,5,2022-11-22,-0.0096921227252813,0.0047712125070297,-0.0241554579575923,BAJISTA
val1,mom14,5,2022-11-29,-0.0080347318192921,0.011333305146694,-0.0274027687852784,BAJISTA
val1,mom14,5,2022-12-06,-0.0057870600835722,-0.0729002100999369,0.0613260899327925,BAJISTA
val1,mom14,5,2022-12-13,-0.0010938778106006,-0.0986835074783281,0.0964957518571269,BAJISTA
val1,mom14,5,2022-12-20,0.0198804984780721,0.0184457045645518,0.0213152923915924,BAJISTA
val1,mom14,10,2021-07-06,0.0582511469177436,0.0433683433541346,0.0731339504813525,LATERAL_VOLATIL
val1,mom14,10,2021-07-13,-0.0127613476440753,-0.2156899077340926,0.1901672124459419,LATERAL_VOLATIL
val1,mom14,10,2021-07-20,0.0931266931049635,0.547404176330298,-0.361150790120371,LATERAL_VOLATIL
val1,mom14,10,2021-07-27,-0.0521250752995406,0.0354883777459866,-0.1397385283450679,LATERAL_TRANQUILO
val1,mom14,10,2021-08-03,-0.0415420580995989,0.1173968075712605,-0.2004809237704583,LATERAL_TRANQUILO
val1,mom14,10,2021-08-10,0.0306503856633309,0.0703254611814196,-0.0090246898547576,LATERAL_TRANQUILO
val1,mom14,10,2021-08-17,0.0569561095602639,0.2250726672341631,-0.1111604481136351,LATERAL_TRANQUILO
val1,mom14,10,2021-08-24,-0.0303198282065184,0.0965561979844413,-0.1571958543974782,LATERAL_TRANQUILO
val1,mom14,10,2021-08-31,0.0015402035247666,-0.005084233695626,0.0081646407451593,LATERAL_TRANQUILO
val1,mom14,10,2021-09-07,0.0335043946216926,0.1182827571201044,-0.051273967876719,LATERAL_TRANQUILO
val1,mom14,10,2021-09-14,-0.0115160328555862,-0.2331972093497287,0.2101651436385562,LATERAL_VOLATIL
val1,mom14,10,2021-09-21,0.0349338524984314,0.1004986139661651,-0.0306309089693023,LATERAL_TRANQUILO
val1,mom14,10,2021-09-28,0.0154832818710905,0.3582063002344353,-0.3272397364922542,LATERAL_VOLATIL
val1,mom14,10,2021-10-05,0.0238456086126962,-0.0074346092229542,0.0551258264483468,LATERAL_VOLATIL
val1,mom14,10,2021-10-12,0.023647261174811,0.0311414420146495,0.0161530803349724,LATERAL_VOLATIL
val1,mom14,10,2021-10-19,-0.0156084984072864,0.1155660782166517,-0.1467830750312246,LATERAL_VOLATIL
val1,mom14,10,2021-10-26,0.007702562959511,0.0302523244535073,-0.0148471985344852,ALCISTA
val1,mom14,10,2021-11-02,-0.006774409493078,0.0320411840133028,-0.045590002999459,ALCISTA
val1,mom14,10,2021-11-09,0.1680172970726317,0.1778989918798561,0.1581356022654072,ALCISTA
val1,mom14,10,2021-11-16,0.1426369262406141,0.3445252756538546,-0.0592514231726262,ALCISTA
val1,mom14,10,2021-11-23,-0.012852523812945,0.0157834993136781,-0.0414885469395683,ALCISTA
val1,mom14,10,2021-11-30,-0.0206580587694825,-0.2625129208157695,0.2211968032768044,ALCISTA
val1,mom14,10,2021-12-07,-0.0247287108568363,-0.1619202441266495,0.1124628224129767,ALCISTA
val1,mom14,10,2021-12-14,-0.0370739336331413,0.0402497541054872,-0.1143976213717699,ALCISTA
val1,mom14,10,2021-12-21,-0.0682856008754817,-0.021509339831739,-0.1150618619192244,LATERAL_VOLATIL
val1,mom14,10,2021-12-28,0.0331964370599918,0.0596403720625209,0.0067525020574627,ALCISTA
val1,mom14,10,2022-01-04,0.0187725953321678,-0.1216998001869284,0.159244990851264,LATERAL_TRANQUILO
val1,mom14,10,2022-01-11,0.032299548372105,-0.0186687601759778,0.0832678569201879,LATERAL_TRANQUILO
val1,mom14,10,2022-01-18,0.002678843930302,-0.2943901342807122,0.2997478221413162,LATERAL_TRANQUILO
val1,mom14,10,2022-01-25,-0.11301640392901,0.0186657542595529,-0.2446985621175729,LATERAL_TRANQUILO
val1,mom14,10,2022-02-01,-0.0450330614031955,0.0649873431454684,-0.1550534659518596,LATERAL_TRANQUILO
val1,mom14,10,2022-02-08,-0.0098133715889573,-0.0553741626189643,0.0357474194410497,LATERAL_TRANQUILO
val1,mom14,10,2022-02-15,0.00190568116122,-0.2224354461208793,0.2262468084433194,LATERAL_TRANQUILO
val1,mom14,10,2022-02-22,-0.0035971866629378,0.1367477361236579,-0.1439421094495337,LATERAL_VOLATIL
val1,mom14,10,2022-03-01,0.0098217165216576,-0.1258049354358012,0.1454483684791164,LATERAL_TRANQUILO
val1,mom14,10,2022-03-08,0.0039455062145959,-0.0237983905979025,0.0316894030270944,BAJISTA
val1,mom14,10,2022-03-15,0.0120196225363167,0.1465516646412797,-0.1225124195686462,BAJISTA
val1,mom14,10,2022-03-22,0.0086516666133937,0.1523283425338588,-0.1350250093070713,BAJISTA
val1,mom14,10,2022-03-29,0.0068447344658715,-0.0285125175017934,0.0422019864335366,BAJISTA
val1,mom14,10,2022-04-05,-0.0373255579284688,-0.2187632773927475,0.1441121615358099,BAJISTA
val1,mom14,10,2022-04-12,0.0292135063049022,0.1263111708461838,-0.0678841582363794,BAJISTA
val1,mom14,10,2022-04-19,0.0517115911235856,-0.0602443955575906,0.1636675778047618,BAJISTA
val1,mom14,10,2022-04-26,-0.0166286207593686,-0.1692621523090715,0.1360049107903341,BAJISTA
val1,mom14,10,2022-05-03,-0.0077139913348752,-0.2079006443220817,0.1924726616523312,BAJISTA
val1,mom14,10,2022-05-10,0.0102193424668431,-0.1008448151169155,0.1212835000506018,BAJISTA
val1,mom14,10,2022-05-17,-0.1009921995384823,-0.0621581888066004,-0.1398262102703643,BAJISTA
val1,mom14,10,2022-05-24,-0.0437603552630364,0.0076820165097908,-0.0952027270358637,BAJISTA
val1,mom14,10,2022-05-31,0.3464080513295133,0.5870878268418817,0.1057282758171451,BAJISTA
val1,mom14,10,2022-06-07,-0.0050790461326798,-0.3063492835752271,0.2961911913098675,BAJISTA
val1,mom14,10,2022-06-14,-0.109729120576743,-0.0478189930853691,-0.1716392480681169,BAJISTA
val1,mom14,10,2022-06-21,-0.0531595665926955,-0.0476560051197887,-0.0586631280656023,CAPITULACION
val1,mom14,10,2022-06-28,-0.0031321538378039,-0.0271138301439777,0.0208495224683698,BAJISTA
val1,mom14,10,2022-07-05,-0.0463758450994876,-0.1008059286261849,0.0080542384272097,BAJISTA
val1,mom14,10,2022-07-12,0.053395802475934,0.3305245351134221,-0.2237329301615541,BAJISTA
val1,mom14,10,2022-07-19,0.0206755454935141,-0.0783685111188668,0.1197196021058952,BAJISTA
val1,mom14,10,2022-07-26,0.0501326905135851,0.2569654671276237,-0.1567000861004535,BAJISTA
val1,mom14,10,2022-08-02,-0.0300349891929418,0.0309702835406638,-0.0910402619265476,BAJISTA
val1,mom14,10,2022-08-09,-0.0460466448612722,-0.0451029560181531,-0.0469903337043914,BAJISTA
val1,mom14,10,2022-08-16,-0.00745008212691,-0.1580276719173048,0.1431275076634847,BAJISTA
val1,mom14,10,2022-08-23,-0.0202540764260002,-0.123878426507629,0.0833702736556284,BAJISTA
val1,mom14,10,2022-08-30,0.0259211627525523,-0.0517896969747816,0.1036320224798864,BAJISTA
val1,mom14,10,2022-09-06,-0.004126302299952,0.0653506581768623,-0.0736032627767663,BAJISTA
val1,mom14,10,2022-09-13,-0.0421996931796345,-0.1282575108264506,0.0438581244671813,BAJISTA
val1,mom14,10,2022-09-20,4.68253212688877e-07,0.0125644231115632,-0.0125634866051378,BAJISTA
val1,mom14,10,2022-09-27,-0.0075981292821037,-0.0073177270454285,-0.0078785315187789,BAJISTA
val1,mom14,10,2022-10-04,0.0160835508812497,-0.0765753957741095,0.108742497536609,BAJISTA
val1,mom14,10,2022-10-11,0.0621505739820389,0.092896908763564,0.0314042392005138,BAJISTA
val1,mom14,10,2022-10-18,-0.0426031635676148,-0.0801079291352758,-0.0050983979999538,BAJISTA
val1,mom14,10,2022-10-25,-0.0191164109872204,-0.0016480077526045,-0.0365848142218363,BAJISTA
val1,mom14,10,2022-11-01,-0.0019734633448071,-0.1392684793828607,0.1353215526932464,BAJISTA
val1,mom14,10,2022-11-08,0.0486253734928993,-0.1165283456269017,0.2137790926127004,BAJISTA
val1,mom14,10,2022-11-15,-0.0300468428052987,-0.0847343045413249,0.0246406189307275,BAJISTA
val1,mom14,10,2022-11-22,-0.0319860989435528,-0.001034647080764,-0.0629375508063416,BAJISTA
val1,mom14,10,2022-11-29,-0.0150301496176828,0.0076546841328585,-0.0377149833682243,BAJISTA
val1,mom14,10,2022-12-06,-0.0103866047768693,-0.0567846184831825,0.0360114089294438,BAJISTA
val1,mom14,10,2022-12-13,0.0008072730839579,-0.1256752031255987,0.1272897492935146,BAJISTA
val1,mom14,10,2022-12-20,0.0008848576261674,-0.0017639313074602,0.0035336465597951,BAJISTA
val1,mom14,20,2021-07-06,0.0174807836808317,-0.0190954919640564,0.0540570593257199,LATERAL_VOLATIL
val1,mom14,20,2021-07-13,-7.757959455868975e-05,-0.1983217045626489,0.1981665453735315,LATERAL_VOLATIL
val1,mom14,20,2021-07-20,0.0328246955583822,0.4122479926182295,-0.3465986015014651,LATERAL_VOLATIL
val1,mom14,20,2021-07-27,-0.0318273325609766,0.0736351651597653,-0.1372898302817187,LATERAL_TRANQUILO
val1,mom14,20,2021-08-03,-0.0205318550416479,0.1425688342646379,-0.1836325443479339,LATERAL_TRANQUILO
val1,mom14,20,2021-08-10,0.0320761548508685,0.0947707151163138,-0.0306184054145766,LATERAL_TRANQUILO
val1,mom14,20,2021-08-17,0.0299509888896036,0.1782920885505366,-0.1183901107713293,LATERAL_TRANQUILO
val1,mom14,20,2021-08-24,-0.0323750015472186,0.0572532413563211,-0.1220032444507583,LATERAL_TRANQUILO
val1,mom14,20,2021-08-31,0.0050341067625941,-0.0068833373761851,0.0169515509013734,LATERAL_TRANQUILO
val1,mom14,20,2021-09-07,0.0552167989252542,0.1567026181300373,-0.0462690202795288,LATERAL_TRANQUILO
val1,mom14,20,2021-09-14,0.004384059192013,-0.2218836456022956,0.2306517639863217,LATERAL_VOLATIL
val1,mom14,20,2021-09-21,0.0599337048868693,0.1157953625201634,0.0040720472535752,LATERAL_TRANQUILO
val1,mom14,20,2021-09-28,-0.0233597080315513,0.2824334817229073,-0.3291528977860101,LATERAL_VOLATIL
val1,mom14,20,2021-10-05,0.0350287826028103,0.002971839369295,0.0670857258363256,LATERAL_VOLATIL
val1,mom14,20,2021-10-12,0.010055499394847,0.0414331301253954,-0.0213221313357013,LATERAL_VOLATIL
val1,mom14,20,2021-10-19,-0.0173515570574779,0.0894562306504427,-0.1241593447653987,LATERAL_VOLATIL
val1,mom14,20,2021-10-26,-0.0114730796465139,0.0669180070946276,-0.0898641663876554,ALCISTA
val1,mom14,20,2021-11-02,-0.0172967636859622,0.0003600729504381,-0.0349536003223627,ALCISTA
val1,mom14,20,2021-11-09,0.0846970487089453,0.0293656413613479,0.1400284560565426,ALCISTA
val1,mom14,20,2021-11-16,0.0812012870710762,0.2104649123899635,-0.048062338247811,ALCISTA
val1,mom14,20,2021-11-23,0.0023658901517382,0.0084666603024317,-0.0037348799989552,ALCISTA
val1,mom14,20,2021-11-30,-0.004023280571755,-0.2183053612202055,0.2102588000766955,ALCISTA
val1,mom14,20,2021-12-07,-0.0082647198381461,-0.1359150015358617,0.1193855618595694,ALCISTA
val1,mom14,20,2021-12-14,-0.0219142775678902,0.0262902221375786,-0.070118777273359,ALCISTA
val1,mom14,20,2021-12-21,-0.0418124595243257,-0.0262114847458064,-0.057413434302845,LATERAL_VOLATIL
val1,mom14,20,2021-12-28,0.0295538875645951,0.0737092886644004,-0.01460151353521,ALCISTA
val1,mom14,20,2022-01-04,0.0111135749611889,-0.1401055132095044,0.1623326631318823,LATERAL_TRANQUILO
val1,mom14,20,2022-01-11,0.0251487952963412,-0.0106080806846838,0.0609056712773662,LATERAL_TRANQUILO
val1,mom14,20,2022-01-18,0.010781921639208,-0.2754034011898287,0.2969672444682449,LATERAL_TRANQUILO
val1,mom14,20,2022-01-25,-0.0657016857467991,0.0330756348172244,-0.1644790063108227,LATERAL_TRANQUILO
val1,mom14,20,2022-02-01,-0.0494652992365578,0.0865237643190498,-0.1854543627921656,LATERAL_TRANQUILO
val1,mom14,20,2022-02-08,0.0010260135030987,-0.035978853580017,0.0380308805862144,LATERAL_TRANQUILO
val1,mom14,20,2022-02-15,0.0023927980959321,-0.2152028609888751,0.2199884571807394,LATERAL_TRANQUILO
val1,mom14,20,2022-02-22,0.0167890525689879,0.1606349889458119,-0.127056883807836,LATERAL_VOLATIL
val1,mom14,20,2022-03-01,0.0194530767586069,-0.1058966184963597,0.1448027720135736,LATERAL_TRANQUILO
val1,mom14,20,2022-03-08,0.0085075773293446,0.0124179917194486,0.0045971629392406,BAJISTA
val1,mom14,20,2022-03-15,0.0108313811365598,0.160906900705282,-0.1392441384321624,BAJISTA
val1,mom14,20,2022-03-22,-0.0164790925187779,0.1311769937062786,-0.1641351787438345,BAJISTA
val1,mom14,20,2022-03-29,0.001404614661183,-0.0008774629355781,0.0036866922579442,BAJISTA
val1,mom14,20,2022-04-05,-0.0306793762678474,-0.2089386986647731,0.1475799461290783,BAJISTA
val1,mom14,20,2022-04-12,0.0155212094193823,0.0895841626649602,-0.0585417438261954,BAJISTA
val1,mom14,20,2022-04-19,0.0219321200172009,-0.1048131241863702,0.148677364220772,BAJISTA
val1,mom14,20,2022-04-26,0.0248475051831627,-0.0981392494644437,0.1478342598307692,BAJISTA
val1,mom14,20,2022-05-03,-0.0125940782902488,-0.2366328105597901,0.2114446539792924,BAJISTA
val1,mom14,20,2022-05-10,0.019387730163419,-0.119878230862628,0.158653691189466,BAJISTA
val1,mom14,20,2022-05-17,-0.0766430268115806,-0.037014555990592,-0.1162714976325693,BAJISTA
val1,mom14,20,2022-05-24,-0.0430551143707942,-0.0059946092289385,-0.0801156195126499,BAJISTA
val1,mom14,20,2022-05-31,0.1688391942577584,0.2542870195064738,0.0833913690090429,BAJISTA
val1,mom14,20,2022-06-07,0.0129551699532684,-0.2607042173484444,0.2866145572549813,BAJISTA
val1,mom14,20,2022-06-14,-0.0743531044613105,0.0066713319407892,-0.1553775408634105,BAJISTA
val1,mom14,20,2022-06-21,-0.0368397305507647,-0.0379785681010527,-0.0357008930004768,CAPITULACION
val1,mom14,20,2022-06-28,0.0034872842037815,-0.0070877647684699,0.0140623331760331,BAJISTA
val1,mom14,20,2022-07-05,-0.0349935282431401,-0.1089208943281778,0.0389338378418975,BAJISTA
val1,mom14,20,2022-07-12,0.0260508891709119,0.2957954741235699,-0.243693695781746,BAJISTA
val1,mom14,20,2022-07-19,-0.0018603149804811,-0.1191598393088877,0.1154392093479254,BAJISTA
val1,mom14,20,2022-07-26,0.0290630595671383,0.2254925199152743,-0.1673664007809977,BAJISTA
val1,mom14,20,2022-08-02,-0.0347511099684598,0.0176820644269882,-0.0871842843639079,BAJISTA
val1,mom14,20,2022-08-09,-0.0111757000056449,0.0158846370968763,-0.0382360371081662,BAJISTA
val1,mom14,20,2022-08-16,-0.0188483519023063,-0.1724099289044892,0.1347132250998765,BAJISTA
val1,mom14,20,2022-08-23,-0.0165651716747585,-0.1067823795698963,0.0736520362203793,BAJISTA
val1,mom14,20,2022-08-30,0.0147590535371745,-0.0497657021213376,0.0792838091956867,BAJISTA
val1,mom14,20,2022-09-06,-0.0034844407225739,0.0556330622156189,-0.0626019436607668,BAJISTA
val1,mom14,20,2022-09-13,-0.0138443195966405,-0.1046636460610181,0.0769750068677371,BAJISTA
val1,mom14,20,2022-09-20,0.0054989652788467,0.0232940990794912,-0.0122961685217978,BAJISTA
val1,mom14,20,2022-09-27,-0.0134361569865271,0.0113749506704673,-0.0382472646435216,BAJISTA
val1,mom14,20,2022-10-04,0.017044664456529,-0.0598512400980353,0.0939405690110935,BAJISTA
val1,mom14,20,2022-10-11,0.0480368655049556,0.0593018405861632,0.036771890423748,BAJISTA
val1,mom14,20,2022-10-18,-0.0155127006531933,-0.0272116858247577,-0.0038137154816289,BAJISTA
val1,mom14,20,2022-10-25,-0.0001272286851144,0.0344338612995433,-0.0346883186697721,BAJISTA
val1,mom14,20,2022-11-01,0.0097881361852116,-0.1264801332973024,0.1460564056677258,BAJISTA
val1,mom14,20,2022-11-08,0.0443445235399708,-0.0696707719828089,0.1583598190627506,BAJISTA
val1,mom14,20,2022-11-15,-0.0340361655598737,-0.081878010797848,0.0138056796781006,BAJISTA
val1,mom14,20,2022-11-22,-0.025752247991922,0.017971777716486,-0.0694762737003301,BAJISTA
val1,mom14,20,2022-11-29,-0.0101206838012414,0.0254770349353308,-0.0457184025378137,BAJISTA
val1,mom14,20,2022-12-06,-0.0129401467135711,-0.0553899754093084,0.0295096819821661,BAJISTA
val1,mom14,20,2022-12-13,0.0096726310781605,-0.1048376469718237,0.1241829091281447,BAJISTA
val1,mom14,20,2022-12-20,0.0069503558595356,-0.0097625659466905,0.0236632776657619,BAJISTA
val1,mom30,5,2021-07-06,0.123202535392897,0.1601126027701094,0.0862924680156846,LATERAL_VOLATIL
val1,mom30,5,2021-07-13,0.0165502611200842,-0.1715985095553752,0.2046990317955436,LATERAL_VOLATIL
val1,mom30,5,2021-07-20,0.190052499613359,0.747332645588418,-0.3672276463616999,LATERAL_VOLATIL
val1,mom30,5,2021-07-27,-0.138148009535529,-0.1153367834228564,-0.1609592356482015,LATERAL_TRANQUILO
val1,mom30,5,2021-08-03,-0.0852985785638272,0.2027124386957128,-0.3733095958233673,LATERAL_TRANQUILO
val1,mom30,5,2021-08-10,0.0038120755648908,0.084556052243361,-0.0769319011135793,LATERAL_TRANQUILO
val1,mom30,5,2021-08-17,-0.0110277574790227,0.0509059844521541,-0.0729614994101995,LATERAL_TRANQUILO
val1,mom30,5,2021-08-24,-0.1446920114172288,-0.096203536923509,-0.1931804859109487,LATERAL_TRANQUILO
val1,mom30,5,2021-08-31,0.0749089776458282,0.2138099987461841,-0.0639920434545276,LATERAL_TRANQUILO
val1,mom30,5,2021-09-07,0.0330349371192115,0.0783446769195593,-0.0122748026811361,LATERAL_TRANQUILO
val1,mom30,5,2021-09-14,0.0319946218768342,-0.1560887016845668,0.2200779454382352,LATERAL_VOLATIL
val1,mom30,5,2021-09-21,0.0853884094412845,0.2432796104444084,-0.0725027915618394,LATERAL_TRANQUILO
val1,mom30,5,2021-09-28,-0.129549653727282,0.0793897067872164,-0.3384890142417804,LATERAL_VOLATIL
val1,mom30,5,2021-10-05,0.0606773458917669,0.1005747362699746,0.0207799555135592,LATERAL_VOLATIL
val1,mom30,5,2021-10-12,-0.0448841491389971,-0.0549881872451058,-0.0347801110328884,LATERAL_VOLATIL
val1,mom30,5,2021-10-19,0.0654986759238171,0.1986002472475601,-0.0676028953999257,LATERAL_VOLATIL
val1,mom30,5,2021-10-26,0.0636639517084265,0.0858911129498547,0.0414367904669983,ALCISTA
val1,mom30,5,2021-11-02,0.0397504305500409,0.0916707015505694,-0.0121698404504876,ALCISTA
val1,mom30,5,2021-11-09,0.1649566886703292,0.1846957085396712,0.1452176688009871,ALCISTA
val1,mom30,5,2021-11-16,0.051278161448183,0.233267385681643,-0.1307110627852769,ALCISTA
val1,mom30,5,2021-11-23,0.0563826935087287,0.128212480019855,-0.0154470930023974,ALCISTA
val1,mom30,5,2021-11-30,-0.0299893211800645,-0.2309957812790377,0.1710171389189087,ALCISTA
val1,mom30,5,2021-12-07,-0.0114025469326254,-0.1247922719041042,0.1019871780388532,ALCISTA
val1,mom30,5,2021-12-14,0.0034194844898159,0.0926385200131787,-0.0857995510335467,ALCISTA
val1,mom30,5,2021-12-21,-0.0083148823999951,0.1429353692639982,-0.1595651340639885,LATERAL_VOLATIL
val1,mom30,5,2021-12-28,-0.0425690275273909,-0.0146762264005162,-0.0704618286542655,ALCISTA
val1,mom30,5,2022-01-04,0.0564659646936679,-0.0619525221442341,0.1748844515315699,LATERAL_TRANQUILO
val1,mom30,5,2022-01-11,0.0662728384344123,0.0298981616585454,0.1026475152102791,LATERAL_TRANQUILO
val1,mom30,5,2022-01-18,-0.0051636867097233,-0.2707372357823509,0.2604098623629042,LATERAL_TRANQUILO
val1,mom30,5,2022-01-25,-0.1854625008043829,-0.0403391208438374,-0.3305858807649284,LATERAL_TRANQUILO
val1,mom30,5,2022-02-01,-0.1151537312481101,0.0249518385268572,-0.2552593010230776,LATERAL_TRANQUILO
val1,mom30,5,2022-02-08,0.022156589790998,-0.0003388935759458,0.0446520731579418,LATERAL_TRANQUILO
val1,mom30,5,2022-02-15,0.0168182235997388,-0.2268781395864282,0.2605145867859059,LATERAL_TRANQUILO
val1,mom30,5,2022-02-22,-0.0020822582327854,0.1224269736281707,-0.1265914900937417,LATERAL_VOLATIL
val1,mom30,5,2022-03-01,-0.019386734628756,-0.1766290837037969,0.1378556144462848,LATERAL_TRANQUILO
val1,mom30,5,2022-03-08,0.0190067316131513,0.0339400876200075,0.004073375606295,BAJISTA
val1,mom30,5,2022-03-15,-0.0088769258045314,0.1927964379166314,-0.2105502895256944,BAJISTA
val1,mom30,5,2022-03-22,-0.0054040710489117,0.2074281423076918,-0.2182362844055154,BAJISTA
val1,mom30,5,2022-03-29,-0.0488111095431901,-0.0873278503054602,-0.01029436878092,BAJISTA
val1,mom30,5,2022-04-05,-0.0440808282044756,-0.2514522569891527,0.1632906005802014,BAJISTA
val1,mom30,5,2022-04-12,0.0361682945951856,0.086207790905168,-0.0138712017147968,BAJISTA
val1,mom30,5,2022-04-19,0.0097591147461592,-0.1906689746252435,0.2101872041175619,BAJISTA
val1,mom30,5,2022-04-26,-0.0169847621166983,-0.1960878302966459,0.1621183060632492,BAJISTA
val1,mom30,5,2022-05-03,-0.0909184982155611,-0.3188794405039951,0.1370424440728727,BAJISTA
val1,mom30,5,2022-05-10,0.1000061725270274,-0.0518697452976427,0.2518820903516975,BAJISTA
val1,mom30,5,2022-05-17,-0.1210743457930954,-0.0450993679000271,-0.1970493236861638,BAJISTA
val1,mom30,5,2022-05-24,-0.0761544828327467,0.0126352233918471,-0.1649441890573405,BAJISTA
val1,mom30,5,2022-05-31,0.154404950609949,0.1877818589519535,0.1210280422679444,BAJISTA
val1,mom30,5,2022-06-07,-0.0387879807595758,-0.3493173351303202,0.2717413736111686,BAJISTA
val1,mom30,5,2022-06-14,-0.0617063920205784,-0.0390337667119476,-0.0843790173292092,BAJISTA
val1,mom30,5,2022-06-21,0.0252621338836715,0.0727959332348399,-0.0222716654674969,CAPITULACION
val1,mom30,5,2022-06-28,-0.0436959206450636,-0.0394906899671363,-0.0479011513229909,BAJISTA
val1,mom30,5,2022-07-05,-0.0553959801559246,-0.12742679349185,0.0166348331800007,BAJISTA
val1,mom30,5,2022-07-12,-0.0112596036090975,0.2499970950721228,-0.2725163022903179,BAJISTA
val1,mom30,5,2022-07-19,-0.0399470034109054,-0.1557580228652045,0.0758640160433935,BAJISTA
val1,mom30,5,2022-07-26,0.1145074689926381,0.3848146264287335,-0.1557996884434573,BAJISTA
val1,mom30,5,2022-08-02,-0.0011181620077306,0.072507025352578,-0.0747433493680393,BAJISTA
val1,mom30,5,2022-08-09,-0.0475000699441064,-0.0257339427418356,-0.0692661971463772,BAJISTA
val1,mom30,5,2022-08-16,0.0208595066414524,-0.078394274749101,0.120113288032006,BAJISTA
val1,mom30,5,2022-08-23,-0.0631754157113203,-0.2365140645062342,0.1101632330835935,BAJISTA
val1,mom30,5,2022-08-30,0.0258875393134287,-0.0613837644239776,0.1131588430508351,BAJISTA
val1,mom30,5,2022-09-06,0.0005991904818321,0.0754001485066457,-0.0742017675429814,BAJISTA
val1,mom30,5,2022-09-13,-0.0604988935638222,-0.1755727589673105,0.0545749718396659,BAJISTA
val1,mom30,5,2022-09-20,-0.0045893876569524,0.0218637733393525,-0.0310425486532573,BAJISTA
val1,mom30,5,2022-09-27,0.0051406688621018,0.0219884728920026,-0.0117071351677989,BAJISTA
val1,mom30,5,2022-10-04,0.0366660459190656,-0.0543413213007823,0.1276734131389136,BAJISTA
val1,mom30,5,2022-10-11,0.0694332645402907,0.104254835031507,0.0346116940490745,BAJISTA
val1,mom30,5,2022-10-18,-0.083823935768885,-0.1061372555679058,-0.0615106159698641,BAJISTA
val1,mom30,5,2022-10-25,-0.0106016637140908,0.0225018537303047,-0.0437051811584864,BAJISTA
val1,mom30,5,2022-11-01,0.0217169499144501,-0.1183428080579714,0.1617767078868716,BAJISTA
val1,mom30,5,2022-11-08,0.0690575899490831,-0.0746899731128326,0.2128051530109989,BAJISTA
val1,mom30,5,2022-11-15,-0.0545217523273575,-0.1578537990087968,0.0488102943540817,BAJISTA
val1,mom30,5,2022-11-22,0.0370969824367077,0.111610436904321,-0.0374164720309054,BAJISTA
val1,mom30,5,2022-11-29,0.0048359061380015,0.0839531390358389,-0.0742813267598359,BAJISTA
val1,mom30,5,2022-12-06,0.013740581300803,-0.0210677280435614,0.0485488906451676,BAJISTA
val1,mom30,5,2022-12-13,-0.0043795742419432,-0.1132708026836003,0.1045116541997137,BAJISTA
val1,mom30,5,2022-12-20,0.0033565106489447,-0.015263953567771,0.0219769748656604,BAJISTA
val1,mom30,10,2021-07-06,0.0455246714910255,-0.0035235460977503,0.0945728890798014,LATERAL_VOLATIL
val1,mom30,10,2021-07-13,0.0319536961401018,-0.1399696048705326,0.2038769971507362,LATERAL_VOLATIL
val1,mom30,10,2021-07-20,0.0703205996595065,0.5171137092497516,-0.3764725099307385,LATERAL_VOLATIL
val1,mom30,10,2021-07-27,-0.0555210205498286,0.0158056248780449,-0.1268476659777022,LATERAL_TRANQUILO
val1,mom30,10,2021-08-03,-0.0706235758600404,0.1418053110821916,-0.2830524628022725,LATERAL_TRANQUILO
val1,mom30,10,2021-08-10,-0.022308430776994,0.0381315722407059,-0.082748433794694,LATERAL_TRANQUILO
val1,mom30,10,2021-08-17,0.0671499615433589,0.2308440849169662,-0.0965441618302484,LATERAL_TRANQUILO
val1,mom30,10,2021-08-24,-0.0234083096352497,0.059492833121279,-0.1063094523917785,LATERAL_TRANQUILO
val1,mom30,10,2021-08-31,0.0256225780977436,0.0442200563639114,0.0070250998315757,LATERAL_TRANQUILO
val1,mom30,10,2021-09-07,0.0421021645527943,0.1028834320136069,-0.0186791029080181,LATERAL_TRANQUILO
val1,mom30,10,2021-09-14,0.0091101466692223,-0.1902327044547952,0.2084529977932399,LATERAL_VOLATIL
val1,mom30,10,2021-09-21,0.0472873529093715,0.1280320688925415,-0.0334573630737985,LATERAL_TRANQUILO
val1,mom30,10,2021-09-28,-0.0836144710061574,0.2106805888322248,-0.3779095308445397,LATERAL_VOLATIL
val1,mom30,10,2021-10-05,0.0174365135940499,0.0062697138636489,0.0286033133244509,LATERAL_VOLATIL
val1,mom30,10,2021-10-12,-0.030745296931084,-0.0053969126034013,-0.0560936812587667,LATERAL_VOLATIL
val1,mom30,10,2021-10-19,0.0190813073426882,0.1317080493364187,-0.0935454346510421,LATERAL_VOLATIL
val1,mom30,10,2021-10-26,0.0434163356406696,0.0566978713820604,0.0301347998992788,ALCISTA
val1,mom30,10,2021-11-02,-0.0072045877355003,0.006439017953221,-0.0208481934242217,ALCISTA
val1,mom30,10,2021-11-09,0.0806444871421769,0.0168614761513958,0.1444274981329579,ALCISTA
val1,mom30,10,2021-11-16,0.0230084516088887,0.1571344947475874,-0.11111759152981,ALCISTA
val1,mom30,10,2021-11-23,0.0164355058200959,0.0158519367773916,0.0170190748628002,ALCISTA
val1,mom30,10,2021-11-30,-0.0204166485759132,-0.2395004221376495,0.198667124985823,ALCISTA
val1,mom30,10,2021-12-07,-0.0069396722308703,-0.1401367112202257,0.1262573667584851,ALCISTA
val1,mom30,10,2021-12-14,0.0142303906457195,0.1031308267878198,-0.0746700454963806,ALCISTA
val1,mom30,10,2021-12-21,-0.0213654376105772,0.0580155928911695,-0.100746468112324,LATERAL_VOLATIL
val1,mom30,10,2021-12-28,0.0132511068151458,0.0769545598611511,-0.0504523462308595,ALCISTA
val1,mom30,10,2022-01-04,0.0281778726276909,-0.1117654508821242,0.168121196137506,LATERAL_TRANQUILO
val1,mom30,10,2022-01-11,0.0236727860124026,-0.0064398518911691,0.0537854239159744,LATERAL_TRANQUILO
val1,mom30,10,2022-01-18,-0.0396089184458448,-0.3184455313328738,0.239227694441184,LATERAL_TRANQUILO
val1,mom30,10,2022-01-25,-0.1044789196724661,-0.0150051626385495,-0.1939526767063826,LATERAL_TRANQUILO
val1,mom30,10,2022-02-01,-0.0509692482903843,0.0890841245668591,-0.1910226211476278,LATERAL_TRANQUILO
val1,mom30,10,2022-02-08,0.0152917296868027,-0.015156502102672,0.0457399614762776,LATERAL_TRANQUILO
val1,mom30,10,2022-02-15,0.0130177765917666,-0.2095641777686231,0.2355997309521565,LATERAL_TRANQUILO
val1,mom30,10,2022-02-22,0.0117995325240599,0.1336489867255475,-0.1100499216774276,LATERAL_VOLATIL
val1,mom30,10,2022-03-01,-0.0066993354716429,-0.1574284318950413,0.1440297609517553,LATERAL_TRANQUILO
val1,mom30,10,2022-03-08,0.0119789876101665,0.004397908635117,0.019560066585216,BAJISTA
val1,mom30,10,2022-03-15,-0.0387348935963449,0.1339747473250848,-0.2114445345177747,BAJISTA
val1,mom30,10,2022-03-22,-0.016887693177126,0.1449223651573208,-0.178697751511573,BAJISTA
val1,mom30,10,2022-03-29,0.0057696160218422,0.0195702849822632,-0.0080310529385787,BAJISTA
val1,mom30,10,2022-04-05,-0.0390491583369275,-0.2179554043674778,0.1398570876936227,BAJISTA
val1,mom30,10,2022-04-12,0.0269223647163746,0.0874935007596236,-0.0336487713268743,BAJISTA
val1,mom30,10,2022-04-19,0.0465803063823742,-0.0925747951790375,0.185735407943786,BAJISTA
val1,mom30,10,2022-04-26,-0.0159549676269224,-0.1719983135408928,0.1400883782870478,BAJISTA
val1,mom30,10,2022-05-03,-0.0346259532957829,-0.2561445239618572,0.1868926173702912,BAJISTA
val1,mom30,10,2022-05-10,0.0527281354842871,-0.0641229656824985,0.1695792366510728,BAJISTA
val1,mom30,10,2022-05-17,-0.1005039324815779,-0.0326854193774906,-0.1683224455856652,BAJISTA
val1,mom30,10,2022-05-24,-0.0559661799577321,0.0090939413172136,-0.1210263012326779,BAJISTA
val1,mom30,10,2022-05-31,0.0769440696847709,0.0527168011097235,0.1011713382598183,BAJISTA
val1,mom30,10,2022-06-07,-0.0060744547635329,-0.2974318414874933,0.2852829319604273,BAJISTA
val1,mom30,10,2022-06-14,-0.0539632703066382,-0.0102113071447822,-0.0977152334684941,BAJISTA
val1,mom30,10,2022-06-21,-0.0387960673700172,-0.0196074642636348,-0.0579846704763996,CAPITULACION
val1,mom30,10,2022-06-28,-0.0426193301634776,-0.055562786942804,-0.0296758733841512,BAJISTA
val1,mom30,10,2022-07-05,-0.0148481223664236,-0.0813218586294857,0.0516256138966384,BAJISTA
val1,mom30,10,2022-07-12,-0.0576633439430428,0.2136699654863307,-0.3289966533724164,BAJISTA
val1,mom30,10,2022-07-19,-0.0120530087689138,-0.1255835502888787,0.1014775327510511,BAJISTA
val1,mom30,10,2022-07-26,0.079331055316452,0.3132945092558165,-0.1546323986229124,BAJISTA
val1,mom30,10,2022-08-02,-0.0021662124639797,0.0621908551577318,-0.0665232800856913,BAJISTA
val1,mom30,10,2022-08-09,-0.0688743766418407,-0.0371281398673717,-0.1006206134163097,BAJISTA
val1,mom30,10,2022-08-16,-0.0105231642164392,-0.1308841373880787,0.1098378089552002,BAJISTA
val1,mom30,10,2022-08-23,-0.0342912185128653,-0.1594661612327205,0.0908837242069899,BAJISTA
val1,mom30,10,2022-08-30,0.0018935707721993,-0.0547728731063101,0.0585600146507089,BAJISTA
val1,mom30,10,2022-09-06,0.0348961242175289,0.1417099334863626,-0.0719176850513048,BAJISTA
val1,mom30,10,2022-09-13,-0.0188964502142015,-0.1031103566373384,0.0653174562089354,BAJISTA
val1,mom30,10,2022-09-20,-0.0104975971460961,0.0107714001148815,-0.0317665944070739,BAJISTA
val1,mom30,10,2022-09-27,-0.0040104526139584,0.0194456840139633,-0.0274665892418803,BAJISTA
val1,mom30,10,2022-10-04,0.025703479350877,-0.0590286001739599,0.1104355588757141,BAJISTA
val1,mom30,10,2022-10-11,0.0266913283805613,0.0370884339507025,0.0162942228104201,BAJISTA
val1,mom30,10,2022-10-18,-0.0683204747140305,-0.0684961419018497,-0.0681448075262113,BAJISTA
val1,mom30,10,2022-10-25,-0.0253222948952764,0.0123725709517704,-0.0630171607423233,BAJISTA
val1,mom30,10,2022-11-01,-0.0065368729007653,-0.1500370984693514,0.1369633526678206,BAJISTA
val1,mom30,10,2022-11-08,0.0813233142293984,0.0058923136768276,0.1567543147819692,BAJISTA
val1,mom30,10,2022-11-15,-0.0467630708515062,-0.1180156895415368,0.0244895478385243,BAJISTA
val1,mom30,10,2022-11-22,0.0234292047598593,0.0715776038833835,-0.0247191943636648,BAJISTA
val1,mom30,10,2022-11-29,-0.0152361243638356,0.0070117481514393,-0.0374839968791105,BAJISTA
val1,mom30,10,2022-12-06,0.0179567051290484,-0.0119529241719677,0.0478663344300646,BAJISTA
val1,mom30,10,2022-12-13,0.010138919564489,-0.1072410903022861,0.1275189294312642,BAJISTA
val1,mom30,10,2022-12-20,0.0111168232147449,-0.0077805542903582,0.0300142007198481,BAJISTA
val1,mom30,20,2021-07-06,0.0483364981006071,-0.0029905064500095,0.0996635026512238,LATERAL_VOLATIL
val1,mom30,20,2021-07-13,-0.003060520432856,-0.1917321161149349,0.1856110752492227,LATERAL_VOLATIL
val1,mom30,20,2021-07-20,0.0764132964141657,0.5354637564767776,-0.382637163648446,LATERAL_VOLATIL
val1,mom30,20,2021-07-27,-0.0253559987928565,0.0671440388159808,-0.1178560364016939,LATERAL_TRANQUILO
val1,mom30,20,2021-08-03,-0.0322618191788663,0.1810414168189625,-0.2455650551766952,LATERAL_TRANQUILO
val1,mom30,20,2021-08-10,-0.0129780403160272,0.04790247066221,-0.0738585512942646,LATERAL_TRANQUILO
val1,mom30,20,2021-08-17,0.0413748186187721,0.177715475646514,-0.0949658384089697,LATERAL_TRANQUILO
val1,mom30,20,2021-08-24,-0.0233548543368803,0.0438793077405084,-0.090589016414269,LATERAL_TRANQUILO
val1,mom30,20,2021-08-31,0.0084490003174778,-0.001646969257771,0.0185449698927266,LATERAL_TRANQUILO
val1,mom30,20,2021-09-07,0.059365586217565,0.1369436120423029,-0.0182124396071728,LATERAL_TRANQUILO
val1,mom30,20,2021-09-14,-0.0054142845261954,-0.2223262132486136,0.2114976441962228,LATERAL_VOLATIL
val1,mom30,20,2021-09-21,0.0572358074527177,0.1291214595164385,-0.014649844611003,LATERAL_TRANQUILO
val1,mom30,20,2021-09-28,-0.0591740392326196,0.2254316402214505,-0.3437797186866898,LATERAL_VOLATIL
val1,mom30,20,2021-10-05,0.0251313225121571,0.0075026351292483,0.0427600098950658,LATERAL_VOLATIL
val1,mom30,20,2021-10-12,-0.0428703394310283,0.0080933301291974,-0.093834008991254,LATERAL_VOLATIL
val1,mom30,20,2021-10-19,-0.0383206212968498,0.0772364050998199,-0.1538776476935197,LATERAL_VOLATIL
val1,mom30,20,2021-10-26,0.0412694642862702,0.0931716943359103,-0.0106327657633697,ALCISTA
val1,mom30,20,2021-11-02,-0.0184329373740591,-0.014288044041995,-0.0225778307061232,ALCISTA
val1,mom30,20,2021-11-09,0.0320731137383574,-0.0276708597452295,0.0918170872219444,ALCISTA
val1,mom30,20,2021-11-16,0.1024835948475321,0.2542866225888648,-0.0493194328938005,ALCISTA
val1,mom30,20,2021-11-23,0.0150152075814489,0.0200450756597476,0.0099853395031502,ALCISTA
val1,mom30,20,2021-11-30,-0.0152382338012046,-0.217460800521902,0.1869843329194928,ALCISTA
val1,mom30,20,2021-12-07,-0.0071934061756646,-0.1346906964094747,0.1203038840581454,ALCISTA
val1,mom30,20,2021-12-14,0.0226179406483453,0.1010058047295994,-0.0557699234329086,ALCISTA
val1,mom30,20,2021-12-21,-0.0248503999529349,0.0377836425400139,-0.0874844424458838,LATERAL_VOLATIL
val1,mom30,20,2021-12-28,0.0209746443721322,0.0711828759529166,-0.029233587208652,ALCISTA
val1,mom30,20,2022-01-04,0.0089609567825498,-0.1493177983252216,0.1672397118903212,LATERAL_TRANQUILO
val1,mom30,20,2022-01-11,0.0077196801403121,-0.0182458755727501,0.0336852358533744,LATERAL_TRANQUILO
val1,mom30,20,2022-01-18,-0.0095980222145048,-0.2861112026651476,0.2669151582361379,LATERAL_TRANQUILO
val1,mom30,20,2022-01-25,-0.0608510477434221,0.0281333848792806,-0.1498354803661248,LATERAL_TRANQUILO
val1,mom30,20,2022-02-01,-0.037510543206483,0.0898983330144236,-0.1649194194273897,LATERAL_TRANQUILO
val1,mom30,20,2022-02-08,0.0024509918230228,-0.0283220718926274,0.033224055538673,LATERAL_TRANQUILO
val1,mom30,20,2022-02-15,0.0087081401662826,-0.1983603337620834,0.2157766140946488,LATERAL_TRANQUILO
val1,mom30,20,2022-02-22,-0.0133952944271571,0.1247680569476809,-0.1515586458019953,LATERAL_VOLATIL
val1,mom30,20,2022-03-01,-0.007960419824592,-0.1402865544528882,0.1243657148037042,LATERAL_TRANQUILO
val1,mom30,20,2022-03-08,0.003074140448432,-0.0167428203682757,0.0228911012651398,BAJISTA
val1,mom30,20,2022-03-15,-0.0375119221005468,0.1103060246377866,-0.1853298688388803,BAJISTA
val1,mom30,20,2022-03-22,-0.0220139278387986,0.1430848627887888,-0.1871127184663861,BAJISTA
val1,mom30,20,2022-03-29,0.0048618146743858,0.0223125436276072,-0.0125889142788356,BAJISTA
val1,mom30,20,2022-04-05,-0.0317687712649859,-0.2115634312293699,0.1480258886993979,BAJISTA
val1,mom30,20,2022-04-12,0.0199710828592137,0.0831308479739822,-0.0431886822555547,BAJISTA
val1,mom30,20,2022-04-19,0.0246891000113749,-0.0970288249565538,0.1464070249793037,BAJISTA
val1,mom30,20,2022-04-26,0.0068838767051754,-0.1243619355412932,0.1381296889516441,BAJISTA
val1,mom30,20,2022-05-03,-0.0320357741560101,-0.2511126581997828,0.1870411098877626,BAJISTA
val1,mom30,20,2022-05-10,0.0506997266751113,-0.0958948723553163,0.1972943257055391,BAJISTA
val1,mom30,20,2022-05-17,-0.0703348689561459,-0.0435807162690972,-0.0970890216431947,BAJISTA
val1,mom30,20,2022-05-24,-0.0275497492376318,0.0198379698260074,-0.0749374683012711,BAJISTA
val1,mom30,20,2022-05-31,0.0449013300388382,0.0050517447706204,0.084750915307056,BAJISTA
val1,mom30,20,2022-06-07,1.8515011325643963e-05,-0.2750881649016958,0.2751251949243471,BAJISTA
val1,mom30,20,2022-06-14,-0.0265458861443172,0.0196335102132882,-0.0727252825019226,BAJISTA
val1,mom30,20,2022-06-21,-0.0320772166833273,-0.0318079252695576,-0.032346508097097,CAPITULACION
val1,mom30,20,2022-06-28,-0.0235629077421804,-0.0150454005046156,-0.0320804149797453,BAJISTA
val1,mom30,20,2022-07-05,-0.010414960316377,-0.081302678386527,0.0604727577537729,BAJISTA
val1,mom30,20,2022-07-12,-0.0351273860223062,0.239096507555243,-0.3093512795998555,BAJISTA
val1,mom30,20,2022-07-19,-0.0082488219719551,-0.1174154938566664,0.1009178499127561,BAJISTA
val1,mom30,20,2022-07-26,0.032158318693182,0.2146264209307541,-0.15030978354439,BAJISTA
val1,mom30,20,2022-08-02,-0.0194134854090659,0.0211583397239691,-0.059985310542101,BAJISTA
val1,mom30,20,2022-08-09,-0.0570715439935515,-0.030457406984097,-0.0836856810030061,BAJISTA
val1,mom30,20,2022-08-16,-0.0057550269113746,-0.1287277614727091,0.1172177076499597,BAJISTA
val1,mom30,20,2022-08-23,-0.0037224212023462,-0.1003005617922246,0.092855719387532,BAJISTA
val1,mom30,20,2022-08-30,-0.0049815104625502,-0.0652332903225991,0.0552702693974986,BAJISTA
val1,mom30,20,2022-09-06,0.0140350176435614,0.079785115729027,-0.051715080441904,BAJISTA
val1,mom30,20,2022-09-13,0.0109991523349183,-0.0628329534846095,0.0848312581544461,BAJISTA
val1,mom30,20,2022-09-20,-0.0010002534395445,0.0267874607208198,-0.0287879675999089,BAJISTA
val1,mom30,20,2022-09-27,-0.0187220276140413,0.0101979821182293,-0.047642037346312,BAJISTA
val1,mom30,20,2022-10-04,0.0213091297290475,-0.0490555870649747,0.0916738465230698,BAJISTA
val1,mom30,20,2022-10-11,0.0162372370826537,0.0285304408688395,0.0039440332964679,BAJISTA
val1,mom30,20,2022-10-18,-0.0320176615187363,-0.0327234965911484,-0.0313118264463241,BAJISTA
val1,mom30,20,2022-10-25,-0.0186191275497181,0.0102105543954911,-0.0474488094949274,BAJISTA
val1,mom30,20,2022-11-01,0.0017198901867582,-0.1245896466031697,0.1280294269766861,BAJISTA
val1,mom30,20,2022-11-08,0.0598171259234111,-0.0417645193389173,0.1613987711857396,BAJISTA
val1,mom30,20,2022-11-15,-0.0253079263764042,-0.0865006310297819,0.0358847782769734,BAJISTA
val1,mom30,20,2022-11-22,-0.0146704695091527,0.0353723141152932,-0.0647132531335986,BAJISTA
val1,mom30,20,2022-11-29,-0.0093049576580863,0.0207059589160611,-0.0393158742322338,BAJISTA
val1,mom30,20,2022-12-06,0.0001855400834626,-0.0252574685508402,0.0256285487177656,BAJISTA
val1,mom30,20,2022-12-13,0.026307119044433,-0.0884961629782385,0.1411104010671044,BAJISTA
val1,mom30,20,2022-12-20,0.0103366173602549,-0.0052165508252647,0.0258897855457746,BAJISTA
val2,mom7,5,2023-01-05,0.0273324395702988,0.2692199426209196,-0.2145550634803219,BAJISTA
val2,mom7,5,2023-01-12,0.0362627372542249,0.1206890158734822,-0.0481635413650324,BAJISTA
val2,mom7,5,2023-01-19,-0.1956731604343277,0.0123441647377118,-0.4036904856063672,LATERAL_TRANQUILO
val2,mom7,5,2023-01-26,0.0389014159470408,0.0976897314466724,-0.0198868995525906,LATERAL_TRANQUILO
val2,mom7,5,2023-02-02,-0.0154184675448048,-0.1518645728031129,0.1210276377135031,LATERAL_TRANQUILO
val2,mom7,5,2023-02-09,-0.0510482090880443,0.0095445062662831,-0.1116409244423718,LATERAL_TRANQUILO
val2,mom7,5,2023-02-16,-0.1112406449471032,-0.0713075837545325,-0.1511737061396739,ALCISTA
val2,mom7,5,2023-02-23,-0.0311516810553961,-0.1397278467584142,0.0774244846476218,ALCISTA
val2,mom7,5,2023-03-02,0.0077907119417651,-0.2748441248397151,0.2904255487232454,ALCISTA
val2,mom7,5,2023-03-09,-0.0670477310025876,0.1319680346095968,-0.266063496614772,ALCISTA
val2,mom7,5,2023-03-16,0.0923006827221605,0.1642836952488142,0.0203176701955068,LATERAL_TRANQUILO
val2,mom7,5,2023-03-23,-0.0334942599720121,-0.101258748258753,0.0342702283147287,ALCISTA
val2,mom7,5,2023-03-30,0.098332626713088,0.1616060450144528,0.0350592084117232,ALCISTA
val2,mom7,5,2023-04-06,-0.0983971242675155,-0.1344778185774056,-0.0623164299576255,ALCISTA
val2,mom7,5,2023-04-13,0.0819010222400899,0.1129695368477056,0.0508325076324742,EUFORIA
val2,mom7,5,2023-04-20,0.016215161454648,0.0319282535281575,0.0005020693811385,ALCISTA
val2,mom7,5,2023-04-27,0.0004306479999713,-0.0990902810497768,0.0999515770497194,ALCISTA
val2,mom7,5,2023-05-04,-0.0011485928332991,-0.192944866969351,0.1906476813027526,ALCISTA
val2,mom7,5,2023-05-11,-0.0473903835413905,0.0484724581723749,-0.143253225255156,ALCISTA
val2,mom7,5,2023-05-18,-0.01952057594954,-0.0750803678576522,0.036039215958572,ALCISTA
val2,mom7,5,2023-05-25,-0.0666497445019825,-0.0768288666844603,-0.0564706223195046,ALCISTA
val2,mom7,5,2023-06-01,-0.051761645312172,-0.2147580598637126,0.1112347692393684,ALCISTA
val2,mom7,5,2023-06-08,-0.0531076543713687,-0.1664601152150431,0.0602448064723055,ALCISTA
val2,mom7,5,2023-06-15,-0.034695595072164,0.0165662623472362,-0.0859574524915643,ALCISTA
val2,mom7,5,2023-06-22,-0.0456446445578459,-0.1123637260886327,0.0210744369729408,ALCISTA
val2,mom7,5,2023-06-29,0.0267878413014638,0.0190497387634262,0.0345259438395013,ALCISTA
val2,mom7,5,2023-07-06,-0.0851525590864247,-0.0395720972059861,-0.1307330209668633,ALCISTA
val2,mom7,5,2023-07-13,-0.033942149632121,-0.0680812303941142,0.0001969311298721,ALCISTA
val2,mom7,5,2023-07-20,0.0341843016945667,0.0442501932733357,0.0241184101157977,ALCISTA
val2,mom7,5,2023-07-27,-0.005130235289877,-0.0005833792288829,-0.0096770913508712,ALCISTA
val2,mom7,5,2023-08-03,-0.0753069515842998,-0.1149322422006769,-0.0356816609679227,ALCISTA
val2,mom7,5,2023-08-10,0.1298817852415617,0.0777627632543432,0.1820008072287802,ALCISTA
val2,mom7,5,2023-08-17,-0.0100870647359871,0.0441107389962883,-0.0642848684682627,ALCISTA
val2,mom7,5,2023-08-24,0.0305063997878084,-0.0026454835408755,0.0636582831164924,LATERAL_TRANQUILO
val2,mom7,5,2023-08-31,0.030785612768624,0.1184623490000428,-0.0568911234627946,LATERAL_TRANQUILO
val2,mom7,5,2023-09-07,-0.005170151931318,-0.087889624939644,0.0775493210770079,LATERAL_TRANQUILO
val2,mom7,5,2023-09-14,0.0114838232859498,0.0326648104082651,-0.0096971638363653,LATERAL_TRANQUILO
val2,mom7,5,2023-09-21,-0.0161665269564541,0.000624507447283,-0.0329575613601914,LATERAL_TRANQUILO
val2,mom7,5,2023-09-28,-0.0490857793181222,-0.1518499087223212,0.0536783500860767,LATERAL_TRANQUILO
val2,mom7,5,2023-10-05,0.0525121911543634,0.0383137864003586,0.0667105959083682,LATERAL_TRANQUILO
val2,mom7,5,2023-10-12,0.0084392444871373,-0.019787806062961,0.0366662950372356,LATERAL_TRANQUILO
val2,mom7,5,2023-10-19,0.0965668602314868,0.3142896905053088,-0.1211559700423351,LATERAL_TRANQUILO
val2,mom7,5,2023-10-26,-0.0523431719781375,-0.078943742852805,-0.0257426011034701,LATERAL_TRANQUILO
val2,mom7,5,2023-11-02,0.317084487663932,0.5974922086753308,0.0366767666525333,LATERAL_TRANQUILO
val2,mom7,5,2023-11-09,-0.1214338882152407,-0.1876181332956758,-0.0552496431348056,LATERAL_TRANQUILO
val2,mom7,5,2023-11-16,-0.0870871307454101,-0.137357873237202,-0.0368163882536182,EUFORIA
val2,mom7,5,2023-11-23,-0.0470764282840321,-0.0311988501302268,-0.0629540064378375,ALCISTA
val2,mom7,5,2023-11-30,0.2728894919649797,0.6206068582143626,-0.0748278742844031,ALCISTA
val2,mom7,5,2023-12-07,0.1773045948761165,0.3268126024246945,0.0277965873275386,ALCISTA
val2,mom7,5,2023-12-14,0.071997398385853,0.096740312386498,0.047254484385208,ALCISTA
val2,mom7,5,2023-12-21,0.0766943363548642,0.1102097023262756,0.0431789703834527,ALCISTA
val2,mom7,5,2023-12-28,0.0275498376389604,-0.0513750099653853,0.1064746852433063,ALCISTA
val2,mom7,5,2024-01-04,0.0599721741276017,0.2458543451721231,-0.1259099969169197,ALCISTA
val2,mom7,5,2024-01-11,-0.0424689984221859,-0.1488228859413893,0.0638848890970174,ALCISTA
val2,mom7,5,2024-01-18,0.1102183166808528,0.1353763117741766,0.0850603215875289,ALCISTA
val2,mom7,5,2024-01-25,-0.0646186842970846,0.0191769410089376,-0.148414309603107,ALCISTA
val2,mom7,5,2024-02-01,0.044980840271686,0.0740636234049693,0.0158980571384026,ALCISTA
val2,mom7,5,2024-02-08,0.0391685372087434,0.1663036402659831,-0.0879665658484963,ALCISTA
val2,mom7,5,2024-02-15,-0.0477929125755209,-0.1470186198526563,0.0514327947016144,ALCISTA
val2,mom7,5,2024-02-22,-0.2577823564036615,0.1288310965387246,-0.6443958093460476,ALCISTA
val2,mom7,5,2024-02-29,0.1972558305435114,0.6275503600138498,-0.2330386989268268,EUFORIA
val2,mom7,5,2024-03-07,0.1871717681299813,0.4455889441632476,-0.071245407903285,EUFORIA
val2,mom7,5,2024-03-14,-0.0942084865400139,-0.2742449362874336,0.0858279632074058,EUFORIA
val2,mom7,5,2024-03-21,0.0467504191663713,0.2701960630150834,-0.1766952246823407,EUFORIA
val2,mom7,5,2024-03-28,-0.0442773726057597,-0.1516309051583329,0.0630761599468134,EUFORIA
val2,mom7,5,2024-04-04,0.0185791366489802,-0.0152037586041439,0.0523620319021044,ALCISTA
val2,mom7,5,2024-04-11,0.0434510556726209,-0.1531229002728098,0.2400250116180516,ALCISTA
val2,mom7,5,2024-04-18,-0.1832177497152593,-0.0143546561939798,-0.3520808432365388,ALCISTA
val2,mom7,5,2024-04-25,-0.0060711392667374,-0.0983421615704211,0.0861998830369461,ALCISTA
val2,mom7,5,2024-05-02,0.095589808965474,0.195038561769382,-0.0038589438384339,ALCISTA
val2,mom7,5,2024-05-09,0.0366399702228822,-0.1037336664050689,0.1770136068508334,ALCISTA
val2,mom7,5,2024-05-16,0.0133552556696634,0.1978515110421885,-0.1711409997028616,ALCISTA
val2,mom7,5,2024-05-23,-0.2368058858520961,-0.0809507217500973,-0.3926610499540949,ALCISTA
val2,mom7,5,2024-05-30,0.1119663315482294,0.2451636997583229,-0.0212310366618639,ALCISTA
val2,mom7,5,2024-06-06,-0.010897337208368,-0.1561411965822388,0.1343465221655026,ALCISTA
val2,mom7,5,2024-06-13,-0.0062976268483081,-0.1346819892084189,0.1220867355118024,ALCISTA
val2,mom7,5,2024-06-20,-0.1508167492707919,-0.0524878396945321,-0.2491456588470515,ALCISTA
val2,mom7,5,2024-06-27,-0.0583743059713053,-0.2399162542354298,0.1231676422928192,ALCISTA
val2,mom7,5,2024-07-04,0.0908258226452551,0.1993740540210139,-0.0177224087305037,ALCISTA
val2,mom7,5,2024-07-11,-0.0652340796168562,0.132193952903572,-0.2626621121372846,LATERAL_TRANQUILO
val2,mom7,5,2024-07-18,-0.0711314250881249,-0.1861714892367733,0.0439086390605234,ALCISTA
val2,mom7,10,2023-01-05,0.0607216993395951,0.2901656699184605,-0.1687222712392701,BAJISTA
val2,mom7,10,2023-01-12,0.0445806749182562,0.1151651002003366,-0.0260037503638241,BAJISTA
val2,mom7,10,2023-01-19,-0.1234315963771077,0.0572134131860922,-0.3040766059403078,LATERAL_TRANQUILO
val2,mom7,10,2023-01-26,0.0304835267944397,0.0846093592648154,-0.023642305675936,LATERAL_TRANQUILO
val2,mom7,10,2023-02-02,-0.032308834296735,-0.1453296928022002,0.0807120242087301,LATERAL_TRANQUILO
val2,mom7,10,2023-02-09,-0.0388817058101605,0.0285437365201944,-0.1063071481405155,LATERAL_TRANQUILO
val2,mom7,10,2023-02-16,-0.1035679188357236,-0.0504420445119912,-0.156693793159456,ALCISTA
val2,mom7,10,2023-02-23,-0.0187163317265037,-0.0962506622146889,0.0588179987616814,ALCISTA
val2,mom7,10,2023-03-02,-0.0044587844003124,-0.2866553076233978,0.2777377388227728,ALCISTA
val2,mom7,10,2023-03-09,-0.0788234390123661,0.1021037247985011,-0.2597506028232335,ALCISTA
val2,mom7,10,2023-03-16,0.0559531555509204,0.135307123991416,-0.0234008128895752,LATERAL_TRANQUILO
val2,mom7,10,2023-03-23,-0.0346419859957348,-0.1036227292916143,0.0343387573001446,ALCISTA
val2,mom7,10,2023-03-30,0.0641747838069355,0.0985732261653575,0.0297763414485135,ALCISTA
val2,mom7,10,2023-04-06,-0.0531911165294682,-0.0350849095185023,-0.0712973235404341,ALCISTA
val2,mom7,10,2023-04-13,0.0642049329559307,0.0451994545162199,0.0832104113956416,EUFORIA
val2,mom7,10,2023-04-20,0.0059844723506033,0.016589392260178,-0.0046204475589712,ALCISTA
val2,mom7,10,2023-04-27,-0.0066829078475659,-0.0776888339434829,0.064323018248351,ALCISTA
val2,mom7,10,2023-05-04,-0.0035208155521455,-0.1633401198667292,0.1562984887624381,ALCISTA
val2,mom7,10,2023-05-11,-0.0450046042830066,0.0320425948772287,-0.122051803443242,ALCISTA
val2,mom7,10,2023-05-18,0.007165337193044,-0.0356108738351431,0.0499415482212311,ALCISTA
val2,mom7,10,2023-05-25,-0.0401404753182486,-0.0450854385161739,-0.0351955121203232,ALCISTA
val2,mom7,10,2023-06-01,-0.0314962534708596,-0.1471156777213142,0.0841231707795948,ALCISTA
val2,mom7,10,2023-06-08,-0.009123490733898,-0.1274757796086755,0.1092287981408794,ALCISTA
val2,mom7,10,2023-06-15,-0.0122717566699684,0.0868340194639911,-0.1113775328039279,ALCISTA
val2,mom7,10,2023-06-22,0.012316122003627,0.0148849027543622,0.0097473412528918,ALCISTA
val2,mom7,10,2023-06-29,0.0225787487339611,0.0185088412518413,0.0266486562160808,ALCISTA
val2,mom7,10,2023-07-06,-0.0563877734170071,0.0107094273815285,-0.1234849742155429,ALCISTA
val2,mom7,10,2023-07-13,-0.0092690630433028,-0.0522627199828771,0.0337245938962714,ALCISTA
val2,mom7,10,2023-07-20,0.0034376969770935,-0.0184663527751914,0.0253417467293785,ALCISTA
val2,mom7,10,2023-07-27,0.0118508083489239,0.0064920465391086,0.0172095701587393,ALCISTA
val2,mom7,10,2023-08-03,-0.0519835465814582,-0.0624641107535046,-0.0415029824094118,ALCISTA
val2,mom7,10,2023-08-10,0.0458445377844456,-0.0267681440531981,0.1184572196220893,ALCISTA
val2,mom7,10,2023-08-17,0.0359268216125778,0.1390056881629466,-0.0671520449377909,ALCISTA
val2,mom7,10,2023-08-24,0.0039287856621447,-0.0317286423858171,0.0395862137101067,LATERAL_TRANQUILO
val2,mom7,10,2023-08-31,0.0185961775388554,0.0821757454490896,-0.0449833903713786,LATERAL_TRANQUILO
val2,mom7,10,2023-09-07,-0.0185796430426301,-0.1044587250952701,0.0672994390100098,LATERAL_TRANQUILO
val2,mom7,10,2023-09-14,0.0123258557825148,0.0343661014556204,-0.0097143898905907,LATERAL_TRANQUILO
val2,mom7,10,2023-09-21,0.0026950508275725,0.0315382891338888,-0.0261481874787438,LATERAL_TRANQUILO
val2,mom7,10,2023-09-28,-0.0361524422682911,-0.1195270380586931,0.0472221535221108,LATERAL_TRANQUILO
val2,mom7,10,2023-10-05,0.01810808397826,-0.0111577484501409,0.0473739164066611,LATERAL_TRANQUILO
val2,mom7,10,2023-10-12,0.0098305939656993,0.0196596997578432,1.4881735554762071e-06,LATERAL_TRANQUILO
val2,mom7,10,2023-10-19,0.0232768163921591,0.255024973789052,-0.2084713410047338,LATERAL_TRANQUILO
val2,mom7,10,2023-10-26,-0.0168569477903385,-0.0119513866980816,-0.0217625088825955,LATERAL_TRANQUILO
val2,mom7,10,2023-11-02,0.1329027859746921,0.2871819113617745,-0.0213763394123901,LATERAL_TRANQUILO
val2,mom7,10,2023-11-09,-0.0938555401746205,-0.0907424673735638,-0.0969686129756772,LATERAL_TRANQUILO
val2,mom7,10,2023-11-16,-0.0981127029557832,-0.1313027408329951,-0.0649226650785713,EUFORIA
val2,mom7,10,2023-11-23,-0.0304596866018476,-0.0256854683480439,-0.0352339048556513,ALCISTA
val2,mom7,10,2023-11-30,0.0342338587360891,0.329318078133398,-0.2608503606612197,ALCISTA
val2,mom7,10,2023-12-07,0.0977376184039847,0.2598623909940779,-0.0643871541861084,ALCISTA
val2,mom7,10,2023-12-14,0.0637798366297503,0.0795720984499673,0.0479875748095333,ALCISTA
val2,mom7,10,2023-12-21,0.0306237535366644,0.0341156318211123,0.0271318752522165,ALCISTA
val2,mom7,10,2023-12-28,-0.0155941184809677,-0.1035928422230803,0.0724046052611449,ALCISTA
val2,mom7,10,2024-01-04,0.0211091750347663,0.0869129474938266,-0.0446945974242939,ALCISTA
val2,mom7,10,2024-01-11,-0.0174426227220483,-0.1016401166538557,0.0667548712097589,ALCISTA
val2,mom7,10,2024-01-18,0.0588297399494632,0.0407012040150786,0.0769582758838478,ALCISTA
val2,mom7,10,2024-01-25,-0.0086650992802781,0.0665381713374047,-0.0838683698979611,ALCISTA
val2,mom7,10,2024-02-01,0.0070095638231057,0.0240352673322208,-0.0100161396860093,ALCISTA
val2,mom7,10,2024-02-08,0.1055383306817906,0.2974915406048861,-0.0864148792413047,ALCISTA
val2,mom7,10,2024-02-15,-0.0380733540600175,-0.0960347706745268,0.0198880625544916,ALCISTA
val2,mom7,10,2024-02-22,-0.1199083915907248,0.1434930240312163,-0.383309807212666,ALCISTA
val2,mom7,10,2024-02-29,0.1563950208163766,0.5012738002080915,-0.1884837585753381,EUFORIA
val2,mom7,10,2024-03-07,0.0902479405328491,0.2449779130202491,-0.0644820319545508,EUFORIA
val2,mom7,10,2024-03-14,-0.0756089926933424,-0.260609356299573,0.1093913709128881,EUFORIA
val2,mom7,10,2024-03-21,0.0258495053456293,0.2216777739871002,-0.1699787632958416,EUFORIA
val2,mom7,10,2024-03-28,-0.0233787813414176,-0.1220175747007552,0.0752600120179198,EUFORIA
val2,mom7,10,2024-04-04,0.0252776094000435,0.0081682823538437,0.0423869364462433,ALCISTA
val2,mom7,10,2024-04-11,0.0075713235742314,-0.2069959846481191,0.222138631796582,ALCISTA
val2,mom7,10,2024-04-18,-0.112338849132429,-0.0026815419136202,-0.2219961563512379,ALCISTA
val2,mom7,10,2024-04-25,-0.009502181957374,-0.0981069733270212,0.0791026094122731,ALCISTA
val2,mom7,10,2024-05-02,0.0486995182251673,0.1164417853599994,-0.0190427489096647,ALCISTA
val2,mom7,10,2024-05-09,0.0284248457531279,-0.049560178966277,0.1064098704725329,ALCISTA
val2,mom7,10,2024-05-16,0.0054169173377268,0.1556715900146194,-0.1448377553391656,ALCISTA
val2,mom7,10,2024-05-23,-0.1473256796195059,-0.0727953668332174,-0.2218559924057943,ALCISTA
val2,mom7,10,2024-05-30,0.0570309166959526,0.1392016321201194,-0.025139798728214,ALCISTA
val2,mom7,10,2024-06-06,-0.0353401531344512,-0.23458438870824,0.1639040824393375,ALCISTA
val2,mom7,10,2024-06-13,0.0309313825971608,-0.1324873467528875,0.1943501119472093,ALCISTA
val2,mom7,10,2024-06-20,-0.0882454012588723,-0.0521445174657895,-0.1243462850519551,ALCISTA
val2,mom7,10,2024-06-27,-0.0360283959422042,-0.223428867008831,0.1513720751244225,ALCISTA
val2,mom7,10,2024-07-04,0.0285088502180207,0.0693648733223008,-0.0123471728862593,ALCISTA
val2,mom7,10,2024-07-11,-0.0889290081211614,0.170425513326332,-0.3482835295686549,LATERAL_TRANQUILO
val2,mom7,10,2024-07-18,-0.0403728610254043,-0.124804053958184,0.0440583319073753,ALCISTA
val2,mom7,20,2023-01-05,0.0710211519883469,0.2915780500385126,-0.1495357460618188,BAJISTA
val2,mom7,20,2023-01-12,0.0604647793973806,0.1609388133840562,-0.0400092545892949,BAJISTA
val2,mom7,20,2023-01-19,-0.0205919755378098,0.1771839734253499,-0.2183679245009696,LATERAL_TRANQUILO
val2,mom7,20,2023-01-26,-4.2143813382648906e-05,0.0485203492144081,-0.0486046368411734,LATERAL_TRANQUILO
val2,mom7,20,2023-02-02,-0.0467750660384211,-0.1460605827898286,0.0525104507129863,LATERAL_TRANQUILO
val2,mom7,20,2023-02-09,-0.0258350118976185,0.0838177213709957,-0.1354877451662329,LATERAL_TRANQUILO
val2,mom7,20,2023-02-16,-0.0618516443422894,-0.0065871625496952,-0.1171161261348835,ALCISTA
val2,mom7,20,2023-02-23,-0.0200063569058217,-0.1002117768498793,0.0601990630382358,ALCISTA
val2,mom7,20,2023-03-02,-0.0042019642383407,-0.2576147900959142,0.2492108616192326,ALCISTA
val2,mom7,20,2023-03-09,-0.053590512986701,0.1023620478955992,-0.2095430738690012,ALCISTA
val2,mom7,20,2023-03-16,0.0217833607466405,0.0953903775131253,-0.0518236560198442,LATERAL_TRANQUILO
val2,mom7,20,2023-03-23,-0.0163933362806149,-0.0628951239168217,0.0301084513555918,ALCISTA
val2,mom7,20,2023-03-30,0.0344443258592222,0.0572828179105725,0.0116058338078718,ALCISTA
val2,mom7,20,2023-04-06,-0.0405284684603917,-0.024748619296162,-0.0563083176246214,ALCISTA
val2,mom7,20,2023-04-13,0.0319190629832601,-0.0038395173968966,0.067677643363417,EUFORIA
val2,mom7,20,2023-04-20,0.0066241222170982,0.0080247246943693,0.0052235197398272,ALCISTA
val2,mom7,20,2023-04-27,0.0004286540256216,-0.0624215595707232,0.0632788676219665,ALCISTA
val2,mom7,20,2023-05-04,0.0107925394515097,-0.1425423510986007,0.1641274300016201,ALCISTA
val2,mom7,20,2023-05-11,-0.0607717838877721,0.0203039454035635,-0.1418475131791077,ALCISTA
val2,mom7,20,2023-05-18,-0.0098738328017063,-0.0550697959382199,0.0353221303348073,ALCISTA
val2,mom7,20,2023-05-25,-0.0211273872042748,-0.0341029625227994,-0.0081518118857503,ALCISTA
val2,mom7,20,2023-06-01,-0.0087603559150521,-0.1025839164352362,0.0850632046051319,ALCISTA
val2,mom7,20,2023-06-08,0.0078037174096489,-0.1293385494458909,0.1449459842651887,ALCISTA
val2,mom7,20,2023-06-15,-0.012883269395422,0.1064909590620434,-0.1322574978528875,ALCISTA
val2,mom7,20,2023-06-22,0.0034101054845718,-0.0105078330055605,0.0173280439747041,ALCISTA
val2,mom7,20,2023-06-29,0.0244348341894025,0.0238250721020814,0.0250445962767237,ALCISTA
val2,mom7,20,2023-07-06,-0.0349448441401368,0.0618682504821053,-0.131757938762379,ALCISTA
val2,mom7,20,2023-07-13,0.0027554913478616,-0.0456378572019802,0.0511488398977035,ALCISTA
val2,mom7,20,2023-07-20,-0.0066710587320139,-0.0437278846172948,0.0303857671532668,ALCISTA
val2,mom7,20,2023-07-27,-0.0005941549531063,-0.01373171549767,0.0125434055914574,ALCISTA
val2,mom7,20,2023-08-03,-0.018511889801802,-0.0147865577696646,-0.0222372218339393,ALCISTA
val2,mom7,20,2023-08-10,0.0264532066259705,-0.0944201603724014,0.1473265736243425,ALCISTA
val2,mom7,20,2023-08-17,0.01003625054387,0.0725770515085935,-0.0525045504208534,ALCISTA
val2,mom7,20,2023-08-24,-0.0132412428364237,-0.0225340112310715,-0.0039484744417759,LATERAL_TRANQUILO
val2,mom7,20,2023-08-31,0.0007371885118751,0.0651497343083728,-0.0636753572846224,LATERAL_TRANQUILO
val2,mom7,20,2023-09-07,-0.0057205935737297,-0.0713733832006738,0.0599321960532143,LATERAL_TRANQUILO
val2,mom7,20,2023-09-14,-0.0136682487074641,0.0210142742673857,-0.048350771682314,LATERAL_TRANQUILO
val2,mom7,20,2023-09-21,0.0083696392245645,0.0443517926053735,-0.0276125141562445,LATERAL_TRANQUILO
val2,mom7,20,2023-09-28,-0.0352572482610916,-0.0965582105417813,0.0260437140195981,LATERAL_TRANQUILO
val2,mom7,20,2023-10-05,0.0031012833691421,-0.0354661184468001,0.0416686851850844,LATERAL_TRANQUILO
val2,mom7,20,2023-10-12,0.0220018690396478,0.0151110675489898,0.0288926705303058,LATERAL_TRANQUILO
val2,mom7,20,2023-10-19,-0.0137020940665266,0.2016730351226468,-0.2290772232557,LATERAL_TRANQUILO
val2,mom7,20,2023-10-26,-0.0435584368976675,0.0077006027135917,-0.0948174765089268,LATERAL_TRANQUILO
val2,mom7,20,2023-11-02,0.0702631571212864,0.2062401826111489,-0.065713868368576,LATERAL_TRANQUILO
val2,mom7,20,2023-11-09,-0.0412613378981379,-0.0250668095183306,-0.0574558662779453,LATERAL_TRANQUILO
val2,mom7,20,2023-11-16,-0.0360983897645899,-0.0391212825356728,-0.033075496993507,EUFORIA
val2,mom7,20,2023-11-23,-0.0198398459755023,-0.0042601418884692,-0.0354195500625355,ALCISTA
val2,mom7,20,2023-11-30,-0.0177079438247918,0.2334635443283425,-0.2688794319779263,ALCISTA
val2,mom7,20,2023-12-07,0.0383039912785103,0.162062678296807,-0.0854546957397864,ALCISTA
val2,mom7,20,2023-12-14,0.025676373173834,0.0578876558479054,-0.0065349095002373,ALCISTA
val2,mom7,20,2023-12-21,-0.0054228287808097,0.0172173922301355,-0.0280630497917549,ALCISTA
val2,mom7,20,2023-12-28,0.0225816587958264,0.0009267865111658,0.0442365310804871,ALCISTA
val2,mom7,20,2024-01-04,-0.0089199340786181,0.0337806866361478,-0.051620554793384,ALCISTA
val2,mom7,20,2024-01-11,-0.0314831159707685,-0.117204682298478,0.0542384503569408,ALCISTA
val2,mom7,20,2024-01-18,0.031119208531107,-0.0024712715307193,0.0647096885929334,ALCISTA
val2,mom7,20,2024-01-25,-0.0302362341688184,0.0061482930251301,-0.066620761362767,ALCISTA
val2,mom7,20,2024-02-01,0.0045014600773104,0.0159645999773376,-0.0069616798227167,ALCISTA
val2,mom7,20,2024-02-08,0.0563021021490323,0.2526671488136432,-0.1400629445155786,ALCISTA
val2,mom7,20,2024-02-15,0.0053270746554519,0.0120166181784092,-0.0013624688675052,ALCISTA
val2,mom7,20,2024-02-22,-0.0734304739899445,0.0890266759023571,-0.2358876238822463,ALCISTA
val2,mom7,20,2024-02-29,0.1168150222964498,0.3797240533128094,-0.1460940087199097,EUFORIA
val2,mom7,20,2024-03-07,0.0212642870388642,0.1174336556546053,-0.0749050815768768,EUFORIA
val2,mom7,20,2024-03-14,-0.0535885997499743,-0.1891901572182696,0.0820129577183208,EUFORIA
val2,mom7,20,2024-03-21,0.0153104966363714,0.1592047324284932,-0.1285837391557504,EUFORIA
val2,mom7,20,2024-03-28,-0.0027936015290043,-0.0738450304761529,0.0682578274181443,EUFORIA
val2,mom7,20,2024-04-04,0.0205217156267632,-0.0168516424792029,0.0578950737327294,ALCISTA
val2,mom7,20,2024-04-11,-0.0055578045373472,-0.2104869980373357,0.1993713889626412,ALCISTA
val2,mom7,20,2024-04-18,-0.0763787068604854,0.0028768700472478,-0.1556342837682188,ALCISTA
val2,mom7,20,2024-04-25,-0.0278058534337968,-0.1168239896011608,0.0612122827335671,ALCISTA
val2,mom7,20,2024-05-02,0.0177726277710177,0.0696069473245049,-0.0340616917824693,ALCISTA
val2,mom7,20,2024-05-09,0.0519330800016337,0.0039914898406179,0.0998746701626495,ALCISTA
val2,mom7,20,2024-05-16,-0.0087288520807863,0.1120627360375494,-0.1295204401991221,ALCISTA
val2,mom7,20,2024-05-23,-0.0663122355950457,-0.0215972528093426,-0.1110272183807487,ALCISTA
val2,mom7,20,2024-05-30,0.0164672193731968,0.0755453191692618,-0.042610880422868,ALCISTA
val2,mom7,20,2024-06-06,-0.0367465674431969,-0.229374781826945,0.155881646940551,ALCISTA
val2,mom7,20,2024-06-13,0.0257451806415816,-0.1409995707768737,0.1924899320600369,ALCISTA
val2,mom7,20,2024-06-20,-0.0363621923139185,-0.0239074166782749,-0.0488169679495621,ALCISTA
val2,mom7,20,2024-06-27,-0.001894459471082,-0.1892249243823244,0.1854360054401602,ALCISTA
val2,mom7,20,2024-07-04,0.0038480025768459,0.0515765122579588,-0.0438805071042669,ALCISTA
val2,mom7,20,2024-07-11,-0.0482997971421782,0.1644211348573404,-0.261020729141697,LATERAL_TRANQUILO
val2,mom7,20,2024-07-18,-0.0324722198412078,-0.100435191557457,0.0354907518750413,ALCISTA
val2,mom14,5,2023-01-05,0.0494385822347429,0.3225101021005962,-0.2236329376311104,BAJISTA
val2,mom14,5,2023-01-12,0.0358951680719275,0.1330265591171975,-0.0612362229733423,BAJISTA
val2,mom14,5,2023-01-19,0.0976615121286596,0.4225020093415675,-0.2271789850842482,LATERAL_TRANQUILO
val2,mom14,5,2023-01-26,-0.0509317144457374,-0.0298428794943109,-0.072020549397164,LATERAL_TRANQUILO
val2,mom14,5,2023-02-02,-0.075706545865457,-0.1965151863327599,0.0451020946018458,LATERAL_TRANQUILO
val2,mom14,5,2023-02-09,0.0378749194369197,0.124606331460177,-0.0488564925863375,LATERAL_TRANQUILO
val2,mom14,5,2023-02-16,-0.0257894704679097,-0.0441476808002702,-0.0074312601355491,ALCISTA
val2,mom14,5,2023-02-23,-0.0450864066707246,-0.1387363720070826,0.0485635586656333,ALCISTA
val2,mom14,5,2023-03-02,-0.0309331388471624,-0.287348011958427,0.225481734264102,ALCISTA
val2,mom14,5,2023-03-09,-0.1111123229523827,0.0493116417765937,-0.2715362876813592,ALCISTA
val2,mom14,5,2023-03-16,0.0222258383963704,0.0807465042518973,-0.0362948274591563,LATERAL_TRANQUILO
val2,mom14,5,2023-03-23,-0.0200387035397548,-0.0540546068293181,0.0139771997498085,ALCISTA
val2,mom14,5,2023-03-30,0.050538779789885,0.1278612127565932,-0.0267836531768231,ALCISTA
val2,mom14,5,2023-04-06,-0.0581218530931254,-0.0671780217742895,-0.0490656844119612,ALCISTA
val2,mom14,5,2023-04-13,0.0765305767166067,0.0571815219297767,0.0958796315034366,EUFORIA
val2,mom14,5,2023-04-20,0.0105678219669586,0.0319282535281575,-0.0107926095942403,ALCISTA
val2,mom14,5,2023-04-27,-0.0105112287223952,-0.1160587904756467,0.0950363330308563,ALCISTA
val2,mom14,5,2023-05-04,0.0164930230903469,-0.1840453569848233,0.2170314031655172,ALCISTA
val2,mom14,5,2023-05-11,-0.0407191911594783,0.0479599805921159,-0.1293983629110726,ALCISTA
val2,mom14,5,2023-05-18,0.1949889729755902,0.3502421425092268,0.0397358034419536,ALCISTA
val2,mom14,5,2023-05-25,-0.042939581317899,-0.0752868501616204,-0.0105923124741775,ALCISTA
val2,mom14,5,2023-06-01,-0.0474237415657897,-0.1783014120789267,0.0834539289473472,ALCISTA
val2,mom14,5,2023-06-08,0.0430796890843043,-0.0565795267425425,0.1427389049111512,ALCISTA
val2,mom14,5,2023-06-15,-0.0605846863998607,0.0126386641549786,-0.1338080369547001,ALCISTA
val2,mom14,5,2023-06-22,-0.0370023636783552,-0.0727679926102502,-0.0012367347464602,ALCISTA
val2,mom14,5,2023-06-29,0.0485379046157488,0.045433221857018,0.0516425873744795,ALCISTA
val2,mom14,5,2023-07-06,-0.0517337643530109,0.0084493811846778,-0.1119169098906998,ALCISTA
val2,mom14,5,2023-07-13,-0.0319190747989867,-0.0374816732554535,-0.0263564763425199,ALCISTA
val2,mom14,5,2023-07-20,0.0151735724133402,-0.0470611462642747,0.0774082910909552,ALCISTA
val2,mom14,5,2023-07-27,0.0213329825160128,0.0065568463498906,0.0361091186821349,ALCISTA
val2,mom14,5,2023-08-03,-0.0296210365482849,-0.0654346851182168,0.006192612021647,ALCISTA
val2,mom14,5,2023-08-10,0.0982919506128341,-0.0223982521541226,0.2189821533797908,ALCISTA
val2,mom14,5,2023-08-17,0.0473078827676118,0.1573091749689179,-0.0626934094336942,ALCISTA
val2,mom14,5,2023-08-24,0.0112799612040829,0.0356845645003641,-0.0131246420921982,LATERAL_TRANQUILO
val2,mom14,5,2023-08-31,0.0921661211487787,0.2523831987388673,-0.0680509564413097,LATERAL_TRANQUILO
val2,mom14,5,2023-09-07,-0.0408583093499797,-0.1405068745421878,0.0587902558422282,LATERAL_TRANQUILO
val2,mom14,5,2023-09-14,0.0414044320570414,0.0829410074481767,-0.0001321433340938,LATERAL_TRANQUILO
val2,mom14,5,2023-09-21,0.0384945334379367,0.1181744651334905,-0.0411853982576169,LATERAL_TRANQUILO
val2,mom14,5,2023-09-28,-0.0651794776036393,-0.1706505084981402,0.0402915532908614,LATERAL_TRANQUILO
val2,mom14,5,2023-10-05,0.0396455120173136,0.0181020209820873,0.0611890030525399,LATERAL_TRANQUILO
val2,mom14,5,2023-10-12,0.0009092393321665,-0.0153352602485478,0.017153738912881,LATERAL_TRANQUILO
val2,mom14,5,2023-10-19,0.0028743105977667,0.2798007166893426,-0.2740520954938091,LATERAL_TRANQUILO
val2,mom14,5,2023-10-26,-0.0525410046958166,-0.0742545121224219,-0.0308274972692113,LATERAL_TRANQUILO
val2,mom14,5,2023-11-02,0.0030774647053216,0.1880675540244963,-0.181912624613853,LATERAL_TRANQUILO
val2,mom14,5,2023-11-09,-0.0419187834738516,-0.0775883951307325,-0.0062491718169708,LATERAL_TRANQUILO
val2,mom14,5,2023-11-16,-0.0626204578489045,-0.1251811342503654,-5.978144744365078e-05,EUFORIA
val2,mom14,5,2023-11-23,0.0158529367884473,0.0173433097631492,0.0143625638137454,ALCISTA
val2,mom14,5,2023-11-30,-0.0956267731351257,0.1506304558134142,-0.3418840020836658,ALCISTA
val2,mom14,5,2023-12-07,0.2032913615968727,0.4651996137037629,-0.0586168905100174,ALCISTA
val2,mom14,5,2023-12-14,-0.0372397782611344,-0.1077008000111953,0.0332212434889264,ALCISTA
val2,mom14,5,2023-12-21,-0.0114416827546015,-0.0502808377259146,0.0273974722167114,ALCISTA
val2,mom14,5,2023-12-28,0.0758831467477934,0.0190362738743882,0.1327300196211987,ALCISTA
val2,mom14,5,2024-01-04,-0.0251968301274395,0.0691061288897554,-0.1194997891446345,ALCISTA
val2,mom14,5,2024-01-11,-0.009167804551706,-0.0863760275141558,0.0680404184107437,ALCISTA
val2,mom14,5,2024-01-18,0.009579210082874,-0.031000865456864,0.050159285622612,ALCISTA
val2,mom14,5,2024-01-25,-0.0251022141790389,0.0292590500491754,-0.0794634784072533,ALCISTA
val2,mom14,5,2024-02-01,-0.0225450306106501,-0.0138035641297405,-0.0312864970915597,ALCISTA
val2,mom14,5,2024-02-08,0.1424916440134011,0.5061086625232107,-0.2211253744964084,ALCISTA
val2,mom14,5,2024-02-15,-0.0483277318057569,-0.1280214074275651,0.0313659438160512,ALCISTA
val2,mom14,5,2024-02-22,0.0835806350078815,0.2338594126380163,-0.0666981426222532,ALCISTA
val2,mom14,5,2024-02-29,0.0788242316492005,0.2135197618408559,-0.0558712985424548,EUFORIA
val2,mom14,5,2024-03-07,0.1604847065913748,0.4703303134623927,-0.1493609002796431,EUFORIA
val2,mom14,5,2024-03-14,-0.1018412137777621,-0.2597549205882312,0.0560724930327068,EUFORIA
val2,mom14,5,2024-03-21,0.0474316860892335,0.1735902974681552,-0.0787269252896881,EUFORIA
val2,mom14,5,2024-03-28,0.0115051094446103,-0.1074280883485486,0.1304383072377694,EUFORIA
val2,mom14,5,2024-04-04,0.0275987773124717,-0.0083238841503806,0.0635214387753241,ALCISTA
val2,mom14,5,2024-04-11,-0.0058254420147806,-0.2347607571723107,0.2231098731427493,ALCISTA
val2,mom14,5,2024-04-18,-0.1227359265707605,-0.0254393715211402,-0.2200324816203809,ALCISTA
val2,mom14,5,2024-04-25,0.0749762862632643,-0.0111927328527863,0.1611453053793149,ALCISTA
val2,mom14,5,2024-05-02,0.0605837610988632,0.220449369221838,-0.0992818470241114,ALCISTA
val2,mom14,5,2024-05-09,-0.0346468422648302,-0.1209375447466608,0.0516438602170003,ALCISTA
val2,mom14,5,2024-05-16,0.047796837677947,0.198839651768142,-0.103245976412248,ALCISTA
val2,mom14,5,2024-05-23,-0.0629794603576586,-0.0706236686096808,-0.0553352521056363,ALCISTA
val2,mom14,5,2024-05-30,0.1109795215323388,0.1862585960078322,0.0357004470568454,ALCISTA
val2,mom14,5,2024-06-06,-0.1089294170592345,-0.3257644365942084,0.1079056024757392,ALCISTA
val2,mom14,5,2024-06-13,-0.0464464964340115,-0.1858100264502004,0.0929170335821773,ALCISTA
val2,mom14,5,2024-06-20,-0.1021575489030843,0.0310209183895956,-0.2353360161957642,ALCISTA
val2,mom14,5,2024-06-27,0.010251531835165,-0.2102959669669512,0.2307990306372813,ALCISTA
val2,mom14,5,2024-07-04,0.0292081962565985,0.0727786469795184,-0.0143622544663212,ALCISTA
val2,mom14,5,2024-07-11,-0.0523435027324442,0.1399750642979838,-0.2446620697628723,LATERAL_TRANQUILO
val2,mom14,5,2024-07-18,-0.0501976629588797,-0.1353486354810108,0.0349533095632514,ALCISTA
val2,mom14,10,2023-01-05,0.0123663118546788,0.2421595663565783,-0.2174269426472207,BAJISTA
val2,mom14,10,2023-01-12,0.0194577740483196,0.1434611843796326,-0.1045456362829933,BAJISTA
val2,mom14,10,2023-01-19,0.0021729990902976,0.2278517449617832,-0.2235057467811878,LATERAL_TRANQUILO
val2,mom14,10,2023-01-26,0.0154664753619403,0.0829888009696424,-0.0520558502457617,LATERAL_TRANQUILO
val2,mom14,10,2023-02-02,-0.0847596112805379,-0.1537340125354797,-0.0157852100255961,LATERAL_TRANQUILO
val2,mom14,10,2023-02-09,0.014191137380519,0.0835643029878726,-0.0551820282268345,LATERAL_TRANQUILO
val2,mom14,10,2023-02-16,-0.0130081484281509,-0.0300500475129153,0.0040337506566135,ALCISTA
val2,mom14,10,2023-02-23,-0.0409375895484738,-0.1293432589907923,0.0474680798938447,ALCISTA
val2,mom14,10,2023-03-02,-0.0087029007352853,-0.2551778275902098,0.237772026119639,ALCISTA
val2,mom14,10,2023-03-09,-0.0544734499007123,0.0933078848674352,-0.20225478466886,ALCISTA
val2,mom14,10,2023-03-16,0.0393152292112185,0.1168718438456312,-0.0382413854231941,LATERAL_TRANQUILO
val2,mom14,10,2023-03-23,-0.0302893075649294,-0.0690189840826888,0.00844036895283,ALCISTA
val2,mom14,10,2023-03-30,0.0247963039208366,0.0648700435952965,-0.0152774357536232,ALCISTA
val2,mom14,10,2023-04-06,-0.0376719128263618,-0.0363700233894489,-0.0389738022632747,ALCISTA
val2,mom14,10,2023-04-13,0.05445428526709,0.0026659494230469,0.1062426211111331,EUFORIA
val2,mom14,10,2023-04-20,0.0225517421279201,0.0138339617119604,0.0312695225438797,ALCISTA
val2,mom14,10,2023-04-27,-0.0142780797077232,-0.0993556037341461,0.0707994443186996,ALCISTA
val2,mom14,10,2023-05-04,0.0144382282987614,-0.1608671982419315,0.1897436548394544,ALCISTA
val2,mom14,10,2023-05-11,-0.0658300365882628,0.024736001776902,-0.1563960749534278,ALCISTA
val2,mom14,10,2023-05-18,0.1061738313761849,0.1633212695046915,0.0490263932476783,ALCISTA
val2,mom14,10,2023-05-25,-0.0193472998190846,-0.0439371132764224,0.0052425136382531,ALCISTA
val2,mom14,10,2023-06-01,-0.0355542553406848,-0.1490270772797722,0.0779185665984026,ALCISTA
val2,mom14,10,2023-06-08,0.0341188852578067,-0.0917726853080453,0.1600104558236587,ALCISTA
val2,mom14,10,2023-06-15,-0.0210623971704371,0.0851107736788581,-0.1272355680197323,ALCISTA
val2,mom14,10,2023-06-22,0.0197193276070795,0.0399645021845011,-0.000525846970342,ALCISTA
val2,mom14,10,2023-06-29,0.0257438429205976,0.0100171215529654,0.0414705642882297,ALCISTA
val2,mom14,10,2023-07-06,-0.0345240604928756,0.0355214837249537,-0.1045696047107049,ALCISTA
val2,mom14,10,2023-07-13,-0.014119923975339,-0.0333495083007657,0.0051096603500875,ALCISTA
val2,mom14,10,2023-07-20,0.015111422199486,-0.0304269362130717,0.0606497806120437,ALCISTA
val2,mom14,10,2023-07-27,0.0061726018626776,-0.0225771924819628,0.034922396207318,ALCISTA
val2,mom14,10,2023-08-03,-0.0161045326746427,-0.0210119448554222,-0.0111971204938632,ALCISTA
val2,mom14,10,2023-08-10,0.0716990013797062,-0.037413568471997,0.1808115712314095,ALCISTA
val2,mom14,10,2023-08-17,0.0442596561781263,0.1357081061425874,-0.0471887937863347,ALCISTA
val2,mom14,10,2023-08-24,0.005817443140356,0.0102597569687671,0.0013751293119449,LATERAL_TRANQUILO
val2,mom14,10,2023-08-31,0.0401886353968358,0.1426429806423658,-0.0622657098486941,LATERAL_TRANQUILO
val2,mom14,10,2023-09-07,-0.0071577378217643,-0.0963707796860959,0.0820553040425673,LATERAL_TRANQUILO
val2,mom14,10,2023-09-14,0.0130980304957536,0.0339462026553191,-0.0077501416638119,LATERAL_TRANQUILO
val2,mom14,10,2023-09-21,0.0092099090580194,0.0575924816001634,-0.0391726634841245,LATERAL_TRANQUILO
val2,mom14,10,2023-09-28,-0.0588307502172984,-0.1316787989274983,0.0140172984929014,LATERAL_TRANQUILO
val2,mom14,10,2023-10-05,0.0251873310527815,-0.0085354510700921,0.0589101131756551,LATERAL_TRANQUILO
val2,mom14,10,2023-10-12,0.0092449980924234,-0.0021013831183571,0.020591379303204,LATERAL_TRANQUILO
val2,mom14,10,2023-10-19,-0.0389724614235977,0.2057902716336918,-0.2837351944808873,LATERAL_TRANQUILO
val2,mom14,10,2023-10-26,-0.0750919061236784,-0.0040806503044879,-0.1461031619428689,LATERAL_TRANQUILO
val2,mom14,10,2023-11-02,0.0070425049411346,0.1212472675270679,-0.1071622576447987,LATERAL_TRANQUILO
val2,mom14,10,2023-11-09,-0.0264342707191018,-0.0462628647264613,-0.0066056767117423,LATERAL_TRANQUILO
val2,mom14,10,2023-11-16,-0.0471487839325564,-0.05984751806347,-0.0344500498016429,EUFORIA
val2,mom14,10,2023-11-23,0.0076505212627052,0.0094908465229167,0.0058101960024936,ALCISTA
val2,mom14,10,2023-11-30,-0.0372071505677969,0.1389488975711027,-0.2133631987066967,ALCISTA
val2,mom14,10,2023-12-07,0.1105848449852684,0.2548247698278809,-0.033655079857344,ALCISTA
val2,mom14,10,2023-12-14,-0.0041543943866373,-0.0360650964740552,0.0277563077007806,ALCISTA
val2,mom14,10,2023-12-21,-0.0011904273987301,0.0165743221937456,-0.0189551769912058,ALCISTA
val2,mom14,10,2023-12-28,0.0625837769310421,0.0547520955850271,0.0704154582770571,ALCISTA
val2,mom14,10,2024-01-04,0.0110814146590297,0.1034515650180436,-0.0812887356999841,ALCISTA
val2,mom14,10,2024-01-11,-0.0168251062917482,-0.0905772967128496,0.0569270841293531,ALCISTA
val2,mom14,10,2024-01-18,0.0686785427745655,0.084043077040828,0.0533140085083031,ALCISTA
val2,mom14,10,2024-01-25,0.0037603326030574,0.0551792095916426,-0.0476585443855276,ALCISTA
val2,mom14,10,2024-02-01,0.0192794339455863,0.0810828320258478,-0.0425239641346751,ALCISTA
val2,mom14,10,2024-02-08,0.0492710620915608,0.2926598178518668,-0.1941176936687451,ALCISTA
val2,mom14,10,2024-02-15,-0.0300934624412126,-0.0874474555141685,0.0272605306317432,ALCISTA
val2,mom14,10,2024-02-22,0.0382878413239132,0.1700197248639046,-0.093444042216078,ALCISTA
val2,mom14,10,2024-02-29,0.1931069384542481,0.4667966295283873,-0.080582752619891,EUFORIA
val2,mom14,10,2024-03-07,0.0929772046281704,0.27347687346108,-0.0875224642047391,EUFORIA
val2,mom14,10,2024-03-14,-0.0595596742441325,-0.1897449921958518,0.0706256437075867,EUFORIA
val2,mom14,10,2024-03-21,0.0334353720794162,0.1409308484953397,-0.0740601043365072,EUFORIA
val2,mom14,10,2024-03-28,0.0621169828911252,-0.0325061545358652,0.1567401203181156,EUFORIA
val2,mom14,10,2024-04-04,0.0144270141286539,-0.0283535277855596,0.0572075560428675,ALCISTA
val2,mom14,10,2024-04-11,-0.0160394474557026,-0.2314523585062356,0.1993734635948302,ALCISTA
val2,mom14,10,2024-04-18,-0.1007876339070864,-0.0068971422339279,-0.1946781255802449,ALCISTA
val2,mom14,10,2024-04-25,0.0212948816366423,-0.0723177946747983,0.114907557948083,ALCISTA
val2,mom14,10,2024-05-02,0.0131760028118663,0.1156838704213863,-0.0893318647976536,ALCISTA
val2,mom14,10,2024-05-09,0.0039072971929561,-0.0441484687725557,0.0519630631584681,ALCISTA
val2,mom14,10,2024-05-16,0.0244761221659189,0.1213955814262626,-0.0724433370944246,ALCISTA
val2,mom14,10,2024-05-23,-0.0423560965446739,-0.0576655866657407,-0.0270466064236072,ALCISTA
val2,mom14,10,2024-05-30,0.0811800235996987,0.1611916771849073,0.0011683700144901,ALCISTA
val2,mom14,10,2024-06-06,-0.0696516909340642,-0.2700971960069598,0.1307938141388313,ALCISTA
val2,mom14,10,2024-06-13,-0.0047187055017293,-0.1637941909933422,0.1543567799898836,ALCISTA
val2,mom14,10,2024-06-20,-0.0705070655075384,-0.0203113515102985,-0.1207027795047784,ALCISTA
val2,mom14,10,2024-06-27,0.0225597047398278,-0.1710092726084668,0.2161286820881225,ALCISTA
val2,mom14,10,2024-07-04,0.016332740591397,0.0503332768871051,-0.0176677957043109,ALCISTA
val2,mom14,10,2024-07-11,-0.0844378404879492,0.1090503999291572,-0.2779260809050556,LATERAL_TRANQUILO
val2,mom14,10,2024-07-18,-0.0440540415471785,-0.1330169996682248,0.0449089165738677,ALCISTA
val2,mom14,20,2023-01-05,-0.0057108002389506,0.2000250483458524,-0.2114466488237537,BAJISTA
val2,mom14,20,2023-01-12,0.0328300995366047,0.1442070330255098,-0.0785468339523004,BAJISTA
val2,mom14,20,2023-01-19,-0.0225283244668588,0.1730767803310835,-0.2181334292648013,LATERAL_TRANQUILO
val2,mom14,20,2023-01-26,0.0116485620708637,0.0764227076257334,-0.0531255834840058,LATERAL_TRANQUILO
val2,mom14,20,2023-02-02,-0.0511715671703887,-0.1279535546066206,0.0256104202658431,LATERAL_TRANQUILO
val2,mom14,20,2023-02-09,0.0257452833184636,0.1076101982697156,-0.0561196316327883,LATERAL_TRANQUILO
val2,mom14,20,2023-02-16,-0.0217622888717177,-0.0120237992112704,-0.0315007785321651,ALCISTA
val2,mom14,20,2023-02-23,-0.026691716033715,-0.0999187342875091,0.0465353022200789,ALCISTA
val2,mom14,20,2023-03-02,-0.0141641150564874,-0.250666702900416,0.2223384727874411,ALCISTA
val2,mom14,20,2023-03-09,-0.04042272687267,0.1022405538790874,-0.1830860076244276,ALCISTA
val2,mom14,20,2023-03-16,-0.0058658733343425,0.0814469327118405,-0.0931786793805255,LATERAL_TRANQUILO
val2,mom14,20,2023-03-23,-0.033231336488282,-0.0830246440577891,0.0165619710812249,ALCISTA
val2,mom14,20,2023-03-30,-0.0008493093903579,0.0331279500384675,-0.0348265688191834,ALCISTA
val2,mom14,20,2023-04-06,-0.0380276419465581,-0.02020874586066,-0.0558465380324562,ALCISTA
val2,mom14,20,2023-04-13,0.0333729874038893,-0.0262626927793773,0.0930086675871561,EUFORIA
val2,mom14,20,2023-04-20,0.021978765461992,0.0230484588559659,0.0209090720680182,ALCISTA
val2,mom14,20,2023-04-27,-0.0018083001691687,-0.0661606425370604,0.0625440421987228,ALCISTA
val2,mom14,20,2023-05-04,0.0200042917490326,-0.1404484015928095,0.1804569850908748,ALCISTA
val2,mom14,20,2023-05-11,-0.0596673913008199,0.0295517059942871,-0.148886488595927,ALCISTA
val2,mom14,20,2023-05-18,0.0481162672606294,0.0541028902582705,0.0421296442629883,ALCISTA
val2,mom14,20,2023-05-25,-0.0159042419901364,-0.0237912967257622,-0.0080171872545105,ALCISTA
val2,mom14,20,2023-06-01,-0.021416437351938,-0.1093779444486218,0.0665450697447457,ALCISTA
val2,mom14,20,2023-06-08,0.0175804884248163,-0.1282788979032886,0.1634398747529213,ALCISTA
val2,mom14,20,2023-06-15,-0.0015365310015078,0.1158019227312856,-0.1188749847343014,ALCISTA
val2,mom14,20,2023-06-22,0.0001102955905967,-0.0160371807674106,0.0162577719486041,ALCISTA
val2,mom14,20,2023-06-29,0.0264494284313949,0.0191806008097558,0.0337182560530339,ALCISTA
val2,mom14,20,2023-07-06,-0.0153764984147514,0.0701070201505109,-0.1008600169800139,ALCISTA
val2,mom14,20,2023-07-13,-0.0052937532606905,-0.0404128571650468,0.0298253506436657,ALCISTA
val2,mom14,20,2023-07-20,-0.0064794486428143,-0.0402776837675615,0.0273187864819328,ALCISTA
val2,mom14,20,2023-07-27,-0.000276225281124,-0.0216896336304973,0.0211371830682492,ALCISTA
val2,mom14,20,2023-08-03,-0.0125929485555737,-0.01295562861304,-0.0122302684981073,ALCISTA
val2,mom14,20,2023-08-10,0.0420837694699207,-0.0992124182724836,0.1833799572123252,ALCISTA
val2,mom14,20,2023-08-17,0.0133815355366925,0.0792777355249325,-0.0525146644515474,ALCISTA
val2,mom14,20,2023-08-24,-0.0097036672012128,-0.0233591705424441,0.0039518361400184,LATERAL_TRANQUILO
val2,mom14,20,2023-08-31,0.020454419988135,0.0825971431654776,-0.0416883031892074,LATERAL_TRANQUILO
val2,mom14,20,2023-09-07,-0.0231580588792971,-0.0964430524015078,0.0501269346429136,LATERAL_TRANQUILO
val2,mom14,20,2023-09-14,-0.0148534958038506,0.0005706614397761,-0.0302776530474773,LATERAL_TRANQUILO
val2,mom14,20,2023-09-21,0.0111490729099782,0.0518698522447302,-0.0295717064247737,LATERAL_TRANQUILO
val2,mom14,20,2023-09-28,-0.0261697159682547,-0.0657219319946114,0.0133825000581019,LATERAL_TRANQUILO
val2,mom14,20,2023-10-05,-0.0051400188173742,-0.0473023186533922,0.0370222810186437,LATERAL_TRANQUILO
val2,mom14,20,2023-10-12,0.0149976716995271,0.0021041857683676,0.0278911576306866,LATERAL_TRANQUILO
val2,mom14,20,2023-10-19,-0.0269739159453324,0.2072837268001347,-0.2612315586907997,LATERAL_TRANQUILO
val2,mom14,20,2023-10-26,-0.0351328292310283,0.0103071253903386,-0.0805727838523952,LATERAL_TRANQUILO
val2,mom14,20,2023-11-02,0.0193770708440503,0.1017626093798379,-0.0630084676917373,LATERAL_TRANQUILO
val2,mom14,20,2023-11-09,-0.0273444541196684,-0.0229889923488759,-0.031699915890461,LATERAL_TRANQUILO
val2,mom14,20,2023-11-16,-0.0001325405858839,0.0081459655399399,-0.0084110467117078,EUFORIA
val2,mom14,20,2023-11-23,0.0003457356890706,0.0129352295845466,-0.0122437582064053,ALCISTA
val2,mom14,20,2023-11-30,-0.0342273986698044,0.0932071577733884,-0.1616619551129973,ALCISTA
val2,mom14,20,2023-12-07,0.048885829133272,0.115137348613902,-0.0173656903473579,ALCISTA
val2,mom14,20,2023-12-14,0.0154608882901181,0.0229155879328262,0.00800618864741,ALCISTA
val2,mom14,20,2023-12-21,-0.0432006625173189,-0.0271921807340147,-0.059209144300623,ALCISTA
val2,mom14,20,2023-12-28,0.0656491273427882,0.0492951788625045,0.082003075823072,ALCISTA
val2,mom14,20,2024-01-04,0.0168940088440093,0.0687602352337005,-0.0349722175456818,ALCISTA
val2,mom14,20,2024-01-11,-0.0075604207758428,-0.0750884880063733,0.0599676464546876,ALCISTA
val2,mom14,20,2024-01-18,0.0365735462399691,0.0176830281558875,0.0554640643240508,ALCISTA
val2,mom14,20,2024-01-25,0.0063373958818304,0.0547841303576593,-0.0421093385939983,ALCISTA
val2,mom14,20,2024-02-01,0.0102135444631785,0.0476052096773813,-0.0271781207510242,ALCISTA
val2,mom14,20,2024-02-08,0.0447867253340709,0.2419498341729204,-0.1523763835047785,ALCISTA
val2,mom14,20,2024-02-15,0.0028777758240939,0.0404353307028254,-0.0346797790546374,ALCISTA
val2,mom14,20,2024-02-22,0.0355189041041538,0.1436185406366758,-0.0725807324283681,ALCISTA
val2,mom14,20,2024-02-29,0.1827244567192498,0.4452119241799715,-0.0797630107414719,EUFORIA
val2,mom14,20,2024-03-07,0.0520022883674777,0.1488336564636017,-0.0448290797286461,EUFORIA
val2,mom14,20,2024-03-14,-0.0442004323112023,-0.1652989351460359,0.0768980705236312,EUFORIA
val2,mom14,20,2024-03-21,0.0375326806146971,0.1627743079161363,-0.0877089466867421,EUFORIA
val2,mom14,20,2024-03-28,0.042539589357137,-0.0550045880800244,0.1400837667942985,EUFORIA
val2,mom14,20,2024-04-04,0.0190995993479587,-0.0138631739912698,0.0520623726871873,ALCISTA
val2,mom14,20,2024-04-11,-0.0024801393557843,-0.2258113773933681,0.2208510986817994,ALCISTA
val2,mom14,20,2024-04-18,-0.0660302853674449,0.0078639194277255,-0.1399244901626154,ALCISTA
val2,mom14,20,2024-04-25,0.0017519459249279,-0.0816426849511088,0.0851465768009648,ALCISTA
val2,mom14,20,2024-05-02,0.0221709781121734,0.1046934346417179,-0.060351478417371,ALCISTA
val2,mom14,20,2024-05-09,0.0268860303979934,-0.0179447282403087,0.0717167890362956,ALCISTA
val2,mom14,20,2024-05-16,-0.0376318436381691,0.0593538615828857,-0.1346175488592239,ALCISTA
val2,mom14,20,2024-05-23,-0.0333000604016361,-0.0300799036960536,-0.0365202171072186,ALCISTA
val2,mom14,20,2024-05-30,0.0499131771621551,0.1000554582507862,-0.0002291039264759,ALCISTA
val2,mom14,20,2024-06-06,-0.0333042562929845,-0.2180088310408388,0.1514003184548698,ALCISTA
val2,mom14,20,2024-06-13,-0.0125777328770174,-0.1651696519391245,0.1400141861850896,ALCISTA
val2,mom14,20,2024-06-20,-0.0440990407914055,-0.020250828307507,-0.0679472532753041,ALCISTA
val2,mom14,20,2024-06-27,0.0239985258384988,-0.1751581542284885,0.2231552059054861,ALCISTA
val2,mom14,20,2024-07-04,0.012785555179502,0.0306839742832229,-0.0051128639242189,ALCISTA
val2,mom14,20,2024-07-11,-0.0701277675581111,0.1016726980537501,-0.2419282331699723,LATERAL_TRANQUILO
val2,mom14,20,2024-07-18,-0.0311192833337574,-0.1140571613769001,0.0518185947093853,ALCISTA
val2,mom30,5,2023-01-05,0.001602218787744,0.2540783427780043,-0.2508739052025163,BAJISTA
val2,mom30,5,2023-01-12,0.00773431863407,0.0843849157254499,-0.0689162784573098,BAJISTA
val2,mom30,5,2023-01-19,-0.02259024189689,0.3119271946856272,-0.3571076784794073,LATERAL_TRANQUILO
val2,mom30,5,2023-01-26,0.0222433326611717,0.0961157576677658,-0.0516290923454222,LATERAL_TRANQUILO
val2,mom30,5,2023-02-02,-0.0593062717434721,-0.1828361615815932,0.0642236180946489,LATERAL_TRANQUILO
val2,mom30,5,2023-02-09,0.0752049539395952,0.1778608124699928,-0.0274509045908024,LATERAL_TRANQUILO
val2,mom30,5,2023-02-16,-0.0317830136699886,-0.0539379136051651,-0.0096281137348122,ALCISTA
val2,mom30,5,2023-02-23,-0.0337828713722645,-0.092985471038901,0.025419728294372,ALCISTA
val2,mom30,5,2023-03-02,-0.0131713112788036,-0.273166916143885,0.2468242935862778,ALCISTA
val2,mom30,5,2023-03-09,-0.0896279349286071,0.0265771301772111,-0.2058330000344254,ALCISTA
val2,mom30,5,2023-03-16,-0.0046865522114655,0.076487469501295,-0.0858605739242261,LATERAL_TRANQUILO
val2,mom30,5,2023-03-23,-0.0323494700853013,-0.0833560205222978,0.018657080351695,ALCISTA
val2,mom30,5,2023-03-30,-0.0129252589616091,0.0607239419103352,-0.0865744598335536,ALCISTA
val2,mom30,5,2023-04-06,-0.0269316035676693,0.0049158928498184,-0.0587790999851571,ALCISTA
val2,mom30,5,2023-04-13,0.016613690316809,-0.0409491054227036,0.0741764860563217,EUFORIA
val2,mom30,5,2023-04-20,0.037322368483455,0.0389609413897228,0.0356837955771873,ALCISTA
val2,mom30,5,2023-04-27,-0.0389745424187645,-0.1296538126024332,0.051704727764904,ALCISTA
val2,mom30,5,2023-05-04,0.0144639466370533,-0.1856567231394726,0.2145846164135793,ALCISTA
val2,mom30,5,2023-05-11,0.0037555247130554,0.1442124453321834,-0.1367013959060726,ALCISTA
val2,mom30,5,2023-05-18,0.1914866644370482,0.321961706985605,0.0610116218884915,ALCISTA
val2,mom30,5,2023-05-25,-0.0685193941051148,-0.1049945806773306,-0.0320442075328991,ALCISTA
val2,mom30,5,2023-06-01,-0.0303538664328396,-0.148112361226536,0.0874046283608566,ALCISTA
val2,mom30,5,2023-06-08,0.0314833141386585,-0.0609850608570958,0.1239516891344128,ALCISTA
val2,mom30,5,2023-06-15,-0.1654948876956844,-0.0062085685435227,-0.3247812068478461,ALCISTA
val2,mom30,5,2023-06-22,-0.0174257411654085,-0.0788924310810589,0.0440409487502418,ALCISTA
val2,mom30,5,2023-06-29,0.0365156288954028,0.0363242273633597,0.0367070304274459,ALCISTA
val2,mom30,5,2023-07-06,-0.0512606025922973,-0.0122689209188938,-0.0902522842657009,ALCISTA
val2,mom30,5,2023-07-13,0.002506850217246,-0.0313332944762517,0.0363469949107438,ALCISTA
val2,mom30,5,2023-07-20,0.0092622773734501,-0.0431322202664906,0.0616567750133909,ALCISTA
val2,mom30,5,2023-07-27,-0.0246610461080908,-0.0685285107398778,0.0192064185236962,ALCISTA
val2,mom30,5,2023-08-03,-0.0289590970944619,-0.0512714093194984,-0.0066467848694254,ALCISTA
val2,mom30,5,2023-08-10,0.0095700632390284,-0.1892185035137743,0.2083586299918313,ALCISTA
val2,mom30,5,2023-08-17,0.0289073115467957,0.0979320583497177,-0.0401174352561263,ALCISTA
val2,mom30,5,2023-08-24,0.0012918884257944,0.0283206212089441,-0.0257368443573553,LATERAL_TRANQUILO
val2,mom30,5,2023-08-31,0.06661403725915,0.1570198763049399,-0.0237918017866398,LATERAL_TRANQUILO
val2,mom30,5,2023-09-07,0.037877191403323,-0.0256021716310939,0.1013565544377401,LATERAL_TRANQUILO
val2,mom30,5,2023-09-14,-0.005371461359815,0.0280591945623724,-0.0388021172820025,LATERAL_TRANQUILO
val2,mom30,5,2023-09-21,-0.0366990802562111,0.0349589056472736,-0.108357066159696,LATERAL_TRANQUILO
val2,mom30,5,2023-09-28,-0.0436381477956982,-0.0815991960427756,-0.0056770995486208,LATERAL_TRANQUILO
val2,mom30,5,2023-10-05,-0.002790052311325,-0.0386797547826609,0.0330996501600109,LATERAL_TRANQUILO
val2,mom30,5,2023-10-12,0.0054678329927507,0.0297721948732627,-0.0188365288877611,LATERAL_TRANQUILO
val2,mom30,5,2023-10-19,0.0648464854449269,0.3311150738732125,-0.2014221029833587,LATERAL_TRANQUILO
val2,mom30,5,2023-10-26,-0.2042709898684652,-0.1572379795621388,-0.2513040001747915,LATERAL_TRANQUILO
val2,mom30,5,2023-11-02,-0.0080484405979843,0.0974998682499777,-0.1135967494459465,LATERAL_TRANQUILO
val2,mom30,5,2023-11-09,0.0164595144266652,0.0367138306397338,-0.0037948017864033,LATERAL_TRANQUILO
val2,mom30,5,2023-11-16,-0.0459422849395505,-0.1092724212302598,0.0173878513511587,EUFORIA
val2,mom30,5,2023-11-23,-0.0671058848586443,-0.0867465889099288,-0.0474651808073599,ALCISTA
val2,mom30,5,2023-11-30,0.0301627309979337,0.177647250315272,-0.1173217883194044,ALCISTA
val2,mom30,5,2023-12-07,0.01697151730406,0.1423698665922546,-0.1084268319841346,ALCISTA
val2,mom30,5,2023-12-14,-0.0380956017338031,-0.0903469503739803,0.0141557469063739,ALCISTA
val2,mom30,5,2023-12-21,0.0238542458416402,0.1125044209114169,-0.0647959292281365,ALCISTA
val2,mom30,5,2023-12-28,-0.0623005467121748,-0.2362476116143859,0.1116465181900362,ALCISTA
val2,mom30,5,2024-01-04,-0.0310468680171533,-0.0652181368496264,0.0031244008153198,ALCISTA
val2,mom30,5,2024-01-11,-0.0350523368973065,-0.0848305293632523,0.0147258555686392,ALCISTA
val2,mom30,5,2024-01-18,-0.0163455385534986,-0.0430991423923914,0.0104080652853941,ALCISTA
val2,mom30,5,2024-01-25,-0.0774611257604027,-0.0345777729188868,-0.1203444786019187,ALCISTA
val2,mom30,5,2024-02-01,0.0088260862249676,0.0328948271326376,-0.0152426546827023,ALCISTA
val2,mom30,5,2024-02-08,-0.041826555968223,0.207870285760397,-0.291523397696843,ALCISTA
val2,mom30,5,2024-02-15,-0.0575150620284701,-0.1120954692916946,-0.0029346547652456,ALCISTA
val2,mom30,5,2024-02-22,0.0791738255895283,0.2338594126380163,-0.0755117614589597,ALCISTA
val2,mom30,5,2024-02-29,0.0834508499414727,0.2284900124780306,-0.0615883125950852,EUFORIA
val2,mom30,5,2024-03-07,0.2369000746816443,0.5093052330453726,-0.0355050836820838,EUFORIA
val2,mom30,5,2024-03-14,-0.0862390799216543,-0.2066681208153231,0.0341899609720143,EUFORIA
val2,mom30,5,2024-03-21,0.1367896107381047,0.3245300834941078,-0.0509508620178982,EUFORIA
val2,mom30,5,2024-03-28,-0.0098036835713052,-0.1129907499686637,0.0933833828260532,EUFORIA
val2,mom30,5,2024-04-04,-0.0126705655732328,-0.0581053787776799,0.0327642476312142,ALCISTA
val2,mom30,5,2024-04-11,0.0576208431899841,-0.1835728648057555,0.2988145511857238,ALCISTA
val2,mom30,5,2024-04-18,-0.1435014172008319,-0.0691231447929985,-0.2178796896086654,ALCISTA
val2,mom30,5,2024-04-25,0.0096949455082532,-0.0492056884164254,0.068595579432932,ALCISTA
val2,mom30,5,2024-05-02,0.0104127299559485,0.0542355080773577,-0.0334100481654606,ALCISTA
val2,mom30,5,2024-05-09,0.0290897835577882,-0.0611937356110452,0.1193733027266216,ALCISTA
val2,mom30,5,2024-05-16,0.0455801816890806,0.1922481858511666,-0.1010878224730053,ALCISTA
val2,mom30,5,2024-05-23,-0.0425751026781381,-0.0348317264403938,-0.0503184789158824,ALCISTA
val2,mom30,5,2024-05-30,0.0292005080957191,0.1321466299759972,-0.0737456137845589,ALCISTA
val2,mom30,5,2024-06-06,-0.1160490012905443,-0.2762844153934281,0.0441864128123394,ALCISTA
val2,mom30,5,2024-06-13,0.0035204673854488,-0.1825574802127593,0.189598414983657,ALCISTA
val2,mom30,5,2024-06-20,-0.0990889968672438,0.0275628488800016,-0.2257408426144893,ALCISTA
val2,mom30,5,2024-06-27,0.0230011775223502,-0.1627648758610459,0.2087672309057464,ALCISTA
val2,mom30,5,2024-07-04,-0.0142583164684503,0.0074374032043371,-0.0359540361412377,ALCISTA
val2,mom30,5,2024-07-11,-0.0960738743192109,0.079345645959563,-0.2714933945979849,LATERAL_TRANQUILO
val2,mom30,5,2024-07-18,0.0004742412329973,-0.0832039363714039,0.0841524188373987,ALCISTA
val2,mom30,10,2023-01-05,-0.0582856163186598,0.205345448693061,-0.3219166813303807,BAJISTA
val2,mom30,10,2023-01-12,-0.0009153923668886,0.091728176978817,-0.0935589617125944,BAJISTA
val2,mom30,10,2023-01-19,-0.0113609616882344,0.2537000998587034,-0.2764220232351722,LATERAL_TRANQUILO
val2,mom30,10,2023-01-26,-0.0058785907528335,0.0474422584656039,-0.059199439971271,LATERAL_TRANQUILO
val2,mom30,10,2023-02-02,-0.0486543016120387,-0.1489569531344444,0.0516483499103669,LATERAL_TRANQUILO
val2,mom30,10,2023-02-09,0.0652185545169782,0.1599033240904205,-0.0294662150564639,LATERAL_TRANQUILO
val2,mom30,10,2023-02-16,-0.0317720304244329,-0.0417765965391663,-0.0217674643096995,ALCISTA
val2,mom30,10,2023-02-23,-0.0106642435160735,-0.0529809022682752,0.031652415236128,ALCISTA
val2,mom30,10,2023-03-02,-0.0154250116461769,-0.2750971958450082,0.2442471725526542,ALCISTA
val2,mom30,10,2023-03-09,-0.0681015776529706,0.0851978929801816,-0.2214010482861229,ALCISTA
val2,mom30,10,2023-03-16,-0.023298128880176,0.0522422691419327,-0.0988385269022849,LATERAL_TRANQUILO
val2,mom30,10,2023-03-23,-0.0049425813280194,-0.0325887902045903,0.0227036275485514,ALCISTA
val2,mom30,10,2023-03-30,0.0048360551229438,0.0763534237383742,-0.0666813134924864,ALCISTA
val2,mom30,10,2023-04-06,-0.039747193298569,-0.0219229929440271,-0.0575713936531108,ALCISTA
val2,mom30,10,2023-04-13,0.0098452732336004,-0.0471288018197668,0.0668193482869677,EUFORIA
val2,mom30,10,2023-04-20,0.0314275650157706,0.045265575421903,0.0175895546096382,ALCISTA
val2,mom30,10,2023-04-27,-0.0081696013363853,-0.0834322118064751,0.0670930091337044,ALCISTA
val2,mom30,10,2023-05-04,-0.0022016868438201,-0.1964600102260776,0.1920566365384373,ALCISTA
val2,mom30,10,2023-05-11,-0.0353893945331169,0.0802818080207747,-0.1510605970870086,ALCISTA
val2,mom30,10,2023-05-18,0.1172573551127239,0.1705096330930448,0.0640050771324031,ALCISTA
val2,mom30,10,2023-05-25,-0.0503421861823134,-0.0391343996274026,-0.0615499727372242,ALCISTA
val2,mom30,10,2023-06-01,-0.0159186333281453,-0.1184454007023085,0.0866081340460177,ALCISTA
val2,mom30,10,2023-06-08,0.023794524076895,-0.1064313014027504,0.1540203495565405,ALCISTA
val2,mom30,10,2023-06-15,-0.0772385633567247,0.0454291819245328,-0.1999063086379823,ALCISTA
val2,mom30,10,2023-06-22,0.026342318715131,0.0355846943915632,0.0170999430386988,ALCISTA
val2,mom30,10,2023-06-29,0.0201342560128824,0.0108617421195844,0.0294067699061803,ALCISTA
val2,mom30,10,2023-07-06,-0.0337732633425487,0.0273377964456536,-0.0948843231307511,ALCISTA
val2,mom30,10,2023-07-13,0.0005512366423296,-0.059542104798668,0.0606445780833274,ALCISTA
val2,mom30,10,2023-07-20,0.0073790191664472,-0.0298116253249288,0.0445696636578233,ALCISTA
val2,mom30,10,2023-07-27,-0.0101455565584572,-0.0500431979134513,0.0297520847965369,ALCISTA
val2,mom30,10,2023-08-03,-0.0263242872559938,-0.0390437245619976,-0.01360484994999,ALCISTA
val2,mom30,10,2023-08-10,0.0249215637368131,-0.1502140893989597,0.2000572168725861,ALCISTA
val2,mom30,10,2023-08-17,0.0200803406365994,0.099946774599432,-0.0597860933262331,ALCISTA
val2,mom30,10,2023-08-24,-0.0113731285314081,-0.034969469370976,0.0122232123081598,LATERAL_TRANQUILO
val2,mom30,10,2023-08-31,0.0766115145055927,0.1591251577691029,-0.0059021287579174,LATERAL_TRANQUILO
val2,mom30,10,2023-09-07,-0.0046961505616687,-0.0573707157049702,0.0479784145816326,LATERAL_TRANQUILO
val2,mom30,10,2023-09-14,-0.0146098190511921,0.0073948939709217,-0.036614532073306,LATERAL_TRANQUILO
val2,mom30,10,2023-09-21,-0.0129391392650663,0.043792407046344,-0.0696706855764766,LATERAL_TRANQUILO
val2,mom30,10,2023-09-28,-0.0229268079650867,-0.0717242842431483,0.0258706683129748,LATERAL_TRANQUILO
val2,mom30,10,2023-10-05,0.0050515239020988,-0.0230014125106276,0.0331044603148252,LATERAL_TRANQUILO
val2,mom30,10,2023-10-12,-0.0013532702857852,0.0028624301601896,-0.0055689707317601,LATERAL_TRANQUILO
val2,mom30,10,2023-10-19,-0.0053685344653946,0.244705000982553,-0.2554420699133422,LATERAL_TRANQUILO
val2,mom30,10,2023-10-26,-0.0987745382947409,-0.0632652825034218,-0.13428379408606,LATERAL_TRANQUILO
val2,mom30,10,2023-11-02,-0.0267315633526232,0.0873820847267736,-0.1408452114320202,LATERAL_TRANQUILO
val2,mom30,10,2023-11-09,0.0070935192876352,0.0311951237958997,-0.0170080852206292,LATERAL_TRANQUILO
val2,mom30,10,2023-11-16,0.0269475224513428,0.0353079080236919,0.0185871368789937,EUFORIA
val2,mom30,10,2023-11-23,-0.0230978567886485,-0.0159511326325645,-0.0302445809447325,ALCISTA
val2,mom30,10,2023-11-30,0.0243824302919802,0.1810886999538992,-0.1323238393699387,ALCISTA
val2,mom30,10,2023-12-07,0.0519036411830426,0.1429224775031297,-0.0391151951370443,ALCISTA
val2,mom30,10,2023-12-14,0.0140032934886475,0.0156263370214668,0.0123802499558282,ALCISTA
val2,mom30,10,2023-12-21,-0.030058267257794,0.0542559491380668,-0.1143724836536549,ALCISTA
val2,mom30,10,2023-12-28,0.0171454994067255,-0.0380747288040215,0.0723657276174725,ALCISTA
val2,mom30,10,2024-01-04,-0.0273708224581494,-0.045912274034873,-0.0088293708814258,ALCISTA
val2,mom30,10,2024-01-11,-0.0631178304333259,-0.1266951874148987,0.0004595265482468,ALCISTA
val2,mom30,10,2024-01-18,0.0079957915224407,-0.0474652405658598,0.0634568236107413,ALCISTA
val2,mom30,10,2024-01-25,-0.0292375373639318,0.0220934818799169,-0.0805685566077806,ALCISTA
val2,mom30,10,2024-02-01,0.0127747407027601,0.0424748248856213,-0.016925343480101,ALCISTA
val2,mom30,10,2024-02-08,0.0195506346094509,0.3067597080501559,-0.267658438831254,ALCISTA
val2,mom30,10,2024-02-15,-0.0060151246840927,-0.0118352412116959,-0.0001950081564894,ALCISTA
val2,mom30,10,2024-02-22,-0.0002158456437393,0.137748387026253,-0.1381800783137316,ALCISTA
val2,mom30,10,2024-02-29,0.1866568168805514,0.4292841695183296,-0.0559705357572267,EUFORIA
val2,mom30,10,2024-03-07,0.1093324057538967,0.2449358649388521,-0.0262710534310586,EUFORIA
val2,mom30,10,2024-03-14,-0.0707133619885299,-0.2214625809600827,0.0800358569830228,EUFORIA
val2,mom30,10,2024-03-21,0.0933490318023838,0.2170634755964021,-0.0303654119916343,EUFORIA
val2,mom30,10,2024-03-28,-0.0193998430036699,-0.1401244986141501,0.1013248126068101,EUFORIA
val2,mom30,10,2024-04-04,0.0126072945246941,-0.0129675008497438,0.0381820898991321,ALCISTA
val2,mom30,10,2024-04-11,0.0231498201417789,-0.2055614987443187,0.2518611390278765,ALCISTA
val2,mom30,10,2024-04-18,-0.0920874156430552,-0.0234725233792249,-0.1607023079068854,ALCISTA
val2,mom30,10,2024-04-25,-0.0006084221308742,-0.0806477058712738,0.0794308616095252,ALCISTA
val2,mom30,10,2024-05-02,-0.006299896740655,0.0448997330684279,-0.057499526549738,ALCISTA
val2,mom30,10,2024-05-09,0.0277125100576655,-0.0446717998944488,0.1000968200097798,ALCISTA
val2,mom30,10,2024-05-16,-0.0091283688297868,0.1391844439686408,-0.1574411816282145,ALCISTA
val2,mom30,10,2024-05-23,0.0006805651871134,0.0170049192515016,-0.0156437888772746,ALCISTA
val2,mom30,10,2024-05-30,0.0161746896320318,0.1098406479441472,-0.0774912686800836,ALCISTA
val2,mom30,10,2024-06-06,-0.0420243361252058,-0.2291099787199307,0.1450613064695189,ALCISTA
val2,mom30,10,2024-06-13,-0.0242206002407735,-0.1699560890915754,0.1215148886100283,ALCISTA
val2,mom30,10,2024-06-20,-0.0659285258209111,0.0151390072117453,-0.1469960588535677,ALCISTA
val2,mom30,10,2024-06-27,0.0379350430248847,-0.1378942260768244,0.2137643121265939,ALCISTA
val2,mom30,10,2024-07-04,-0.0107013084722452,0.0445952960423277,-0.0659979129868183,ALCISTA
val2,mom30,10,2024-07-11,-0.0881795616036793,0.0924087705658044,-0.2687678937731632,LATERAL_TRANQUILO
val2,mom30,10,2024-07-18,-0.0218146574055203,-0.1158906549533798,0.0722613401423392,ALCISTA
val2,mom30,20,2023-01-05,-0.0474467227688343,0.1875593268000434,-0.2824527723377122,BAJISTA
val2,mom30,20,2023-01-12,-0.0029135602281773,0.0834870999721564,-0.0893142204285112,BAJISTA
val2,mom30,20,2023-01-19,-0.0058484674485275,0.2092598343608044,-0.2209567692578596,LATERAL_TRANQUILO
val2,mom30,20,2023-01-26,0.0190590368364294,0.0750259604821478,-0.0369078868092889,LATERAL_TRANQUILO
val2,mom30,20,2023-02-02,-0.0393293742237244,-0.1275508795017681,0.0488921310543191,LATERAL_TRANQUILO
val2,mom30,20,2023-02-09,0.0503124815017822,0.155551555730587,-0.0549265927270224,LATERAL_TRANQUILO
val2,mom30,20,2023-02-16,-0.0142570485671617,-0.0002897901606408,-0.0282243069736826,ALCISTA
val2,mom30,20,2023-02-23,-0.0175212449795461,-0.0785739484618754,0.043531458502783,ALCISTA
val2,mom30,20,2023-03-02,-0.0177362478140564,-0.2492130557903191,0.2137405601622062,ALCISTA
val2,mom30,20,2023-03-09,-0.0474460176627754,0.0930773577284693,-0.1879693930540202,ALCISTA
val2,mom30,20,2023-03-16,0.0027339901190487,0.0914240902171034,-0.085956109979006,LATERAL_TRANQUILO
val2,mom30,20,2023-03-23,-0.017984328267537,-0.0530110725029177,0.0170424159678435,ALCISTA
val2,mom30,20,2023-03-30,-0.0094931909172138,0.0295610633363007,-0.0485474451707283,ALCISTA
val2,mom30,20,2023-04-06,-0.0215668308919479,0.0098335607726966,-0.0529672225565924,ALCISTA
val2,mom30,20,2023-04-13,0.0099760957782825,-0.0582838850562046,0.0782360766127696,EUFORIA
val2,mom30,20,2023-04-20,0.0175351894856808,0.0217224723253204,0.0133479066460413,ALCISTA
val2,mom30,20,2023-04-27,-0.0047086427751429,-0.0635486887926522,0.0541314032423662,ALCISTA
val2,mom30,20,2023-05-04,0.0159700932981321,-0.1572743476262713,0.1892145342225356,ALCISTA
val2,mom30,20,2023-05-11,-0.0365441220609398,0.060487639033212,-0.1335758831550917,ALCISTA
val2,mom30,20,2023-05-18,0.0617119797693278,0.0722979507153415,0.0511260088233141,ALCISTA
val2,mom30,20,2023-05-25,-0.0193174274658478,-0.0143729027406505,-0.0242619521910452,ALCISTA
val2,mom30,20,2023-06-01,-0.0045930650672329,-0.095905046912232,0.0867189167777662,ALCISTA
val2,mom30,20,2023-06-08,0.026842877254024,-0.1096393164271062,0.1633250709351543,ALCISTA
val2,mom30,20,2023-06-15,-0.0384835582365843,0.100351157984145,-0.1773182744573137,ALCISTA
val2,mom30,20,2023-06-22,0.0241585547391865,0.0263862613601049,0.0219308481182681,ALCISTA
val2,mom30,20,2023-06-29,0.0159686904071942,0.0246180850126962,0.0073192958016922,ALCISTA
val2,mom30,20,2023-07-06,-0.0091747292567139,0.0826386983212947,-0.1009881568347225,ALCISTA
val2,mom30,20,2023-07-13,0.0097354734919529,-0.0380665108543075,0.0575374578382134,ALCISTA
val2,mom30,20,2023-07-20,0.0096196697464593,-0.0177740889539656,0.0370134284468842,ALCISTA
val2,mom30,20,2023-07-27,-0.0046286542223828,-0.0297979072692992,0.0205405988245335,ALCISTA
val2,mom30,20,2023-08-03,-0.0115878886410321,-0.0013835140645463,-0.0217922632175179,ALCISTA
val2,mom30,20,2023-08-10,0.0107957537663634,-0.1508407275538514,0.1724322350865781,ALCISTA
val2,mom30,20,2023-08-17,0.0193331882568666,0.0860265494572288,-0.0473601729434955,ALCISTA
val2,mom30,20,2023-08-24,-0.0029461916388203,-0.0187543433883279,0.0128619601106873,LATERAL_TRANQUILO
val2,mom30,20,2023-08-31,0.0373979641620474,0.0931068340689521,-0.0183109057448571,LATERAL_TRANQUILO
val2,mom30,20,2023-09-07,-0.0021467038892907,-0.0618523621472767,0.0575589543686953,LATERAL_TRANQUILO
val2,mom30,20,2023-09-14,-0.0220928952873074,0.0092950021591482,-0.0534807927337631,LATERAL_TRANQUILO
val2,mom30,20,2023-09-21,0.0020199207125186,0.0441719641974782,-0.0401321227724409,LATERAL_TRANQUILO
val2,mom30,20,2023-09-28,-0.0265047640687086,-0.0571563421888149,0.0041468140513976,LATERAL_TRANQUILO
val2,mom30,20,2023-10-05,0.0018876100359806,-0.0433603527302696,0.047135572802231,LATERAL_TRANQUILO
val2,mom30,20,2023-10-12,0.0067860192188843,0.005397292473943,0.0081747459638256,LATERAL_TRANQUILO
val2,mom30,20,2023-10-19,-0.0165969580636445,0.244317451786294,-0.2775113679135831,LATERAL_TRANQUILO
val2,mom30,20,2023-10-26,-0.0479180765974178,-0.0017460467219912,-0.0940901064728444,LATERAL_TRANQUILO
val2,mom30,20,2023-11-02,-0.0019928455571952,0.1367718258200275,-0.140757516934418,LATERAL_TRANQUILO
val2,mom30,20,2023-11-09,-0.0102183903610788,0.0102995577324815,-0.0307363384546391,LATERAL_TRANQUILO
val2,mom30,20,2023-11-16,0.0153385987851419,-0.0012749855789458,0.0319521831492296,EUFORIA
val2,mom30,20,2023-11-23,-0.017443734244556,-0.0103349475709268,-0.0245525209181852,ALCISTA
val2,mom30,20,2023-11-30,0.0184997917997591,0.16091388813327,-0.1239143045337517,ALCISTA
val2,mom30,20,2023-12-07,0.0242857120771063,0.1048349262403176,-0.0562635020861048,ALCISTA
val2,mom30,20,2023-12-14,0.0498174670012052,0.0859835147272039,0.0136514192752065,ALCISTA
val2,mom30,20,2023-12-21,-0.0262610690184794,0.0212640777112145,-0.0737862157481734,ALCISTA
val2,mom30,20,2023-12-28,0.0540824870185293,0.0356378138151618,0.0725271602218968,ALCISTA
val2,mom30,20,2024-01-04,0.0064897438191561,0.0307570008552788,-0.0177775132169665,ALCISTA
val2,mom30,20,2024-01-11,-0.042914492356784,-0.1014758196352815,0.0156468349217134,ALCISTA
val2,mom30,20,2024-01-18,0.0039615427844663,-0.0746027019937719,0.0825257875627046,ALCISTA
val2,mom30,20,2024-01-25,0.0018839418578018,0.0517060653912429,-0.0479381816756393,ALCISTA
val2,mom30,20,2024-02-01,0.0157864693339876,0.058352200636676,-0.0267792619687006,ALCISTA
val2,mom30,20,2024-02-08,0.0071047818232685,0.2083701821625571,-0.19416061851602,ALCISTA
val2,mom30,20,2024-02-15,-0.0175435509492568,-0.0136972761549509,-0.0213898257435626,ALCISTA
val2,mom30,20,2024-02-22,0.0308279961858407,0.168161141496633,-0.1065051491249516,ALCISTA
val2,mom30,20,2024-02-29,0.1723302811403792,0.4402159142412053,-0.0955553519604467,EUFORIA
val2,mom30,20,2024-03-07,0.053997018676139,0.1804063228997071,-0.072412285547429,EUFORIA
val2,mom30,20,2024-03-14,-0.042807733216217,-0.1804062607910954,0.0947907943586614,EUFORIA
val2,mom30,20,2024-03-21,0.0781369389623906,0.1918908269325425,-0.0356169490077613,EUFORIA
val2,mom30,20,2024-03-28,-0.0170661475308083,-0.1340116941103771,0.0998793990487604,EUFORIA
val2,mom30,20,2024-04-04,0.0242159567605217,-0.0022942782438456,0.0507261917648892,ALCISTA
val2,mom30,20,2024-04-11,0.0261566266589498,-0.2044914701845358,0.2568047235024355,ALCISTA
val2,mom30,20,2024-04-18,-0.0470709028491533,0.0277948444954478,-0.1219366501937544,ALCISTA
val2,mom30,20,2024-04-25,0.0009441397187186,-0.0723610647872406,0.0742493442246778,ALCISTA
val2,mom30,20,2024-05-02,-0.0030680583240227,0.0629694440301943,-0.0691055606782398,ALCISTA
val2,mom30,20,2024-05-09,0.0272473118645828,-0.0215453653565972,0.0760399890857629,ALCISTA
val2,mom30,20,2024-05-16,-0.0212304415188666,0.0811795208874335,-0.1236404039251667,ALCISTA
val2,mom30,20,2024-05-23,-0.035736347529484,-0.0093444642667961,-0.0621282307921718,ALCISTA
val2,mom30,20,2024-05-30,-0.008982483536715,0.0672139724472304,-0.0851789395206605,ALCISTA
val2,mom30,20,2024-06-06,-0.0182403182555312,-0.2019865278701988,0.1655058913591363,ALCISTA
val2,mom30,20,2024-06-13,-0.0145370930278431,-0.1502218539136983,0.1211476678580121,ALCISTA
val2,mom30,20,2024-06-20,-0.0317509308062921,0.0135746849075301,-0.0770765465201145,ALCISTA
val2,mom30,20,2024-06-27,0.0301357379043705,-0.165167026327283,0.2254385021360241,ALCISTA
val2,mom30,20,2024-07-04,0.0005713471841195,0.0409715715950172,-0.0398288772267782,ALCISTA
val2,mom30,20,2024-07-11,-0.0694439146089771,0.0923082069137842,-0.2311960361317386,LATERAL_TRANQUILO
val2,mom30,20,2024-07-18,-0.0055494545907145,-0.1033800217720305,0.0922811125906015,ALCISTA
reciente,mom7,5,2024-08-05,-0.0579035422799486,0.1401802397542884,-0.2559873243141858,ALCISTA
reciente,mom7,5,2024-08-12,-0.0826108383312636,-0.1323953914806315,-0.0328262851818957,LATERAL_VOLATIL
reciente,mom7,5,2024-08-19,-0.0253069178756056,0.0506083945165135,-0.1012222302677249,LATERAL_VOLATIL
reciente,mom7,5,2024-08-26,-0.0393625162039577,-0.1336026624570986,0.0548776300491831,LATERAL_VOLATIL
reciente,mom7,5,2024-09-02,0.0010830577618012,0.0524338124046734,-0.0502676968810709,LATERAL_VOLATIL
reciente,mom7,5,2024-09-09,0.0697189074317191,0.0620798155215015,0.0773579993419366,LATERAL_VOLATIL
reciente,mom7,5,2024-09-16,0.0569450273353034,0.2311863038419425,-0.1172962491713355,LATERAL_TRANQUILO
reciente,mom7,5,2024-09-23,0.0460543920873892,0.0320417546475298,0.0600670295272485,LATERAL_TRANQUILO
reciente,mom7,5,2024-09-30,0.0180998749060546,-0.0688422085751798,0.1050419583872891,LATERAL_TRANQUILO
reciente,mom7,5,2024-10-07,0.0453426625626063,0.2261486563270466,-0.1354633312018339,BAJISTA
reciente,mom7,5,2024-10-14,-0.1223111066614972,-0.3224007629118465,0.0777785495888521,BAJISTA
reciente,mom7,5,2024-10-21,-0.0371433794917584,-0.1793729733341028,0.105086214350586,LATERAL_TRANQUILO
reciente,mom7,5,2024-10-28,-0.022842401060959,-0.1855043044417309,0.1398195023198128,LATERAL_TRANQUILO
reciente,mom7,5,2024-11-04,-0.211644277431608,0.3502500519844694,-0.7735386068476855,LATERAL_TRANQUILO
reciente,mom7,5,2024-11-11,0.0193766499946708,0.0262628393528427,0.0124904606364989,EUFORIA
reciente,mom7,5,2024-11-18,0.0303362890606902,0.1072888964643573,-0.0466163183429768,EUFORIA
reciente,mom7,5,2024-11-25,-0.0834511111062722,0.0767150431472257,-0.2436172653597702,EUFORIA
reciente,mom7,5,2024-12-02,-0.1559344342498405,-0.202654577253506,-0.1092142912461749,EUFORIA
reciente,mom7,5,2024-12-09,-0.0024506079024514,-0.0787165468792004,0.0738153310742974,EUFORIA
reciente,mom7,5,2024-12-16,0.0313594107448868,0.0055667763873221,0.0571520451024515,ALCISTA
reciente,mom7,5,2024-12-23,-0.007719988198455,-0.0930794418927431,0.077639465495833,ALCISTA
reciente,mom7,5,2024-12-30,-0.0161365722915074,0.0882566783244437,-0.1205298229074586,ALCISTA
reciente,mom7,5,2025-01-06,-0.0359791392366561,-0.2918793430262729,0.2199210645529605,ALCISTA
reciente,mom7,5,2025-01-13,0.0857207465782802,-0.0365196646211607,0.2079611577777212,ALCISTA
reciente,mom7,5,2025-01-20,-0.0358907739999533,-0.2852023685135599,0.2134208205136532,ALCISTA
reciente,mom7,5,2025-01-27,0.0905002788387616,-0.0603094325394925,0.2413099902170158,ALCISTA
reciente,mom7,5,2025-02-03,0.0844952725721467,-0.1049252672636016,0.273915812407895,ALCISTA
reciente,mom7,5,2025-02-10,0.075698691274268,0.03543703546395,0.1159603470845861,ALCISTA
reciente,mom7,5,2025-02-17,0.0920340780744184,-0.0843340217776268,0.2684021779264637,ALCISTA
reciente,mom7,5,2025-02-24,-0.0209698250380934,-0.0141299595984496,-0.0278096904777372,ALCISTA
reciente,mom7,5,2025-03-03,0.0336845816615518,-0.1656687325741116,0.2330378958972152,ALCISTA
reciente,mom7,5,2025-03-10,0.0023549550176007,0.0458114356605027,-0.0411015256253011,ALCISTA
reciente,mom7,5,2025-03-17,-0.0046301790102654,0.0141221651347114,-0.0233825231552424,LATERAL_VOLATIL
reciente,mom7,5,2025-03-24,0.0486000135086577,-0.1697298236143108,0.2669298506316262,LATERAL_VOLATIL
reciente,mom7,5,2025-03-31,-0.0181803549970928,-0.2700312123110018,0.233670502316816,LATERAL_VOLATIL
reciente,mom7,5,2025-04-07,0.0953186722689867,0.1065719170044691,0.0840654275335043,LATERAL_VOLATIL
reciente,mom7,5,2025-04-14,0.0391639292525843,0.0526452549810632,0.0256826035241055,LATERAL_VOLATIL
reciente,mom7,5,2025-04-21,0.0215639850472678,0.1528380141626115,-0.1097100440680759,LATERAL_VOLATIL
reciente,mom7,5,2025-04-28,0.4350231169066894,0.7318273160223416,0.1382189177910373,LATERAL_VOLATIL
reciente,mom7,5,2025-05-05,-0.1079228917138025,0.259611969959486,-0.4754577533870911,LATERAL_VOLATIL
reciente,mom7,5,2025-05-12,-0.0267781463607585,-0.2074722217476643,0.1539159290261471,LATERAL_TRANQUILO
reciente,mom7,5,2025-05-19,0.0452452825215779,0.0484406498083881,0.0420499152347677,LATERAL_TRANQUILO
reciente,mom7,5,2025-05-26,-0.0146395235065031,-0.1063218074045269,0.0770427603915206,ALCISTA
reciente,mom7,5,2025-06-02,-0.0562468701327717,-0.0007597133218398,-0.1117340269437036,ALCISTA
reciente,mom7,5,2025-06-09,-0.0266812270437328,-0.2554946762239439,0.2021322221364781,ALCISTA
reciente,mom7,5,2025-06-16,0.1621936981606708,0.0914800319304552,0.2329073643908864,ALCISTA
reciente,mom7,5,2025-06-23,0.0009635261216238,0.0243687961676013,-0.0224417439243536,ALCISTA
reciente,mom7,5,2025-06-30,-0.0214109637002832,-0.1461488560018767,0.1033269286013102,ALCISTA
reciente,mom7,5,2025-07-07,-0.0030789775247336,-0.0620863870424193,0.0559284319929521,ALCISTA
reciente,mom7,5,2025-07-14,0.015254691986344,-0.0003820550518665,0.0308914390245546,ALCISTA
reciente,mom7,5,2025-07-21,0.0480637480940566,-0.0295706540000882,0.1256981501882014,ALCISTA
reciente,mom7,5,2025-07-28,-0.0425364002135008,-0.1195933301770898,0.0345205297500882,ALCISTA
reciente,mom7,5,2025-08-04,0.3007778214614278,0.6021568611877443,-0.0006012182648885,ALCISTA
reciente,mom7,5,2025-08-11,-0.0853874664700141,-0.1512231560777614,-0.0195517768622669,ALCISTA
reciente,mom7,5,2025-08-18,0.026532997182618,-0.077693912444048,0.1307599068092841,ALCISTA
reciente,mom7,5,2025-08-25,-0.1192560878448184,-0.2523145858288854,0.0138024101392484,ALCISTA
reciente,mom7,5,2025-09-01,0.108657763012375,0.4748293753498964,-0.2575138493251463,ALCISTA
reciente,mom7,5,2025-09-08,-0.2787696398652985,-0.0558322810390242,-0.5017069986915728,ALCISTA
reciente,mom7,5,2025-09-15,0.0891748996392722,0.014914295824681,0.1634355034538633,ALCISTA
reciente,mom7,5,2025-09-22,0.0530624935172863,-0.0966613520406892,0.2027863390752619,ALCISTA
reciente,mom7,5,2025-09-29,-0.1632409315889066,-0.2437057719524983,-0.0827760912253149,ALCISTA
reciente,mom7,5,2025-10-06,0.2711894656800946,0.2674941200600114,0.2748848113001779,ALCISTA
reciente,mom7,5,2025-10-13,-0.1398782729514339,-0.2816607883328809,0.001904242430013,ALCISTA
reciente,mom7,5,2025-10-20,0.3348768545462461,0.7299674231081608,-0.0602137140156684,ALCISTA
reciente,mom7,5,2025-10-27,-0.1369346678894877,-0.4011164714115503,0.1272471356325749,ALCISTA
reciente,mom7,5,2025-11-03,-0.1926461746120326,-0.1156872756676223,-0.2696050735564429,ALCISTA
reciente,mom7,5,2025-11-10,-0.0569112611919229,-0.2755310643403764,0.1617085419565304,LATERAL_TRANQUILO
reciente,mom7,5,2025-11-17,0.0540403231495671,-0.0141270002173736,0.1222076465165079,LATERAL_TRANQUILO
reciente,mom7,5,2025-11-24,0.1479639960178954,0.1952008123514512,0.1007271796843396,LATERAL_TRANQUILO
reciente,mom7,5,2025-12-01,-0.0574075506403131,-0.073061820657977,-0.0417532806226492,BAJISTA
reciente,mom7,5,2025-12-08,0.3067772133153376,0.4643151653593071,0.149239261271368,BAJISTA
reciente,mom7,5,2025-12-15,-0.1441229741889892,-0.2708301423299328,-0.0174158060480456,BAJISTA
reciente,mom7,5,2025-12-22,-0.0021779312891495,-0.1385719080869918,0.1342160455086928,BAJISTA
reciente,mom7,5,2025-12-29,-0.0393912434630572,-0.1871729328710455,0.1083904459449309,BAJISTA
reciente,mom7,5,2026-01-05,0.0926725434859363,0.0094112206141813,0.1759338663576913,BAJISTA
reciente,mom7,5,2026-01-12,-0.0040538262118339,-0.0231253854835107,0.0150177330598429,BAJISTA
reciente,mom7,5,2026-01-19,0.0639828821315156,0.0900379655138735,0.0379277987491577,BAJISTA
reciente,mom7,5,2026-01-26,0.0217682982454821,-0.1808106191464309,0.2243472156373951,BAJISTA
reciente,mom7,5,2026-02-02,-0.0045288751138044,-0.1327254425385681,0.1236676923109591,BAJISTA
reciente,mom7,5,2026-02-09,0.1584065763622745,0.2704693117442392,0.0463438409803099,BAJISTA
reciente,mom7,5,2026-02-16,0.1159965429027072,0.0354076978699505,0.196585387935464,BAJISTA
reciente,mom7,5,2026-02-23,0.3078442169324499,0.5099884381881729,0.1056999956767271,BAJISTA
reciente,mom7,5,2026-03-02,-0.0570351215832504,-0.2683602446749187,0.1542900015084178,BAJISTA
reciente,mom7,5,2026-03-09,0.0110901352980032,-0.0690563159320346,0.0912365865280411,BAJISTA
reciente,mom7,5,2026-03-16,0.1075471841524474,-0.0408435112590171,0.255937879563912,BAJISTA
reciente,mom7,5,2026-03-23,-0.0339346965077336,-0.2392797751468638,0.1714103821313965,BAJISTA
reciente,mom7,5,2026-03-30,0.07791094959629,0.0465964788928063,0.1092254202997737,BAJISTA
reciente,mom7,5,2026-04-06,-0.0307606319618882,0.089269401782982,-0.1507906657067585,BAJISTA
reciente,mom7,5,2026-04-13,-0.0690494024666649,-0.3011127984452985,0.1630139935119685,BAJISTA
reciente,mom7,5,2026-04-20,-0.1266552936497137,-0.121326578160773,-0.1319840091386545,BAJISTA
reciente,mom7,5,2026-04-27,0.1003115094195544,0.1721585480171349,0.028464470821974,BAJISTA
reciente,mom7,5,2026-05-04,0.1932376288832095,0.4517894334094023,-0.0653141756429832,BAJISTA
reciente,mom7,5,2026-05-11,0.0640465543110095,-0.1407070293515571,0.2688001379735761,BAJISTA
reciente,mom7,5,2026-05-18,-0.1046779695406767,-0.2746672761384849,0.0653113370571314,BAJISTA
reciente,mom7,5,2026-05-25,-0.1093180936473802,-0.2046051777648942,-0.0140310095298661,BAJISTA
reciente,mom7,5,2026-06-01,0.0236269453275874,-0.0846859079523336,0.1319397986075085,BAJISTA
reciente,mom7,5,2026-06-08,-0.2788648545858492,-0.2766526974230344,-0.281077011748664,BAJISTA
reciente,mom7,5,2026-06-15,-0.1428111077705006,-0.1909911600409788,-0.0946310555000224,BAJISTA
reciente,mom7,5,2026-06-22,0.0046335791997922,0.0043755290839072,0.0048916293156772,BAJISTA
reciente,mom7,5,2026-06-29,-0.2712315821766218,-0.5122668588343173,-0.0301963055189262,BAJISTA
reciente,mom7,5,2026-07-06,-0.0352186196603049,-0.2337582941877605,0.1633210548671506,BAJISTA
reciente,mom7,5,2026-07-13,-0.0464122967945634,-0.2706558118713865,0.1778312182822596,BAJISTA
reciente,mom7,5,2026-07-20,0.2586448863407407,0.3652739726591911,0.1520158000222903,BAJISTA
reciente,mom7,10,2024-08-05,-0.0823193984520495,0.1036512014456751,-0.2682899983497742,ALCISTA
reciente,mom7,10,2024-08-12,-0.0456833513562856,-0.0747145307585706,-0.0166521719540006,LATERAL_VOLATIL
reciente,mom7,10,2024-08-19,-0.0453433462576351,0.0258624683391456,-0.1165491608544159,LATERAL_VOLATIL
reciente,mom7,10,2024-08-26,-0.0660575876677795,-0.1438994207227344,0.0117842453871753,LATERAL_VOLATIL
reciente,mom7,10,2024-09-02,-0.0210758804978583,0.0137119917825438,-0.0558637527782605,LATERAL_VOLATIL
reciente,mom7,10,2024-09-09,0.0512540155815474,0.0542765159561116,0.0482315152069833,LATERAL_VOLATIL
reciente,mom7,10,2024-09-16,0.0514162665679596,0.1993546394581915,-0.0965221063222721,LATERAL_TRANQUILO
reciente,mom7,10,2024-09-23,0.0292416898714821,0.0247298414712636,0.0337535382717005,LATERAL_TRANQUILO
reciente,mom7,10,2024-09-30,0.0095314232813684,-0.0423379971823781,0.061400843745115,LATERAL_TRANQUILO
reciente,mom7,10,2024-10-07,0.0261558260404839,0.1604405579292546,-0.1081289058482866,BAJISTA
reciente,mom7,10,2024-10-14,-0.0713138898759771,-0.2047123742404634,0.062084594488509,BAJISTA
reciente,mom7,10,2024-10-21,-0.0199011669204549,-0.1285414186646087,0.0887390848236987,LATERAL_TRANQUILO
reciente,mom7,10,2024-10-28,-0.013153266678709,-0.1781300826295377,0.1518235492721195,LATERAL_TRANQUILO
reciente,mom7,10,2024-11-04,-0.1311528560735139,0.3243781837001399,-0.5866838958471676,LATERAL_TRANQUILO
reciente,mom7,10,2024-11-11,-0.0096272940699276,0.0864990318190471,-0.1057536199589024,EUFORIA
reciente,mom7,10,2024-11-18,-0.0009959567446648,0.0525176860988178,-0.0545095995881476,EUFORIA
reciente,mom7,10,2024-11-25,-0.0214877228350187,0.0860680770491427,-0.1290435227191802,EUFORIA
reciente,mom7,10,2024-12-02,-0.0802539396141741,-0.1167725330585233,-0.0437353461698248,EUFORIA
reciente,mom7,10,2024-12-09,-0.015982699933353,-0.0534333177796473,0.0214679179129413,EUFORIA
reciente,mom7,10,2024-12-16,0.0293497172718201,-0.0890603224949068,0.1477597570385471,ALCISTA
reciente,mom7,10,2024-12-23,0.0424377114109618,-0.0048608483086426,0.0897362711305663,ALCISTA
reciente,mom7,10,2024-12-30,-0.023372454754169,0.0596910501350846,-0.1064359596434228,ALCISTA
reciente,mom7,10,2025-01-06,0.0158089562884134,-0.2214588246276616,0.2530767372044885,ALCISTA
reciente,mom7,10,2025-01-13,0.0155413649565168,-0.0591813389780913,0.0902640688911251,ALCISTA
reciente,mom7,10,2025-01-20,0.0439806885441093,-0.0861693834306698,0.1741307605188886,ALCISTA
reciente,mom7,10,2025-01-27,0.1207156436912135,-0.0497511495514346,0.2911824369338617,ALCISTA
reciente,mom7,10,2025-02-03,0.047945654790014,-0.1334926349152119,0.22938394449524,ALCISTA
reciente,mom7,10,2025-02-10,0.0643105116496381,-0.0008999347422367,0.1295209580415131,ALCISTA
reciente,mom7,10,2025-02-17,0.0648829187268702,-0.09568586115689,0.2254516986106304,ALCISTA
reciente,mom7,10,2025-02-24,-0.0234659119858155,-0.0521385326501891,0.005206708678558,ALCISTA
reciente,mom7,10,2025-03-03,0.0312889913541804,-0.1527689491181394,0.2153469318265002,ALCISTA
reciente,mom7,10,2025-03-10,0.0065687661612492,0.1333038279372488,-0.1201662956147502,ALCISTA
reciente,mom7,10,2025-03-17,0.0900463883483092,0.1799377512291336,0.0001550254674849,LATERAL_VOLATIL
reciente,mom7,10,2025-03-24,0.0607817774556117,-0.093584358377156,0.2151479132883795,LATERAL_VOLATIL
reciente,mom7,10,2025-03-31,-0.0010633755321266,-0.1829293660922393,0.1808026150279859,LATERAL_VOLATIL
reciente,mom7,10,2025-04-07,0.0025000578804002,0.0056595165179746,-0.000659400757174,LATERAL_VOLATIL
reciente,mom7,10,2025-04-14,-0.1897563967781695,0.005446620190235,-0.384959413746574,LATERAL_VOLATIL
reciente,mom7,10,2025-04-21,-0.0476792329593892,0.1266698003410591,-0.2220282662598376,LATERAL_VOLATIL
reciente,mom7,10,2025-04-28,0.2035406070916398,0.3173762094577241,0.0897050047255556,LATERAL_VOLATIL
reciente,mom7,10,2025-05-05,-0.1530879890211772,0.0948312068775782,-0.4010071849199326,LATERAL_VOLATIL
reciente,mom7,10,2025-05-12,-0.0001787543573619,-0.0659543440859975,0.0655968353712736,LATERAL_TRANQUILO
reciente,mom7,10,2025-05-19,0.030578978314968,0.0588428072764145,0.0023151493535214,LATERAL_TRANQUILO
reciente,mom7,10,2025-05-26,-0.0124864881175436,-0.1202834859948934,0.0953105097598062,ALCISTA
reciente,mom7,10,2025-06-02,-0.0309769836055506,0.0159968749163639,-0.0779508421274653,ALCISTA
reciente,mom7,10,2025-06-09,0.0228886167550147,-0.1334979239779945,0.1792751574880239,ALCISTA
reciente,mom7,10,2025-06-16,0.0509859295237908,0.0086738477669332,0.0932980112806485,ALCISTA
reciente,mom7,10,2025-06-23,0.0174192453503046,0.0193260646019615,0.0155124260986477,ALCISTA
reciente,mom7,10,2025-06-30,0.020909469295893,-0.0701882362571973,0.1120071748489833,ALCISTA
reciente,mom7,10,2025-07-07,0.0212740383434575,0.052271048900917,-0.009722972214002,ALCISTA
reciente,mom7,10,2025-07-14,-0.0364315400367923,-0.0593415513349757,-0.013521528738609,ALCISTA
reciente,mom7,10,2025-07-21,0.0608275993439061,-0.0054724350340134,0.1271276337218257,ALCISTA
reciente,mom7,10,2025-07-28,0.1397823166290597,0.1948196424841674,0.084744990773952,ALCISTA
reciente,mom7,10,2025-08-04,0.0897091323429504,0.24698008163141,-0.067561816945509,ALCISTA
reciente,mom7,10,2025-08-11,-0.0294160874587685,-0.0882359820585185,0.0294038071409815,ALCISTA
reciente,mom7,10,2025-08-18,0.0376408450617031,-0.0151469163586306,0.0904286064820368,ALCISTA
reciente,mom7,10,2025-08-25,-0.0961958502681085,-0.2332146938512085,0.0408229933149915,ALCISTA
reciente,mom7,10,2025-09-01,0.149273512631627,0.4341634381527391,-0.1356164128894851,ALCISTA
reciente,mom7,10,2025-09-08,-0.1382840787048701,-0.0239756054032001,-0.25259255200654,ALCISTA
reciente,mom7,10,2025-09-15,0.0580346105009133,-0.0538609818807014,0.1699302028825281,ALCISTA
reciente,mom7,10,2025-09-22,0.016121124526929,-0.1604022132844796,0.1926444623383377,ALCISTA
reciente,mom7,10,2025-09-29,-0.0496764426201639,0.0413579800917198,-0.1407108653320477,ALCISTA
reciente,mom7,10,2025-10-06,0.1686718948587091,0.0699748798859322,0.2673689098314861,ALCISTA
reciente,mom7,10,2025-10-13,-0.0303137042878218,-0.1203148914721568,0.0596874828965132,ALCISTA
reciente,mom7,10,2025-10-20,0.1462748249650246,0.2887469891647067,0.0038026607653426,ALCISTA
reciente,mom7,10,2025-10-27,-0.045098484482025,-0.271203855755958,0.1810068867919078,ALCISTA
reciente,mom7,10,2025-11-03,-0.1320276832448536,-0.0900546971338159,-0.1740006693558914,ALCISTA
reciente,mom7,10,2025-11-10,-0.0206111745991706,-0.1466760367761672,0.1054536875778259,LATERAL_TRANQUILO
reciente,mom7,10,2025-11-17,-0.0831563151341903,-0.1505874162770146,-0.015725213991366,LATERAL_TRANQUILO
reciente,mom7,10,2025-11-24,0.0509374305009489,0.0666999585419609,0.0351749024599368,LATERAL_TRANQUILO
reciente,mom7,10,2025-12-01,-0.0849379142172164,-0.116001863351526,-0.0538739650829069,BAJISTA
reciente,mom7,10,2025-12-08,0.149918241299586,0.1802673682843186,0.1195691143148533,BAJISTA
reciente,mom7,10,2025-12-15,0.0393315444358393,0.0077621680083561,0.0709009208633225,BAJISTA
reciente,mom7,10,2025-12-22,0.0026108207303045,-0.0841517055551595,0.0893733470157685,BAJISTA
reciente,mom7,10,2025-12-29,-0.0519073253970395,-0.1041780939350621,0.0003634431409829,BAJISTA
reciente,mom7,10,2026-01-05,0.0430868332890668,-0.0308265085483594,0.1170001751264931,BAJISTA
reciente,mom7,10,2026-01-12,0.1176470748417487,0.1682847396664404,0.067009410017057,BAJISTA
reciente,mom7,10,2026-01-19,0.0309968171524847,-0.0331373460885999,0.0951309803935695,BAJISTA
reciente,mom7,10,2026-01-26,0.0015189659098168,-0.1625453585128856,0.1655832903325193,BAJISTA
reciente,mom7,10,2026-02-02,-0.0898220587803454,-0.1214522210655934,-0.0581918964950974,BAJISTA
reciente,mom7,10,2026-02-09,0.1084115117092014,0.255481059276061,-0.038658035857658,BAJISTA
reciente,mom7,10,2026-02-16,0.0468538728717003,-0.0513935038341468,0.1451012495775475,BAJISTA
reciente,mom7,10,2026-02-23,0.0909350143769459,0.197604994592562,-0.01573496583867,BAJISTA
reciente,mom7,10,2026-03-02,-0.0040046530262782,-0.1178919296842077,0.1098826236316512,BAJISTA
reciente,mom7,10,2026-03-09,0.059620034498585,0.0725454953102719,0.0466945736868981,BAJISTA
reciente,mom7,10,2026-03-16,0.0324236899051632,-0.0570198157799569,0.1218671955902834,BAJISTA
reciente,mom7,10,2026-03-23,-0.0334847357320353,-0.1784632874506324,0.1114938159865617,BAJISTA
reciente,mom7,10,2026-03-30,0.1022992623372468,0.0204181224619534,0.1841804022125402,BAJISTA
reciente,mom7,10,2026-04-06,-0.0303787545537125,0.0136965458521961,-0.0744540549596211,BAJISTA
reciente,mom7,10,2026-04-13,-0.0776971743546841,-0.2387701526568789,0.0833758039475106,BAJISTA
reciente,mom7,10,2026-04-20,-0.0899200011244486,-0.0818763394040501,-0.0979636628448471,BAJISTA
reciente,mom7,10,2026-04-27,0.0782678904323665,0.1448224073997233,0.0117133734650098,BAJISTA
reciente,mom7,10,2026-05-04,0.0800505214998289,0.2067432460395867,-0.0466422030399288,BAJISTA
reciente,mom7,10,2026-05-11,0.0043286509929756,-0.1499775363198725,0.1586348383058237,BAJISTA
reciente,mom7,10,2026-05-18,-0.0725812851771688,-0.2039736170613087,0.0588110467069709,BAJISTA
reciente,mom7,10,2026-05-25,-0.1222356444275543,-0.1743694962935145,-0.0701017925615941,BAJISTA
reciente,mom7,10,2026-06-01,0.0268966459522511,-0.0258188230602922,0.0796121149647945,BAJISTA
reciente,mom7,10,2026-06-08,-0.1162913450552462,-0.1105122570677711,-0.1220704330427212,BAJISTA
reciente,mom7,10,2026-06-15,-0.0871943347954937,-0.1099438818913149,-0.0644447876996726,BAJISTA
reciente,mom7,10,2026-06-22,-0.027393231487011,-0.0895922978495681,0.0348058348755459,BAJISTA
reciente,mom7,10,2026-06-29,-0.2691815811383657,-0.3947237759961668,-0.1436393862805647,BAJISTA
reciente,mom7,10,2026-07-06,-0.0340618591636522,-0.2198298659259992,0.1517061475986947,BAJISTA
reciente,mom7,10,2026-07-13,-0.4546605446308981,-0.1659777167200792,-0.743343372541717,BAJISTA
reciente,mom7,10,2026-07-20,0.1066966868823302,0.1708009481454573,0.0425924256192031,BAJISTA
reciente,mom7,20,2024-08-05,-0.0772129317208018,0.0979523888691639,-0.2523782523107677,ALCISTA
reciente,mom7,20,2024-08-12,-0.0336316063282066,-0.0618650119803604,-0.0053982006760527,LATERAL_VOLATIL
reciente,mom7,20,2024-08-19,-0.0352972300467542,0.0306639846257744,-0.1012584447192829,LATERAL_VOLATIL
reciente,mom7,20,2024-08-26,-0.0496118873802082,-0.1490619436721699,0.0498381689117533,LATERAL_VOLATIL
reciente,mom7,20,2024-09-02,-0.0160664087716676,-0.0080005519205157,-0.0241322656228194,LATERAL_VOLATIL
reciente,mom7,20,2024-09-09,0.0270375635317043,0.009977401788819,0.0440977252745897,LATERAL_VOLATIL
reciente,mom7,20,2024-09-16,0.0070432038263567,0.1829350834752566,-0.1688486758225432,LATERAL_TRANQUILO
reciente,mom7,20,2024-09-23,0.0034165334444057,-0.0104352854191295,0.017268352307941,LATERAL_TRANQUILO
reciente,mom7,20,2024-09-30,0.0207435044095217,-0.0084395936695534,0.0499266024885969,LATERAL_TRANQUILO
reciente,mom7,20,2024-10-07,0.0026396768883986,0.1162167568345133,-0.110937403057716,BAJISTA
reciente,mom7,20,2024-10-14,-0.031620309737622,-0.1201483367298901,0.0569077172546461,BAJISTA
reciente,mom7,20,2024-10-21,-0.0061028365651521,-0.1109759721533387,0.0987702990230344,LATERAL_TRANQUILO
reciente,mom7,20,2024-10-28,0.0020999882339922,-0.1250448284673581,0.1292448049353426,LATERAL_TRANQUILO
reciente,mom7,20,2024-11-04,-0.0948820596505604,0.3362308303414756,-0.5259949496425965,LATERAL_TRANQUILO
reciente,mom7,20,2024-11-11,0.0070472591964435,0.0547114279605144,-0.0406169095676272,EUFORIA
reciente,mom7,20,2024-11-18,-0.0371128686159032,-0.0032029337182636,-0.0710228035135429,EUFORIA
reciente,mom7,20,2024-11-25,0.0256636059948142,0.1399992844747012,-0.0886720724850727,EUFORIA
reciente,mom7,20,2024-12-02,-0.0363472174710365,-0.077260655289066,0.0045662203469929,EUFORIA
reciente,mom7,20,2024-12-09,0.0106961850947734,0.0279792092803424,-0.0065868390907955,EUFORIA
reciente,mom7,20,2024-12-16,0.0244000137450192,-0.1197110026066479,0.1685110300966864,ALCISTA
reciente,mom7,20,2024-12-23,0.0181710006301052,-0.0303193473575871,0.0666613486177976,ALCISTA
reciente,mom7,20,2024-12-30,-0.0223130162043124,0.0734716045178324,-0.1180976369264573,ALCISTA
reciente,mom7,20,2025-01-06,-0.0104137312169154,-0.2314302666377497,0.2106028042039188,ALCISTA
reciente,mom7,20,2025-01-13,0.0449164559702631,-0.0437768026159384,0.1336097145564647,ALCISTA
reciente,mom7,20,2025-01-20,0.0495723112096371,-0.0569447281475363,0.1560893505668107,ALCISTA
reciente,mom7,20,2025-01-27,0.1098796500178348,-0.0425547700524674,0.2623140700881372,ALCISTA
reciente,mom7,20,2025-02-03,0.0274109209012679,-0.11965077228623,0.1744726140887659,ALCISTA
reciente,mom7,20,2025-02-10,0.0504458804220333,-0.002386932485502,0.1032786933295688,ALCISTA
reciente,mom7,20,2025-02-17,0.0446156408216837,-0.0598954775099922,0.1491267591533597,ALCISTA
reciente,mom7,20,2025-02-24,-0.023297561954626,-0.0711172726753595,0.0245221487661075,ALCISTA
reciente,mom7,20,2025-03-03,0.0341396025976125,-0.1352022321217042,0.2034814373169292,ALCISTA
reciente,mom7,20,2025-03-10,-0.0061938392161402,0.0968499156185521,-0.1092375940508326,ALCISTA
reciente,mom7,20,2025-03-17,0.0342175705060573,0.0856355378369223,-0.0172003968248076,LATERAL_VOLATIL
reciente,mom7,20,2025-03-24,0.0240006356201142,-0.1378072278143016,0.1858084990545301,LATERAL_VOLATIL
reciente,mom7,20,2025-03-31,0.0447282234425897,-0.1217773131368386,0.2112337600220181,LATERAL_VOLATIL
reciente,mom7,20,2025-04-07,0.038277373403271,0.0663749854924948,0.0101797613140473,LATERAL_VOLATIL
reciente,mom7,20,2025-04-14,-0.1472804948150447,-0.0171494423742306,-0.2774115472558588,LATERAL_VOLATIL
reciente,mom7,20,2025-04-21,0.0005104306055633,0.1828923416483766,-0.18187148043725,LATERAL_VOLATIL
reciente,mom7,20,2025-04-28,0.1230539324487382,0.1463836342918634,0.099724230605613,LATERAL_VOLATIL
reciente,mom7,20,2025-05-05,-0.1354155036851976,0.0752189768892621,-0.3460499842596574,LATERAL_VOLATIL
reciente,mom7,20,2025-05-12,-0.0082925787208971,-0.0828398913109619,0.0662547338691676,LATERAL_TRANQUILO
reciente,mom7,20,2025-05-19,0.0122437755078238,0.0204216965657499,0.0040658544498977,LATERAL_TRANQUILO
reciente,mom7,20,2025-05-26,0.0053715153265737,-0.0845142407382794,0.0952572713914268,ALCISTA
reciente,mom7,20,2025-06-02,-0.0150343638160171,-0.0009473332400618,-0.0291213943919724,ALCISTA
reciente,mom7,20,2025-06-09,0.0258030482544295,-0.1161783351157135,0.1677844316245726,ALCISTA
reciente,mom7,20,2025-06-16,0.0507251041764515,0.0167503470646935,0.0846998612882094,ALCISTA
reciente,mom7,20,2025-06-23,0.0144486312276993,0.0203529847997713,0.0085442776556273,ALCISTA
reciente,mom7,20,2025-06-30,0.0023072782877975,-0.0666047164780749,0.0712192730536701,ALCISTA
reciente,mom7,20,2025-07-07,-0.0055733008694225,0.0126091720229595,-0.0237557737618046,ALCISTA
reciente,mom7,20,2025-07-14,-0.0052740001174141,0.0131802129540313,-0.0237282131888596,ALCISTA
reciente,mom7,20,2025-07-21,-0.0349436171729284,-0.0659319654858984,-0.0039552688599585,ALCISTA
reciente,mom7,20,2025-07-28,0.0559128312470356,0.045610544535492,0.0662151179585792,ALCISTA
reciente,mom7,20,2025-08-04,0.0186038054470545,0.1467270873403531,-0.1095194764462441,ALCISTA
reciente,mom7,20,2025-08-11,-0.0358249867958573,-0.1119151727326674,0.0402651991409528,ALCISTA
reciente,mom7,20,2025-08-18,0.0428283701542788,-0.0071227959407942,0.0927795362493518,ALCISTA
reciente,mom7,20,2025-08-25,-0.0205545125101937,-0.1036009757822173,0.0624919507618298,ALCISTA
reciente,mom7,20,2025-09-01,0.042735037356897,0.2070402065164146,-0.1215701318026206,ALCISTA
reciente,mom7,20,2025-09-08,-0.0123140113320043,0.0935073895647363,-0.118135412228745,ALCISTA
reciente,mom7,20,2025-09-15,0.0817738897144138,0.0187278049264505,0.1448199745023771,ALCISTA
reciente,mom7,20,2025-09-22,0.0472647593295529,-0.0501229188691625,0.1446524375282683,ALCISTA
reciente,mom7,20,2025-09-29,0.0920599056983535,0.2989736829270096,-0.1148538715303025,ALCISTA
reciente,mom7,20,2025-10-06,0.0738330791498716,0.003273127025005,0.1443930312747382,ALCISTA
reciente,mom7,20,2025-10-13,-0.0373917644890941,-0.1125764758394092,0.0377929468612209,ALCISTA
reciente,mom7,20,2025-10-20,0.1117527126093384,0.2172726870673935,0.0062327381512833,ALCISTA
reciente,mom7,20,2025-10-27,-0.0245363293458864,-0.2551324729887306,0.2060598142969577,ALCISTA
reciente,mom7,20,2025-11-03,-0.0324310259160281,0.0167471988223481,-0.0816092506544044,ALCISTA
reciente,mom7,20,2025-11-10,-0.022772725179755,-0.173730717205449,0.1281852668459388,LATERAL_TRANQUILO
reciente,mom7,20,2025-11-17,-0.0792937927870843,-0.1792994177418644,0.0207118321676956,LATERAL_TRANQUILO
reciente,mom7,20,2025-11-24,0.0462387455694989,0.0238098192346453,0.0686676719043526,LATERAL_TRANQUILO
reciente,mom7,20,2025-12-01,-0.0857954328965648,-0.0855625200016547,-0.086028345791475,BAJISTA
reciente,mom7,20,2025-12-08,0.0473212678802245,0.0587523135561648,0.0358902222042842,BAJISTA
reciente,mom7,20,2025-12-15,0.0081730545044665,-0.0261307510763902,0.0424768600853234,BAJISTA
reciente,mom7,20,2025-12-22,-0.0154639772009122,-0.0202684734945878,-0.0106594809072367,BAJISTA
reciente,mom7,20,2025-12-29,-0.0217050265279088,-0.0222863718783145,-0.0211236811775031,BAJISTA
reciente,mom7,20,2026-01-05,0.0018804793392771,-0.0659197805971465,0.0696807392757007,BAJISTA
reciente,mom7,20,2026-01-12,0.0670447942945782,0.0561352681402703,0.0779543204488861,BAJISTA
reciente,mom7,20,2026-01-19,0.0634247731975739,0.042016067387828,0.0848334790073198,BAJISTA
reciente,mom7,20,2026-01-26,0.0572172956721057,-0.0892358661783767,0.2036704575225882,BAJISTA
reciente,mom7,20,2026-02-02,-0.0358922612248746,-0.0704504389498531,-0.0013340834998962,BAJISTA
reciente,mom7,20,2026-02-09,0.0557586573430706,0.2056997506814062,-0.0941824359952649,BAJISTA
reciente,mom7,20,2026-02-16,-0.0169696198720797,-0.0773357756745697,0.0433965359304103,BAJISTA
reciente,mom7,20,2026-02-23,0.0293267144579408,0.0463830335878721,0.0122703953280096,BAJISTA
reciente,mom7,20,2026-03-02,-0.033218529358988,-0.086318410200717,0.0198813514827408,BAJISTA
reciente,mom7,20,2026-03-09,0.0294057255811526,0.0805178017412466,-0.0217063505789414,BAJISTA
reciente,mom7,20,2026-03-16,0.0584462857629038,-0.0310990528450656,0.1479916243708732,BAJISTA
reciente,mom7,20,2026-03-23,-0.0670064141917213,-0.1025441607840686,-0.0314686675993741,BAJISTA
reciente,mom7,20,2026-03-30,0.0808876615517008,0.0944179259918455,0.0673573971115562,BAJISTA
reciente,mom7,20,2026-04-06,0.0184131146152871,0.0927723511215644,-0.0559461218909902,BAJISTA
reciente,mom7,20,2026-04-13,-0.0632370118216009,-0.1280564466220278,0.0015824229788258,BAJISTA
reciente,mom7,20,2026-04-20,-0.1089071113058231,-0.0413130811376021,-0.176501141474044,BAJISTA
reciente,mom7,20,2026-04-27,0.0713231497597933,0.1623679853940312,-0.0197216858744446,BAJISTA
reciente,mom7,20,2026-05-04,0.0248615085196068,0.0866149891302941,-0.0368919720910804,BAJISTA
reciente,mom7,20,2026-05-11,-0.01695652889588,-0.1540293511281174,0.1201162933363573,BAJISTA
reciente,mom7,20,2026-05-18,-0.0719005593505635,-0.1150311573925635,-0.0287699613085635,BAJISTA
reciente,mom7,20,2026-05-25,-0.046482769009174,-0.0374981194559708,-0.0554674185623772,BAJISTA
reciente,mom7,20,2026-06-01,0.0632614335207505,0.0042716511098311,0.12225121593167,BAJISTA
reciente,mom7,20,2026-06-08,-0.0622982500812385,-0.1062711326898541,-0.0183253674726228,BAJISTA
reciente,mom7,20,2026-06-15,0.0478906548136828,0.141180947861741,-0.0453996382343754,BAJISTA
reciente,mom7,20,2026-06-22,0.0450760423065473,0.1162412495531902,-0.0260891649400955,BAJISTA
reciente,mom7,20,2026-06-29,-0.1656845478445483,-0.2300823275471619,-0.1012867681419346,BAJISTA
reciente,mom7,20,2026-07-06,-0.0156658398723693,-0.1651779163130121,0.1338462365682734,BAJISTA
reciente,mom7,20,2026-07-13,-0.1526436862508706,0.14797554250088,-0.4532629150026213,BAJISTA
reciente,mom7,20,2026-07-20,0.0587920265094285,0.0767348773562247,0.0408491756626323,BAJISTA
reciente,mom14,5,2024-08-05,-0.1120881794231585,0.0227772792145327,-0.2469536380608498,ALCISTA
reciente,mom14,5,2024-08-12,-0.0134903781067115,-0.0548156346267631,0.0278348784133401,LATERAL_VOLATIL
reciente,mom14,5,2024-08-19,-0.0297201684190559,-0.029187675763723,-0.0302526610743887,LATERAL_VOLATIL
reciente,mom14,5,2024-08-26,-0.1216552962419336,-0.1506153384776149,-0.0926952540062523,LATERAL_VOLATIL
reciente,mom14,5,2024-09-02,0.0143324324361919,0.0379718712014379,-0.0093070063290541,LATERAL_VOLATIL
reciente,mom14,5,2024-09-09,0.0055573948296599,-0.0101613232909865,0.0212761129503064,LATERAL_VOLATIL
reciente,mom14,5,2024-09-16,0.0890545526578858,0.2848371312369909,-0.1067280259212192,LATERAL_TRANQUILO
reciente,mom14,5,2024-09-23,0.0490250013270794,0.0186098513894664,0.0794401512646924,LATERAL_TRANQUILO
reciente,mom14,5,2024-09-30,0.0942470193189852,0.0983883167934035,0.0901057218445669,LATERAL_TRANQUILO
reciente,mom14,5,2024-10-07,-0.0598759868720263,0.1050668701601881,-0.2248188439042409,BAJISTA
reciente,mom14,5,2024-10-14,-0.1266928119620047,-0.3344502323694627,0.0810646084454534,BAJISTA
reciente,mom14,5,2024-10-21,-0.0145143691301247,-0.1654474308918242,0.1364186926315748,LATERAL_TRANQUILO
reciente,mom14,5,2024-10-28,0.0125798824390792,-0.1335828595713345,0.158742624449493,LATERAL_TRANQUILO
reciente,mom14,5,2024-11-04,0.0102240894988673,0.4405664471720225,-0.4201182681742877,LATERAL_TRANQUILO
reciente,mom14,5,2024-11-11,0.1044458177452894,0.1380564311085333,0.0708352043820454,EUFORIA
reciente,mom14,5,2024-11-18,-0.1052511604577133,-0.1383365560203489,-0.0721657648950778,EUFORIA
reciente,mom14,5,2024-11-25,0.1594058414323237,0.3257764955462596,-0.006964812681612,EUFORIA
reciente,mom14,5,2024-12-02,-0.0433646360093056,-0.1769219816703995,0.0901927096517881,EUFORIA
reciente,mom14,5,2024-12-09,0.0096600114202531,-0.0183303990026045,0.0376504218431108,EUFORIA
reciente,mom14,5,2024-12-16,0.0947235237622648,0.058627184599698,0.1308198629248315,ALCISTA
reciente,mom14,5,2024-12-23,0.0278664483754071,-0.0147841396563155,0.0705170364071299,ALCISTA
reciente,mom14,5,2024-12-30,-0.0389018016626727,0.0540777018803005,-0.131881305205646,ALCISTA
reciente,mom14,5,2025-01-06,-0.0106761027327501,-0.2782896156637744,0.2569374101982741,ALCISTA
reciente,mom14,5,2025-01-13,0.0336635441540326,-0.0217288315155373,0.0890559198236027,ALCISTA
reciente,mom14,5,2025-01-20,0.0300063932129139,-0.1328013043439544,0.1928140907697823,ALCISTA
reciente,mom14,5,2025-01-27,0.1397879377718453,-0.0239067082862659,0.3034825838299566,ALCISTA
reciente,mom14,5,2025-02-03,0.0238563263626847,-0.1417745416952578,0.1894871944206274,ALCISTA
reciente,mom14,5,2025-02-10,0.1241513448577725,0.0872571678357951,0.1610455218797498,ALCISTA
reciente,mom14,5,2025-02-17,0.1065135776365205,-0.061694093762275,0.2747212490353161,ALCISTA
reciente,mom14,5,2025-02-24,-0.0898232892747969,-0.1295612230788501,-0.0500853554707437,ALCISTA
reciente,mom14,5,2025-03-03,0.0586234509674839,-0.1475972796011529,0.2648441815361207,ALCISTA
reciente,mom14,5,2025-03-10,-0.0660509790132985,-0.0542090257558324,-0.0778929322707647,ALCISTA
reciente,mom14,5,2025-03-17,-0.0136987261166717,-0.0209164469443968,-0.0064810052889466,LATERAL_VOLATIL
reciente,mom14,5,2025-03-24,0.0085507539704076,-0.1315714341063642,0.1486729420471795,LATERAL_VOLATIL
reciente,mom14,5,2025-03-31,0.0149544970822212,-0.1230191946161481,0.1529281887805907,LATERAL_VOLATIL
reciente,mom14,5,2025-04-07,-0.0073954659531397,-0.1983201053923291,0.1835291734860495,LATERAL_VOLATIL
reciente,mom14,5,2025-04-14,0.0405077354067028,0.0466914697927151,0.0343240010206904,LATERAL_VOLATIL
reciente,mom14,5,2025-04-21,-0.1419571265450075,-0.1191842074396962,-0.1647300456503187,LATERAL_VOLATIL
reciente,mom14,5,2025-04-28,0.4617575029014767,0.7133065880454441,0.2102084177575094,LATERAL_VOLATIL
reciente,mom14,5,2025-05-05,0.0428738727437599,0.2073299525644462,-0.1215822070769263,LATERAL_VOLATIL
reciente,mom14,5,2025-05-12,0.0206036505748669,-0.1660951650636102,0.2073024662133441,LATERAL_TRANQUILO
reciente,mom14,5,2025-05-19,-0.0216097652201238,-0.0385360246467075,-0.0046835057935401,LATERAL_TRANQUILO
reciente,mom14,5,2025-05-26,-0.0022382620355859,-0.1173276963464158,0.1128511722752438,ALCISTA
reciente,mom14,5,2025-06-02,-0.0231476004136787,-0.0381846447784565,-0.008110556048901,ALCISTA
reciente,mom14,5,2025-06-09,-0.0604411909845352,-0.2024204139878438,0.0815380320187733,ALCISTA
reciente,mom14,5,2025-06-16,0.1579358185037903,0.1468569401499835,0.1690146968575971,ALCISTA
reciente,mom14,5,2025-06-23,0.020057404729461,0.0738551779177284,-0.0337403684588064,ALCISTA
reciente,mom14,5,2025-06-30,0.0981298602551835,0.0901649512232379,0.106094769287129,ALCISTA
reciente,mom14,5,2025-07-07,-0.0599632528528578,-0.0209838248672596,-0.0989426808384561,ALCISTA
reciente,mom14,5,2025-07-14,-0.0395409673383774,-0.0468840875287473,-0.0321978471480075,ALCISTA
reciente,mom14,5,2025-07-21,0.0460668418499804,-0.0278607393341437,0.1199944230341046,ALCISTA
reciente,mom14,5,2025-07-28,-0.0607922845797741,-0.1195933301770898,-0.0019912389824583,ALCISTA
reciente,mom14,5,2025-08-04,0.315269374736342,0.8148203603315408,-0.1842816108588567,ALCISTA
reciente,mom14,5,2025-08-11,-0.0311116273390376,-0.1205027253242002,0.0582794706461248,ALCISTA
reciente,mom14,5,2025-08-18,0.075953587095615,0.1143278079680397,0.0375793662231902,ALCISTA
reciente,mom14,5,2025-08-25,-0.0684883528446322,-0.169982159866976,0.0330054541777115,ALCISTA
reciente,mom14,5,2025-09-01,0.068851286788019,0.5250293407094385,-0.3873267671334005,ALCISTA
reciente,mom14,5,2025-09-08,-0.2477057409951921,0.0070477001062827,-0.502459182096667,ALCISTA
reciente,mom14,5,2025-09-15,0.0911369074864155,-0.0331689443667527,0.2154427593395836,ALCISTA
reciente,mom14,5,2025-09-22,0.126482910684496,-0.0871979172074481,0.3401637385764401,ALCISTA
reciente,mom14,5,2025-09-29,-0.0447285422628737,-0.1096769102862095,0.020219825760462,ALCISTA
reciente,mom14,5,2025-10-06,0.2265451881726394,0.1650917685964398,0.287998607748839,ALCISTA
reciente,mom14,5,2025-10-13,0.0135054014020452,-0.1276156220838491,0.1546264248879395,ALCISTA
reciente,mom14,5,2025-10-20,0.1847349644392305,0.3510579336389713,0.0184119952394896,ALCISTA
reciente,mom14,5,2025-10-27,-0.0861631743958591,-0.4126664815993967,0.2403401328076783,ALCISTA
reciente,mom14,5,2025-11-03,-0.1243395168817018,-0.1906422018422796,-0.058036831921124,ALCISTA
reciente,mom14,5,2025-11-10,-0.0849970032392758,-0.3914592533362993,0.2214652468577476,LATERAL_TRANQUILO
reciente,mom14,5,2025-11-17,-0.0443885834024786,-0.2358265184374467,0.1470493516324894,LATERAL_TRANQUILO
reciente,mom14,5,2025-11-24,0.2934987506399704,0.3977057313569552,0.1892917699229855,LATERAL_TRANQUILO
reciente,mom14,5,2025-12-01,0.1263412353814801,0.1694125848440678,0.0832698859188925,BAJISTA
reciente,mom14,5,2025-12-08,0.2113913312295852,0.3469081535383722,0.0758745089207982,BAJISTA
reciente,mom14,5,2025-12-15,-0.0527582904984187,-0.1561245838718827,0.0506080028750451,BAJISTA
reciente,mom14,5,2025-12-22,-0.0826499116099735,-0.0545435245881105,-0.1107562986318364,BAJISTA
reciente,mom14,5,2025-12-29,-0.1659818868698804,-0.1892716870240995,-0.1426920867156613,BAJISTA
reciente,mom14,5,2026-01-05,0.0772200460459186,0.1141741632129559,0.0402659288788814,BAJISTA
reciente,mom14,5,2026-01-12,0.08138295953765,0.0468196404001285,0.1159462786751714,BAJISTA
reciente,mom14,5,2026-01-19,0.0651981902820795,0.0387482411463367,0.0916481394178223,BAJISTA
reciente,mom14,5,2026-01-26,0.0258445585388948,-0.1549824063208519,0.2066715233986415,BAJISTA
reciente,mom14,5,2026-02-02,-0.1104190556332328,-0.1790656477752982,-0.0417724634911674,BAJISTA
reciente,mom14,5,2026-02-09,-0.1419062426645463,0.0051846062381735,-0.2889970915672663,BAJISTA
reciente,mom14,5,2026-02-16,0.1432851962913741,0.0492402411254843,0.237330151457264,BAJISTA
reciente,mom14,5,2026-02-23,0.1522884209444562,0.2342848731072977,0.0702919687816148,BAJISTA
reciente,mom14,5,2026-03-02,-0.2019831432096702,-0.276432718465541,-0.1275335679537993,BAJISTA
reciente,mom14,5,2026-03-09,0.1359393933618649,0.0465456068710292,0.2253331798527006,BAJISTA
reciente,mom14,5,2026-03-16,0.0445138925631613,-0.1386117995723545,0.2276395846986771,BAJISTA
reciente,mom14,5,2026-03-23,0.0164656196378246,-0.199615567162258,0.2325468064379071,BAJISTA
reciente,mom14,5,2026-03-30,-0.1515383612884055,0.0597648555266894,-0.3628415781035005,BAJISTA
reciente,mom14,5,2026-04-06,-0.011324907934901,0.1096027766587208,-0.132252592528523,BAJISTA
reciente,mom14,5,2026-04-13,-0.1408115152189864,-0.4147898598283746,0.1331668293904017,BAJISTA
reciente,mom14,5,2026-04-20,-0.2145361782405756,-0.2785159479194553,-0.150556408561696,BAJISTA
reciente,mom14,5,2026-04-27,0.1496204193143452,0.2614359537517648,0.0378048848769255,BAJISTA
reciente,mom14,5,2026-05-04,0.2065969549755138,0.4756281752799124,-0.0624342653288846,BAJISTA
reciente,mom14,5,2026-05-11,-0.0948889888518243,-0.249788354360579,0.0600103766569302,BAJISTA
reciente,mom14,5,2026-05-18,-0.0872129611092945,-0.2698854039764043,0.0954594817578153,BAJISTA
reciente,mom14,5,2026-05-25,-0.0975540518586949,-0.1456025674061333,-0.0495055363112565,BAJISTA
reciente,mom14,5,2026-06-01,-0.0231120143400898,-0.0846859079523336,0.038461879272154,BAJISTA
reciente,mom14,5,2026-06-08,-0.2655371647251631,-0.2340238913900309,-0.2970504380602954,BAJISTA
reciente,mom14,5,2026-06-15,0.0185203659122621,-0.0401608469730787,0.077201578797603,BAJISTA
reciente,mom14,5,2026-06-22,-0.0217390644717181,0.0497191221548484,-0.0931972510982846,BAJISTA
reciente,mom14,5,2026-06-29,-0.1846704959788094,-0.4501312517491405,0.0807902597915216,BAJISTA
reciente,mom14,5,2026-07-06,-0.1471238976307879,-0.4178098772045109,0.123562081942935,BAJISTA
reciente,mom14,5,2026-07-13,0.0858571730282321,0.0652104317485703,0.106503914307894,BAJISTA
reciente,mom14,5,2026-07-20,0.2707485458788139,0.4255539110808408,0.115943180676787,BAJISTA
reciente,mom14,10,2024-08-05,-0.089699028069779,0.126715085450372,-0.3061131415899302,ALCISTA
reciente,mom14,10,2024-08-12,-0.0194999157490743,-0.060128551344289,0.0211287198461403,LATERAL_VOLATIL
reciente,mom14,10,2024-08-19,-0.0103361808642686,0.0142049039878234,-0.0348772657163606,LATERAL_VOLATIL
reciente,mom14,10,2024-08-26,-0.0640367234290086,-0.1424573064786576,0.0143838596206402,LATERAL_VOLATIL
reciente,mom14,10,2024-09-02,0.0020941389172383,0.0051946092096531,-0.0010063313751765,LATERAL_VOLATIL
reciente,mom14,10,2024-09-09,0.0005972235779601,-0.0319982475534158,0.0331926947093361,LATERAL_VOLATIL
reciente,mom14,10,2024-09-16,0.0839263519928053,0.2566637478545967,-0.0888110438689859,LATERAL_TRANQUILO
reciente,mom14,10,2024-09-23,0.0249838509474572,0.0160790687006311,0.0338886331942834,LATERAL_TRANQUILO
reciente,mom14,10,2024-09-30,0.0535594765125421,0.0368662901465685,0.0702526628785156,LATERAL_TRANQUILO
reciente,mom14,10,2024-10-07,-0.002582776569789,0.142613300054533,-0.1477788531941111,BAJISTA
reciente,mom14,10,2024-10-14,-0.0730050190212096,-0.2077659119631729,0.0617558739207535,BAJISTA
reciente,mom14,10,2024-10-21,-0.0038764027964671,-0.1409541665824407,0.1332013609895065,LATERAL_TRANQUILO
reciente,mom14,10,2024-10-28,0.0007072866188251,-0.1622295532375228,0.1636441264751731,LATERAL_TRANQUILO
reciente,mom14,10,2024-11-04,-0.0722425772772378,0.3109787418168622,-0.455463896371338,LATERAL_TRANQUILO
reciente,mom14,10,2024-11-11,0.0321479125028203,0.0185834900416162,0.0457123349640244,EUFORIA
reciente,mom14,10,2024-11-18,0.0221942357962354,0.076212153829796,-0.0318236822373251,EUFORIA
reciente,mom14,10,2024-11-25,0.1367080475184227,0.3390262410677439,-0.0656101460308984,EUFORIA
reciente,mom14,10,2024-12-02,0.0305265800873532,-0.0343759559083306,0.0954291160830371,EUFORIA
reciente,mom14,10,2024-12-09,0.0108577149704819,-0.0143140124117007,0.0360294423526646,EUFORIA
reciente,mom14,10,2024-12-16,0.0495153637943877,-0.0692282964884387,0.1682590240772142,ALCISTA
reciente,mom14,10,2024-12-23,0.0656808713012758,0.0370887046631944,0.0942730379393571,ALCISTA
reciente,mom14,10,2024-12-30,-0.0322546823105411,0.0664720139137468,-0.1309813785348291,ALCISTA
reciente,mom14,10,2025-01-06,0.0049885101368544,-0.2392066894258275,0.2491837096995363,ALCISTA
reciente,mom14,10,2025-01-13,0.0605285062846277,0.0514141307239984,0.069642881845257,ALCISTA
reciente,mom14,10,2025-01-20,-0.0186183669229284,-0.1789788454031563,0.1417421115572994,ALCISTA
reciente,mom14,10,2025-01-27,0.0958179766100215,-0.039299251976339,0.2309352051963821,ALCISTA
reciente,mom14,10,2025-02-03,0.0568004353801586,-0.1027296830028815,0.2163305537631987,ALCISTA
reciente,mom14,10,2025-02-10,0.0979824766268821,0.0207070369666363,0.1752579162871279,ALCISTA
reciente,mom14,10,2025-02-17,0.0740806782413214,-0.0400017487659791,0.188163105248622,ALCISTA
reciente,mom14,10,2025-02-24,-0.229956699797654,-0.1480232600347356,-0.3118901395605724,ALCISTA
reciente,mom14,10,2025-03-03,0.0227655466181173,-0.1471232615364895,0.1926543547727243,ALCISTA
reciente,mom14,10,2025-03-10,-0.0215760476009797,0.0608505956747195,-0.1040026908766791,ALCISTA
reciente,mom14,10,2025-03-17,0.0374395739388225,0.0886152237268132,-0.0137360758491681,LATERAL_VOLATIL
reciente,mom14,10,2025-03-24,-0.0002807160852154,-0.1306076761048601,0.1300462439344291,LATERAL_VOLATIL
reciente,mom14,10,2025-03-31,0.0105685055709515,-0.1420916759034686,0.1632286870453717,LATERAL_VOLATIL
reciente,mom14,10,2025-04-07,-0.0555474646379642,-0.1095777284612722,-0.0015172008146563,LATERAL_VOLATIL
reciente,mom14,10,2025-04-14,-0.1585703055291844,0.0273274555290936,-0.3444680665874625,LATERAL_VOLATIL
reciente,mom14,10,2025-04-21,-0.0583879089537004,0.0201733436595,-0.1369491615669009,LATERAL_VOLATIL
reciente,mom14,10,2025-04-28,0.2426613455439246,0.3164597355660416,0.1688629555218077,LATERAL_VOLATIL
reciente,mom14,10,2025-05-05,0.0048256401201093,0.2186956830822685,-0.2090444028420499,LATERAL_VOLATIL
reciente,mom14,10,2025-05-12,-0.0175243684255557,-0.1433269457725131,0.1082782089214017,LATERAL_TRANQUILO
reciente,mom14,10,2025-05-19,-0.0298419142359817,-0.0441190670650971,-0.0155647614068664,LATERAL_TRANQUILO
reciente,mom14,10,2025-05-26,0.0347366178624678,-0.0438051713894738,0.1132784071144095,ALCISTA
reciente,mom14,10,2025-06-02,-0.0339581341833541,-0.0641458125753385,-0.0037704557913697,ALCISTA
reciente,mom14,10,2025-06-09,0.0031176937969273,-0.1373505661551191,0.1435859537489737,ALCISTA
reciente,mom14,10,2025-06-16,0.0923165700849372,0.053229246448606,0.1314038937212684,ALCISTA
reciente,mom14,10,2025-06-23,0.0236026425532012,0.0198277143336347,0.0273775707727678,ALCISTA
reciente,mom14,10,2025-06-30,0.0261025092160103,0.0046770655799305,0.04752795285209,ALCISTA
reciente,mom14,10,2025-07-07,0.0004381765668186,0.0855805041380623,-0.0847041510044249,ALCISTA
reciente,mom14,10,2025-07-14,-0.0293554676813583,-0.0116064262601597,-0.0471045091025568,ALCISTA
reciente,mom14,10,2025-07-21,0.0306297666306675,0.0347585690204209,0.0265009642409142,ALCISTA
reciente,mom14,10,2025-07-28,-0.0452214932768429,-0.0844976097396535,-0.0059453768140322,ALCISTA
reciente,mom14,10,2025-08-04,0.1526621992965232,0.3899505733776413,-0.0846261747845948,ALCISTA
reciente,mom14,10,2025-08-11,-0.0339748711760169,-0.115976689711175,0.0480269473591412,ALCISTA
reciente,mom14,10,2025-08-18,0.0555533294695248,0.0042322951229056,0.1068743638161441,ALCISTA
reciente,mom14,10,2025-08-25,-0.0700110005578504,-0.1677029667057826,0.0276809655900817,ALCISTA
reciente,mom14,10,2025-09-01,0.0417143886176327,0.2889052591063143,-0.2054764818710489,ALCISTA
reciente,mom14,10,2025-09-08,-0.1238939877029802,0.029350266852333,-0.2771382422582936,ALCISTA
reciente,mom14,10,2025-09-15,0.1034569517814668,0.0080024512902899,0.1989114522726437,ALCISTA
reciente,mom14,10,2025-09-22,0.1227461137135258,0.0099972025218343,0.2354950249052173,ALCISTA
reciente,mom14,10,2025-09-29,-0.0273373773324437,-0.0283849111969748,-0.0262898434679126,ALCISTA
reciente,mom14,10,2025-10-06,0.3076562171516578,0.3372589600119217,0.278053474291394,ALCISTA
reciente,mom14,10,2025-10-13,-0.0158182208595351,-0.1477883212742156,0.1161518795551453,ALCISTA
reciente,mom14,10,2025-10-20,0.0842319787688324,0.1854071490520477,-0.0169431915143828,ALCISTA
reciente,mom14,10,2025-10-27,-0.1090407945878586,-0.3056583527917871,0.0875767636160697,ALCISTA
reciente,mom14,10,2025-11-03,-0.1731151104118489,-0.1521227313712631,-0.1941074894524347,ALCISTA
reciente,mom14,10,2025-11-10,0.0135272806968092,-0.1987541444903865,0.225808705884005,LATERAL_TRANQUILO
reciente,mom14,10,2025-11-17,-0.0237640051853625,-0.171457349273462,0.123929338902737,LATERAL_TRANQUILO
reciente,mom14,10,2025-11-24,0.1281213620930265,0.1479453600252308,0.1082973641608223,LATERAL_TRANQUILO
reciente,mom14,10,2025-12-01,0.0691863214420181,0.0744488102857379,0.0639238325982983,BAJISTA
reciente,mom14,10,2025-12-08,0.234029533217873,0.3090342623351619,0.1590248041005841,BAJISTA
reciente,mom14,10,2025-12-15,-0.0671305547028094,-0.1993466606042856,0.0650855511986668,BAJISTA
reciente,mom14,10,2025-12-22,-0.094347468595426,-0.1130362423571443,-0.0756586948337078,BAJISTA
reciente,mom14,10,2025-12-29,-0.1067647127495988,-0.089996184248992,-0.1235332412502055,BAJISTA
reciente,mom14,10,2026-01-05,-0.0180349956900767,-0.0323618548322373,-0.0037081365479161,BAJISTA
reciente,mom14,10,2026-01-12,0.0175643566393274,-0.0525658800619976,0.0876945933406526,BAJISTA
reciente,mom14,10,2026-01-19,0.1074983682440212,0.1765183684428983,0.038478368045144,BAJISTA
reciente,mom14,10,2026-01-26,-0.0158355300475648,-0.2010335844677688,0.169362524372639,BAJISTA
reciente,mom14,10,2026-02-02,-0.0449339888243812,-0.1165184666766836,0.026650489027921,BAJISTA
reciente,mom14,10,2026-02-09,0.0158822301093047,0.1428961027587326,-0.1111316425401231,BAJISTA
reciente,mom14,10,2026-02-16,0.0050584005211527,-0.0827072976275602,0.0928240986698658,BAJISTA
reciente,mom14,10,2026-02-23,0.1414926342941957,0.2964332744947047,-0.0134480059063132,BAJISTA
reciente,mom14,10,2026-03-02,-0.0415013621830518,-0.0468034986541179,-0.0361992257119856,BAJISTA
reciente,mom14,10,2026-03-09,0.0700790427297404,0.0276510458908601,0.1125070395686207,BAJISTA
reciente,mom14,10,2026-03-16,0.0450391262105131,-0.0239558612660002,0.1140341136870265,BAJISTA
reciente,mom14,10,2026-03-23,-0.0050278442858193,-0.1796615103415879,0.1696058217699492,BAJISTA
reciente,mom14,10,2026-03-30,-0.1121481774687531,0.1341677117161653,-0.3584640666536716,BAJISTA
reciente,mom14,10,2026-04-06,-0.0389861977637115,-0.0291369439065592,-0.0488354516208638,BAJISTA
reciente,mom14,10,2026-04-13,-0.1258673881679877,-0.2402757436051082,-0.0114590327308672,BAJISTA
reciente,mom14,10,2026-04-20,-0.1321146039825262,-0.1456426857901903,-0.118586522174862,BAJISTA
reciente,mom14,10,2026-04-27,0.038251114458183,0.0769416567276518,-0.0004394278112856,BAJISTA
reciente,mom14,10,2026-05-04,0.0732523316858707,0.1947363967736082,-0.0482317334018667,BAJISTA
reciente,mom14,10,2026-05-11,-0.048760946242467,-0.1924074681254744,0.0948855756405402,BAJISTA
reciente,mom14,10,2026-05-18,-0.0925310049228875,-0.1583516867846142,-0.0267103230611609,BAJISTA
reciente,mom14,10,2026-05-25,-0.0052416067060336,-0.023865128751292,0.0133819153392247,BAJISTA
reciente,mom14,10,2026-06-01,0.1222978422286798,0.1662124639248741,0.0783832205324856,BAJISTA
reciente,mom14,10,2026-06-08,-0.159108183031412,-0.1309645764127389,-0.187251789650085,BAJISTA
reciente,mom14,10,2026-06-15,0.0289778805012377,-0.021342436343416,0.0792981973458916,BAJISTA
reciente,mom14,10,2026-06-22,0.0607831399095275,0.110996004198341,0.010570275620714,BAJISTA
reciente,mom14,10,2026-06-29,-0.1477279520531424,-0.325936265653598,0.0304803615473131,BAJISTA
reciente,mom14,10,2026-07-06,-0.0857239877838164,-0.1842153177859474,0.0127673422183144,BAJISTA
reciente,mom14,10,2026-07-13,0.034917916305881,-0.0399418531456574,0.1097776857574195,BAJISTA
reciente,mom14,10,2026-07-20,0.1282961622702464,0.1892265080224291,0.0673658165180638,BAJISTA
reciente,mom14,20,2024-08-05,-0.0685004743295601,0.1199280815949724,-0.2569290302540926,ALCISTA
reciente,mom14,20,2024-08-12,-0.024609543476665,-0.0588112810840439,0.0095921941307137,LATERAL_VOLATIL
reciente,mom14,20,2024-08-19,-0.0137238468265612,0.0223904895808574,-0.0498381832339799,LATERAL_VOLATIL
reciente,mom14,20,2024-08-26,-0.0303827746754051,-0.1243524989244089,0.0635869495735986,LATERAL_VOLATIL
reciente,mom14,20,2024-09-02,-0.020698817995701,-0.0093276746684435,-0.0320699613229586,LATERAL_VOLATIL
reciente,mom14,20,2024-09-09,0.0141639206222774,-0.0035684335067803,0.0318962747513352,LATERAL_VOLATIL
reciente,mom14,20,2024-09-16,0.0337420461348563,0.213324447841267,-0.1458403555715544,LATERAL_TRANQUILO
reciente,mom14,20,2024-09-23,0.0171439641243898,0.0146636760841281,0.0196242521646516,LATERAL_TRANQUILO
reciente,mom14,20,2024-09-30,0.0453584250481232,0.0174476855820389,0.0732691645142075,LATERAL_TRANQUILO
reciente,mom14,20,2024-10-07,0.0045396904969859,0.1278224715655083,-0.1187430905715365,BAJISTA
reciente,mom14,20,2024-10-14,-0.0335941658130367,-0.1197747786895104,0.0525864470634368,BAJISTA
reciente,mom14,20,2024-10-21,0.0207675246249508,-0.068263271525558,0.1097983207754598,LATERAL_TRANQUILO
reciente,mom14,20,2024-10-28,0.0116903867808551,-0.1420162885386401,0.1653970621003504,LATERAL_TRANQUILO
reciente,mom14,20,2024-11-04,-0.0566271376964968,0.3237067644782584,-0.4369610398712521,LATERAL_TRANQUILO
reciente,mom14,20,2024-11-11,0.022727075220418,0.0197283395547353,0.0257258108861007,EUFORIA
reciente,mom14,20,2024-11-18,-0.0193844152831382,0.0216411515981292,-0.0604099821644056,EUFORIA
reciente,mom14,20,2024-11-25,0.1101134847779567,0.3102135687231693,-0.0899865991672558,EUFORIA
reciente,mom14,20,2024-12-02,0.0076031624774782,-0.0489475249216072,0.0641538498765637,EUFORIA
reciente,mom14,20,2024-12-09,0.0320246524587228,0.0368315204123095,0.027217784505136,EUFORIA
reciente,mom14,20,2024-12-16,0.0154167934344266,-0.115114016855523,0.1459476037243763,ALCISTA
reciente,mom14,20,2024-12-23,0.0172940633969519,-0.0264818810618623,0.0610700078557663,ALCISTA
reciente,mom14,20,2024-12-30,-0.029315741890376,0.0943846533193385,-0.1530161371000906,ALCISTA
reciente,mom14,20,2025-01-06,0.0106668469788859,-0.2350767370996884,0.2564104310574603,ALCISTA
reciente,mom14,20,2025-01-13,0.0578232776789611,0.0056089855961889,0.1100375697617333,ALCISTA
reciente,mom14,20,2025-01-20,0.0252410577499865,-0.0879510038624757,0.1384331193624488,ALCISTA
reciente,mom14,20,2025-01-27,0.0906211359092375,-0.0696887836628392,0.2509310554813144,ALCISTA
reciente,mom14,20,2025-02-03,0.0166346405427683,-0.1007820201949085,0.1340513012804452,ALCISTA
reciente,mom14,20,2025-02-10,0.0779289633395245,0.0157063852363699,0.140151541442679,ALCISTA
reciente,mom14,20,2025-02-17,0.0399852517926088,-0.0580333547469882,0.1380038583322058,ALCISTA
reciente,mom14,20,2025-02-24,-0.1150870463642119,-0.0921880058480738,-0.1379860868803501,ALCISTA
reciente,mom14,20,2025-03-03,0.04507119175304,-0.1076615756203536,0.1978039591264337,ALCISTA
reciente,mom14,20,2025-03-10,-0.0741610908872855,0.0272807848557328,-0.1756029666303038,ALCISTA
reciente,mom14,20,2025-03-17,0.0179826970018312,0.0829342050944218,-0.0469688110907592,LATERAL_VOLATIL
reciente,mom14,20,2025-03-24,0.002313583047627,-0.1126131828701807,0.1172403489654347,LATERAL_VOLATIL
reciente,mom14,20,2025-03-31,0.0471315337736049,-0.0989977420602064,0.1932608096074162,LATERAL_VOLATIL
reciente,mom14,20,2025-04-07,0.0285950986816838,0.0064242023078869,0.0507659950554807,LATERAL_VOLATIL
reciente,mom14,20,2025-04-14,-0.1354519398901641,-0.0030196054050096,-0.2678842743753186,LATERAL_VOLATIL
reciente,mom14,20,2025-04-21,0.018134167105345,0.1601486173040706,-0.1238802830933805,LATERAL_VOLATIL
reciente,mom14,20,2025-04-28,0.1375711400362917,0.1470358074295035,0.12810647264308,LATERAL_VOLATIL
reciente,mom14,20,2025-05-05,0.0025883192498527,0.2292280175238792,-0.2240513790241737,LATERAL_VOLATIL
reciente,mom14,20,2025-05-12,-0.0093298076031395,-0.1171362838895862,0.0984766686833071,LATERAL_TRANQUILO
reciente,mom14,20,2025-05-19,-0.0234784593723617,-0.0357809184000763,-0.0111760003446471,LATERAL_TRANQUILO
reciente,mom14,20,2025-05-26,0.0229547761337113,-0.0468859476929907,0.0927954999604133,ALCISTA
reciente,mom14,20,2025-06-02,-0.0107632879531786,-0.0116294240243476,-0.0098971518820097,ALCISTA
reciente,mom14,20,2025-06-09,0.0309411571535113,-0.0849249265509576,0.1468072408579804,ALCISTA
reciente,mom14,20,2025-06-16,0.0523955536079551,0.0087623256125311,0.0960287816033791,ALCISTA
reciente,mom14,20,2025-06-23,0.0183507059339905,0.0295623919062151,0.0071390199617659,ALCISTA
reciente,mom14,20,2025-06-30,0.0228374280519098,-0.0182930167849525,0.0639678728887721,ALCISTA
reciente,mom14,20,2025-07-07,-0.0063590978275268,0.0733672599607957,-0.0860854556158493,ALCISTA
reciente,mom14,20,2025-07-14,-0.0112717513554895,0.0529983270166882,-0.0755418297276673,ALCISTA
reciente,mom14,20,2025-07-21,-0.0007240362267376,-0.0240398138551879,0.0225917414017125,ALCISTA
reciente,mom14,20,2025-07-28,0.0284317241978826,0.0660897167870252,-0.0092262683912599,ALCISTA
reciente,mom14,20,2025-08-04,0.0789365290937084,0.2303137669629982,-0.0724407087755813,ALCISTA
reciente,mom14,20,2025-08-11,-0.015938449777943,-0.094827771699554,0.0629508721436679,ALCISTA
reciente,mom14,20,2025-08-18,0.0179007023948113,-0.0544246407588278,0.0902260455484505,ALCISTA
reciente,mom14,20,2025-08-25,-0.0443826876440622,-0.1350839954331361,0.0463186201450115,ALCISTA
reciente,mom14,20,2025-09-01,-0.2996380574880867,0.1480716151154527,-0.7473477300916261,ALCISTA
reciente,mom14,20,2025-09-08,-0.028154511984029,0.0762140411205416,-0.1325230650885998,ALCISTA
reciente,mom14,20,2025-09-15,0.0818406537316943,0.0273827658758169,0.1362985415875717,ALCISTA
reciente,mom14,20,2025-09-22,0.0578988992412878,0.004899427855958,0.1108983706266175,ALCISTA
reciente,mom14,20,2025-09-29,-0.0158691618360528,0.0985312620481006,-0.1302695857202063,ALCISTA
reciente,mom14,20,2025-10-06,0.146688613019843,0.0491492508898386,0.2442279751498474,ALCISTA
reciente,mom14,20,2025-10-13,0.0031840010031976,-0.0889532041939733,0.0953212062003685,ALCISTA
reciente,mom14,20,2025-10-20,0.0090376718221658,0.0364827503629589,-0.0184074067186272,ALCISTA
reciente,mom14,20,2025-10-27,-0.0427882531689482,-0.2796782562711871,0.1941017499332905,ALCISTA
reciente,mom14,20,2025-11-03,-0.0201214398020473,0.0849931593762067,-0.1252360389803014,ALCISTA
reciente,mom14,20,2025-11-10,0.0422883637867998,-0.1410267471242839,0.2256034746978835,LATERAL_TRANQUILO
reciente,mom14,20,2025-11-17,-0.0236498562225651,-0.1610346798550307,0.1137349674099004,LATERAL_TRANQUILO
reciente,mom14,20,2025-11-24,0.0700937201534407,0.0537434597637862,0.0864439805430952,LATERAL_TRANQUILO
reciente,mom14,20,2025-12-01,0.0236371007593249,0.0357991063640959,0.0114750951545538,BAJISTA
reciente,mom14,20,2025-12-08,0.1248366693527229,0.1085951683814167,0.1410781703240291,BAJISTA
reciente,mom14,20,2025-12-15,-0.0764997991355298,-0.0830840823671931,-0.0699155159038664,BAJISTA
reciente,mom14,20,2025-12-22,-0.1442568525612743,-0.1203495349884819,-0.1681641701340668,BAJISTA
reciente,mom14,20,2025-12-29,-0.0988152180147785,-0.0751399466636302,-0.1224904893659268,BAJISTA
reciente,mom14,20,2026-01-05,-0.0222869255182112,-0.0497983793703717,0.0052245283339492,BAJISTA
reciente,mom14,20,2026-01-12,0.0343841905700435,0.0100778956945862,0.0586904854455009,BAJISTA
reciente,mom14,20,2026-01-19,0.0282258059176272,0.0231073795123811,0.0333442323228732,BAJISTA
reciente,mom14,20,2026-01-26,0.010491696824117,-0.1509497286053067,0.1719331222535408,BAJISTA
reciente,mom14,20,2026-02-02,0.0220198450605284,-0.0160706273470514,0.0601103174681083,BAJISTA
reciente,mom14,20,2026-02-09,-0.0264961250949826,0.1105342047961134,-0.1635264549860786,BAJISTA
reciente,mom14,20,2026-02-16,0.0524509375419517,-0.0080373083904117,0.1129391834743151,BAJISTA
reciente,mom14,20,2026-02-23,0.0360040264046394,0.0993009231542836,-0.0272928703450047,BAJISTA
reciente,mom14,20,2026-03-02,-0.0236032409826945,-0.0419238329402223,-0.0052826490251668,BAJISTA
reciente,mom14,20,2026-03-09,0.0411095985320516,0.032297147284037,0.0499220497800662,BAJISTA
reciente,mom14,20,2026-03-16,0.1217450097103235,0.0619368708261868,0.1815531485944602,BAJISTA
reciente,mom14,20,2026-03-23,-0.0375790055985468,-0.1477513671661179,0.0725933559690243,BAJISTA
reciente,mom14,20,2026-03-30,-0.0448907946580556,0.0708526685972401,-0.1606342579133513,BAJISTA
reciente,mom14,20,2026-04-06,-0.0149002256789579,0.0141019285906283,-0.0439023799485443,BAJISTA
reciente,mom14,20,2026-04-13,-0.089220653491051,-0.1200201487118506,-0.0584211582702514,BAJISTA
reciente,mom14,20,2026-04-20,-0.0631569805013771,-0.067491515480346,-0.0588224455224082,BAJISTA
reciente,mom14,20,2026-04-27,0.0919190064541477,0.1721299803755641,0.0117080325327314,BAJISTA
reciente,mom14,20,2026-05-04,-0.0051035700616816,0.0876924347564584,-0.0978995748798216,BAJISTA
reciente,mom14,20,2026-05-11,-0.0457511191530504,-0.177991170862954,0.086488932556853,BAJISTA
reciente,mom14,20,2026-05-18,-0.0302271762950067,-0.0490368951459497,-0.0114174574440636,BAJISTA
reciente,mom14,20,2026-05-25,-0.031376487963098,-0.0655089254726987,0.0027559495465026,BAJISTA
reciente,mom14,20,2026-06-01,0.079589037327959,0.08499852545251,0.0741795492034081,BAJISTA
reciente,mom14,20,2026-06-08,-0.0875628934157464,-0.0998054092968459,-0.0753203775346469,BAJISTA
reciente,mom14,20,2026-06-15,-0.0359251388256413,-0.0445794057180485,-0.027270871933234,BAJISTA
reciente,mom14,20,2026-06-22,-0.0421893485014766,-0.0569481542409718,-0.0274305427619814,BAJISTA
reciente,mom14,20,2026-06-29,-0.083175691067009,-0.1965538770794282,0.0302024949454101,BAJISTA
reciente,mom14,20,2026-07-06,-0.0570260075567615,-0.1637022661540037,0.0496502510404805,BAJISTA
reciente,mom14,20,2026-07-13,-0.2622826077573597,-0.0774292741095637,-0.4471359414051556,BAJISTA
reciente,mom14,20,2026-07-20,0.0496041799094217,0.0161716280085802,0.0830367318102631,BAJISTA
reciente,mom30,5,2024-08-05,-0.0824117335451,0.2003448820131557,-0.3651683491033559,ALCISTA
reciente,mom30,5,2024-08-12,-0.0064101853661255,-0.0207378708019935,0.0079175000697425,LATERAL_VOLATIL
reciente,mom30,5,2024-08-19,-0.0781270169705271,-0.0988278414965735,-0.0574261924444806,LATERAL_VOLATIL
reciente,mom30,5,2024-08-26,-0.1034155328627889,-0.1028542117059184,-0.1039768540196594,LATERAL_VOLATIL
reciente,mom30,5,2024-09-02,-0.0024440712620209,-0.0159441536254162,0.0110560111013743,LATERAL_VOLATIL
reciente,mom30,5,2024-09-09,-0.0170981445122888,-0.0546629616006355,0.0204666725760578,LATERAL_VOLATIL
reciente,mom30,5,2024-09-16,0.1195118108800684,0.2881812588729931,-0.0491576371128561,LATERAL_TRANQUILO
reciente,mom30,5,2024-09-23,0.0459031965293,0.0631544510649756,0.0286519419936244,LATERAL_TRANQUILO
reciente,mom30,5,2024-09-30,0.0655982749326946,0.0341042005294629,0.0970923493359262,LATERAL_TRANQUILO
reciente,mom30,5,2024-10-07,-0.0215745214214446,0.1938566737664479,-0.2370057166093372,BAJISTA
reciente,mom30,5,2024-10-14,-0.1031821896809755,-0.2770131244987244,0.0706487451367733,BAJISTA
reciente,mom30,5,2024-10-21,0.0014426645556362,-0.1189949642174583,0.1218802933287308,LATERAL_TRANQUILO
reciente,mom30,5,2024-10-28,-0.0211065696086384,-0.2122564534468635,0.1700433142295865,LATERAL_TRANQUILO
reciente,mom30,5,2024-11-04,-0.0519635840535312,0.4947605132626806,-0.598687681369743,LATERAL_TRANQUILO
reciente,mom30,5,2024-11-11,0.0670964365486551,0.0282807869106386,0.1059120861866715,EUFORIA
reciente,mom30,5,2024-11-18,0.0878811962981683,0.2551855784458891,-0.0794231858495524,EUFORIA
reciente,mom30,5,2024-11-25,0.1181853119861015,0.3593871247221313,-0.1230165007499283,EUFORIA
reciente,mom30,5,2024-12-02,-0.1302296330633859,-0.2164439754404878,-0.0440152906862841,EUFORIA
reciente,mom30,5,2024-12-09,0.0318355365781273,0.0271807196012731,0.0364903535549815,EUFORIA
reciente,mom30,5,2024-12-16,0.0402637224340567,-0.0993710561961663,0.1798985010642799,ALCISTA
reciente,mom30,5,2024-12-23,0.00014463904902,-0.0346426361624608,0.0349319142605008,ALCISTA
reciente,mom30,5,2024-12-30,-0.068227690458924,0.0450508540785096,-0.1815062349963576,ALCISTA
reciente,mom30,5,2025-01-06,-0.028609885943511,-0.2717934525803204,0.2145736806932983,ALCISTA
reciente,mom30,5,2025-01-13,0.1194149651361941,0.0052887460513215,0.2335411842210667,ALCISTA
reciente,mom30,5,2025-01-20,-0.0745930903249028,-0.2915843356833847,0.142398155033579,ALCISTA
reciente,mom30,5,2025-01-27,0.0861876066223275,-0.0340256798092066,0.2064008930538616,ALCISTA
reciente,mom30,5,2025-02-03,0.0378888939552109,-0.1066289195227817,0.1824067074332036,ALCISTA
reciente,mom30,5,2025-02-10,0.1345103676463248,0.0579989823212732,0.2110217529713763,ALCISTA
reciente,mom30,5,2025-02-17,0.0743765936670451,0.0363959957638655,0.1123571915702248,ALCISTA
reciente,mom30,5,2025-02-24,-0.1024177965982922,-0.0976379277766881,-0.1071976654198963,ALCISTA
reciente,mom30,5,2025-03-03,0.0522492223544696,-0.133564157927406,0.2380626026363453,ALCISTA
reciente,mom30,5,2025-03-10,0.0563622612567686,0.3026259541919752,-0.1899014316784379,ALCISTA
reciente,mom30,5,2025-03-17,-0.0613474085335137,0.0042487867717982,-0.1269436038388258,LATERAL_VOLATIL
reciente,mom30,5,2025-03-24,0.0482752894736086,-0.0877826486158753,0.1843332275630927,LATERAL_VOLATIL
reciente,mom30,5,2025-03-31,0.0714222345802087,-0.0680122461962392,0.2108567153566567,LATERAL_VOLATIL
reciente,mom30,5,2025-04-07,0.024494610823461,-0.0332554673107561,0.0822446889576783,LATERAL_VOLATIL
reciente,mom30,5,2025-04-14,0.0212899092273476,-0.0229650728830165,0.0655448913377118,LATERAL_VOLATIL
reciente,mom30,5,2025-04-21,-0.0771916441169615,0.0438378711867276,-0.1982211594206507,LATERAL_VOLATIL
reciente,mom30,5,2025-04-28,0.4084453137287894,0.6125469317565401,0.2043436957010388,LATERAL_VOLATIL
reciente,mom30,5,2025-05-05,-0.0839718659202414,0.026624862131469,-0.1945685939719518,LATERAL_VOLATIL
reciente,mom30,5,2025-05-12,0.0116839749916913,-0.1180561616594625,0.1414241116428453,LATERAL_TRANQUILO
reciente,mom30,5,2025-05-19,-0.0597749408008755,-0.0876397837135815,-0.0319100978881695,LATERAL_TRANQUILO
reciente,mom30,5,2025-05-26,0.0295112042061375,-0.0833217542647996,0.1423441626770746,ALCISTA
reciente,mom30,5,2025-06-02,-0.0180019902462953,-0.0243180398005546,-0.0116859406920359,ALCISTA
reciente,mom30,5,2025-06-09,-0.0150829171174311,-0.1631726171090232,0.1330067828741608,ALCISTA
reciente,mom30,5,2025-06-16,0.1162348033329103,0.0562913178504999,0.1761782888153207,ALCISTA
reciente,mom30,5,2025-06-23,0.0232082250239536,0.0260995539656628,0.0203168960822444,ALCISTA
reciente,mom30,5,2025-06-30,0.0298565216684514,-0.0017790474495192,0.0614920907864221,ALCISTA
reciente,mom30,5,2025-07-07,-0.0207802482826636,-0.041120663580218,-0.0004398329851091,ALCISTA
reciente,mom30,5,2025-07-14,0.0074052631837455,-0.0463179847307269,0.061128511098218,ALCISTA
reciente,mom30,5,2025-07-21,0.0659221769726296,-0.0074389058777335,0.1392832598229928,ALCISTA
reciente,mom30,5,2025-07-28,-0.0805600992204782,-0.18383496205013,0.0227147636091735,ALCISTA
reciente,mom30,5,2025-08-04,0.3097450832385141,0.7237541982935564,-0.1042640318165281,ALCISTA
reciente,mom30,5,2025-08-11,-0.1161426711858444,-0.2747150629514306,0.0424297205797416,ALCISTA
reciente,mom30,5,2025-08-18,0.0466033802810173,0.0319824931117027,0.0612242674503318,ALCISTA
reciente,mom30,5,2025-08-25,-0.1824573430706369,-0.11166968505029,-0.2532450010909838,ALCISTA
reciente,mom30,5,2025-09-01,1.2366240116492762,2.627341356326495,-0.1540933330279422,ALCISTA
reciente,mom30,5,2025-09-08,-0.0822325611752459,-0.039641184155435,-0.1248239381950567,ALCISTA
reciente,mom30,5,2025-09-15,0.074857781949305,-0.0734140551645063,0.2231296190631164,ALCISTA
reciente,mom30,5,2025-09-22,0.1414987081413087,-0.0255963998820786,0.3085938161646961,ALCISTA
reciente,mom30,5,2025-09-29,-0.0955710068485793,-0.1155570680393885,-0.0755849456577701,ALCISTA
reciente,mom30,5,2025-10-06,0.0618851485818108,-0.0350795923389341,0.1588498895025558,ALCISTA
reciente,mom30,5,2025-10-13,-0.0423971006778476,-0.1848536346737008,0.1000594333180055,ALCISTA
reciente,mom30,5,2025-10-20,0.0751134935666231,0.164897752176805,-0.0146707650435587,ALCISTA
reciente,mom30,5,2025-10-27,0.0449101151014423,-0.1936142688813502,0.2834344990842348,ALCISTA
reciente,mom30,5,2025-11-03,-0.1578783139517354,-0.2214751164897755,-0.0942815114136953,ALCISTA
reciente,mom30,5,2025-11-10,-0.0762420502757118,-0.3228770939260766,0.1703929933746529,LATERAL_TRANQUILO
reciente,mom30,5,2025-11-17,0.0408398698231844,-0.094833622077696,0.176513361724065,LATERAL_TRANQUILO
reciente,mom30,5,2025-11-24,0.006236121866336,-0.1123144630390272,0.1247867067716994,LATERAL_TRANQUILO
reciente,mom30,5,2025-12-01,0.0103910443414406,0.0254543719825314,-0.0046722832996501,BAJISTA
reciente,mom30,5,2025-12-08,0.1832991291650392,0.2292499743610303,0.1373482839690482,BAJISTA
reciente,mom30,5,2025-12-15,-0.138505847494574,-0.2632827033448954,-0.0137289916442525,BAJISTA
reciente,mom30,5,2025-12-22,-0.062840693122159,-0.0467688732821694,-0.0789125129621485,BAJISTA
reciente,mom30,5,2025-12-29,-0.1507782129549634,-0.177400792845067,-0.1241556330648599,BAJISTA
reciente,mom30,5,2026-01-05,0.0451603560020142,-0.0264491184351832,0.1167698304392117,BAJISTA
reciente,mom30,5,2026-01-12,0.1103471362930665,0.0071919335607681,0.2135023390253649,BAJISTA
reciente,mom30,5,2026-01-19,0.1576497736846309,0.1560153736283757,0.159284173740886,BAJISTA
reciente,mom30,5,2026-01-26,-0.0132151436396329,-0.3036156243485053,0.2771853370692393,BAJISTA
reciente,mom30,5,2026-02-02,-0.0573934444686962,-0.1542781798607189,0.0394912909233264,BAJISTA
reciente,mom30,5,2026-02-09,-0.1587951544398855,-0.096311231763248,-0.2212790771165229,BAJISTA
reciente,mom30,5,2026-02-16,0.1047511923520577,0.1418845132862066,0.0676178714179088,BAJISTA
reciente,mom30,5,2026-02-23,0.3038947903072144,0.6265443166260444,-0.0187547360116154,BAJISTA
reciente,mom30,5,2026-03-02,-0.1195631162902496,-0.3225429387589807,0.0834167061784815,BAJISTA
reciente,mom30,5,2026-03-09,-0.135123692251899,-0.1072065637172955,-0.1630408207865024,BAJISTA
reciente,mom30,5,2026-03-16,0.5150696010067363,0.8155097315892538,0.2146294704242186,BAJISTA
reciente,mom30,5,2026-03-23,0.0740147884291974,-0.0738516141490463,0.2218811910074412,BAJISTA
reciente,mom30,5,2026-03-30,-0.0959705380176604,0.1186049912191986,-0.3105460672545195,BAJISTA
reciente,mom30,5,2026-04-06,0.0145539504469281,-0.0028706150129828,0.0319785159068392,BAJISTA
reciente,mom30,5,2026-04-13,-0.1980560286139237,-0.4405048564694756,0.0443927992416282,BAJISTA
reciente,mom30,5,2026-04-20,-0.1550410077263924,-0.1936341747114654,-0.1164478407413193,BAJISTA
reciente,mom30,5,2026-04-27,0.0873568966243862,0.208231979742514,-0.0335181864937416,BAJISTA
reciente,mom30,5,2026-05-04,0.1730883311305446,0.3902458615680146,-0.0440691993069253,BAJISTA
reciente,mom30,5,2026-05-11,-0.0106020823349648,-0.168924682396029,0.1477205177260993,BAJISTA
reciente,mom30,5,2026-05-18,0.0282832334054356,-0.0322863992695528,0.0888528660804242,BAJISTA
reciente,mom30,5,2026-05-25,0.1731018770034729,0.3079230349154647,0.0382807190914811,BAJISTA
reciente,mom30,5,2026-06-01,-0.2247392466022726,-0.3794603532567438,-0.0700181399478013,BAJISTA
reciente,mom30,5,2026-06-08,0.0427801672317153,-0.0173563482983989,0.1029166827618296,BAJISTA
reciente,mom30,5,2026-06-15,0.0054196741058269,-0.0751317180588508,0.0859710662705047,BAJISTA
reciente,mom30,5,2026-06-22,0.3052352683959495,0.3862449857192284,0.2242255510726705,BAJISTA
reciente,mom30,5,2026-06-29,-0.1710645183367321,-0.2690243202534928,-0.0731047164199714,BAJISTA
reciente,mom30,5,2026-07-06,-0.0046447890612642,-0.236073519232429,0.2267839411099005,BAJISTA
reciente,mom30,5,2026-07-13,0.0799162692458486,0.0847567391814327,0.0750757993102646,BAJISTA
reciente,mom30,5,2026-07-20,0.1517795625922687,0.221727262275265,0.0818318629092723,BAJISTA
reciente,mom30,10,2024-08-05,-0.0855555683784646,0.1268827709947778,-0.2979939077517071,ALCISTA
reciente,mom30,10,2024-08-12,-0.0192519830398436,-0.0519371059593492,0.0134331398796619,LATERAL_VOLATIL
reciente,mom30,10,2024-08-19,-0.0531877874067734,-0.0329338806635471,-0.0734416941499997,LATERAL_VOLATIL
reciente,mom30,10,2024-08-26,-0.0542227155754521,-0.1272319104253634,0.0187864792744591,LATERAL_VOLATIL
reciente,mom30,10,2024-09-02,0.0045207334049356,0.0147904674988658,-0.0057490006889946,LATERAL_VOLATIL
reciente,mom30,10,2024-09-09,0.049074776310903,0.0540844567099335,0.0440650959118725,LATERAL_VOLATIL
reciente,mom30,10,2024-09-16,0.0372867029147456,0.2606116367670645,-0.1860382309375732,LATERAL_TRANQUILO
reciente,mom30,10,2024-09-23,-0.0092033236614993,0.027313762197529,-0.0457204095205278,LATERAL_TRANQUILO
reciente,mom30,10,2024-09-30,0.0564337162050465,0.0337720752685991,0.0790953571414939,LATERAL_TRANQUILO
reciente,mom30,10,2024-10-07,0.0030379434958318,0.1600309408739354,-0.1539550538822718,BAJISTA
reciente,mom30,10,2024-10-14,-0.0426736678937226,-0.1612055675771474,0.0758582317897021,BAJISTA
reciente,mom30,10,2024-10-21,-0.0017968241356531,-0.1020039385992601,0.0984102903279538,LATERAL_TRANQUILO
reciente,mom30,10,2024-10-28,-0.0190523917573676,-0.1750997386850602,0.1369949551703249,LATERAL_TRANQUILO
reciente,mom30,10,2024-11-04,0.0149821621892616,0.4902755835750541,-0.4603112591965307,LATERAL_TRANQUILO
reciente,mom30,10,2024-11-11,0.0207099340375837,-0.0238984304265052,0.0653182985016727,EUFORIA
reciente,mom30,10,2024-11-18,0.0455712958133206,0.1428581607251657,-0.0517155690985244,EUFORIA
reciente,mom30,10,2024-11-25,0.1127171696640105,0.3797396330398863,-0.1543052937118652,EUFORIA
reciente,mom30,10,2024-12-02,-0.0253409557495319,-0.074690928945776,0.024009017446712,EUFORIA
reciente,mom30,10,2024-12-09,-0.0008437004520609,0.0345733174417928,-0.0362607183459147,EUFORIA
reciente,mom30,10,2024-12-16,0.0317311768812936,-0.1202415945671461,0.1837039483297334,ALCISTA
reciente,mom30,10,2024-12-23,0.0072160217646217,-0.0545478268426914,0.0689798703719349,ALCISTA
reciente,mom30,10,2024-12-30,-0.0570089919349974,0.067783303363778,-0.1818012872337728,ALCISTA
reciente,mom30,10,2025-01-06,-0.0050510823020118,-0.2644150959916939,0.2543129313876703,ALCISTA
reciente,mom30,10,2025-01-13,0.1026667304256777,-0.0118915588957993,0.2172250197471547,ALCISTA
reciente,mom30,10,2025-01-20,-0.0343491775278664,-0.17515679659185,0.1064584415361172,ALCISTA
reciente,mom30,10,2025-01-27,0.0913389919612712,-0.0561634303263643,0.2388414142489067,ALCISTA
reciente,mom30,10,2025-02-03,-0.0052342608132129,-0.1272263435793736,0.1167578219529477,ALCISTA
reciente,mom30,10,2025-02-10,0.0754992406798996,0.0117620596906697,0.1392364216691295,ALCISTA
reciente,mom30,10,2025-02-17,0.0183757928329843,-0.0582087700221283,0.0949603556880969,ALCISTA
reciente,mom30,10,2025-02-24,-0.2446717163578414,-0.0995535841104792,-0.3897898486052035,ALCISTA
reciente,mom30,10,2025-03-03,0.069342282192173,-0.1091577844831163,0.2478423488674625,ALCISTA
reciente,mom30,10,2025-03-10,-0.0234946041439835,0.1408959946467636,-0.1878852029347306,ALCISTA
reciente,mom30,10,2025-03-17,-0.0387501834478655,0.0586449721385743,-0.1361453390343055,LATERAL_VOLATIL
reciente,mom30,10,2025-03-24,0.0352259670350496,-0.1055966467726645,0.1760485808427637,LATERAL_VOLATIL
reciente,mom30,10,2025-03-31,0.0494639914368728,-0.1093103418777555,0.2082383247515013,LATERAL_VOLATIL
reciente,mom30,10,2025-04-07,0.0067189557174726,-0.0293243227350412,0.0427622341699866,LATERAL_VOLATIL
reciente,mom30,10,2025-04-14,-0.1385996195981613,-0.0181190260734776,-0.259080213122845,LATERAL_VOLATIL
reciente,mom30,10,2025-04-21,-0.1010811380597599,0.036335321779229,-0.2384975978987489,LATERAL_VOLATIL
reciente,mom30,10,2025-04-28,0.2206197237231618,0.32004839663371,0.1211910508126136,LATERAL_VOLATIL
reciente,mom30,10,2025-05-05,-0.0560484359959608,0.1215130836064482,-0.23360995559837,LATERAL_VOLATIL
reciente,mom30,10,2025-05-12,0.0016026984435424,-0.1536210863151616,0.1568264832022465,LATERAL_TRANQUILO
reciente,mom30,10,2025-05-19,-0.0512218264523467,-0.0661917976407635,-0.0362518552639299,LATERAL_TRANQUILO
reciente,mom30,10,2025-05-26,0.0105905483358492,-0.0856360329907273,0.1068171296624257,ALCISTA
reciente,mom30,10,2025-06-02,0.0003793143079405,-0.0062687027849089,0.00702733140079,ALCISTA
reciente,mom30,10,2025-06-09,-0.0053724132587786,-0.1798193567605617,0.1690745302430043,ALCISTA
reciente,mom30,10,2025-06-16,0.0781722741931919,0.0420445353861722,0.1143000130002116,ALCISTA
reciente,mom30,10,2025-06-23,0.013574470602405,0.0042780456201988,0.0228708955846112,ALCISTA
reciente,mom30,10,2025-06-30,-0.0123187499930844,-0.0084682792987595,-0.0161692206874093,ALCISTA
reciente,mom30,10,2025-07-07,-0.0194435302300244,0.0972679645550538,-0.1361550250151028,ALCISTA
reciente,mom30,10,2025-07-14,0.0071005942315935,0.0697357010186549,-0.0555345125554678,ALCISTA
reciente,mom30,10,2025-07-21,0.0141135680188892,-0.0396362919242785,0.0678634279620571,ALCISTA
reciente,mom30,10,2025-07-28,-0.0476943977116319,-0.1333000793760088,0.0379112839527449,ALCISTA
reciente,mom30,10,2025-08-04,0.1455313959868948,0.4291512719496837,-0.138088479975894,ALCISTA
reciente,mom30,10,2025-08-11,0.0390913849964113,0.0286978339680937,0.0494849360247289,ALCISTA
reciente,mom30,10,2025-08-18,0.0577145130137042,0.0270128152057294,0.088416210821679,ALCISTA
reciente,mom30,10,2025-08-25,-0.1401084114170797,-0.1492527100364639,-0.1309641127976954,ALCISTA
reciente,mom30,10,2025-09-01,0.6923576079639733,1.53007599166791,-0.1453607757399635,ALCISTA
reciente,mom30,10,2025-09-08,-0.0341905989602194,-0.0205903548466212,-0.0477908430738175,ALCISTA
reciente,mom30,10,2025-09-15,0.0840870825167439,-0.0266754085939399,0.1948495736274279,ALCISTA
reciente,mom30,10,2025-09-22,0.0565273598885032,-0.0572035173802716,0.1702582371572782,ALCISTA
reciente,mom30,10,2025-09-29,-0.0637923735615985,-0.0396679650176532,-0.0879167821055437,ALCISTA
reciente,mom30,10,2025-10-06,0.0576469735436525,0.0188314553741301,0.0964624917131749,ALCISTA
reciente,mom30,10,2025-10-13,-0.0269060043647816,-0.1722257856867191,0.1184137769571558,ALCISTA
reciente,mom30,10,2025-10-20,0.0780872124534022,0.1569889519599434,-0.0008145270531388,ALCISTA
reciente,mom30,10,2025-10-27,0.1287895284391205,0.0340895963627635,0.2234894605154774,ALCISTA
reciente,mom30,10,2025-11-03,-0.1907839354572935,-0.2274625196850611,-0.154105351229526,ALCISTA
reciente,mom30,10,2025-11-10,-0.0335728062214586,-0.2688429294785395,0.2016973170356221,LATERAL_TRANQUILO
reciente,mom30,10,2025-11-17,-0.0018503942673537,-0.1548072536055705,0.1511064650708629,LATERAL_TRANQUILO
reciente,mom30,10,2025-11-24,0.0831017936152928,0.0278839145620867,0.1383196726684989,LATERAL_TRANQUILO
reciente,mom30,10,2025-12-01,-0.0427827772622834,-0.0722124783505404,-0.0133530761740265,BAJISTA
reciente,mom30,10,2025-12-08,0.1507828968489411,0.1540711569254282,0.147494636772454,BAJISTA
reciente,mom30,10,2025-12-15,-0.1020851448026095,-0.2199129807622026,0.0157426911569835,BAJISTA
reciente,mom30,10,2025-12-22,-0.0638871194525816,-0.0560472838088953,-0.0717269550962678,BAJISTA
reciente,mom30,10,2025-12-29,-0.1522721599763071,-0.1576909899471739,-0.1468533300054404,BAJISTA
reciente,mom30,10,2026-01-05,0.1000177773638788,0.0504392996532401,0.1495962550745175,BAJISTA
reciente,mom30,10,2026-01-12,0.1336293899972789,0.1091365444134509,0.1581222355811068,BAJISTA
reciente,mom30,10,2026-01-19,0.1429992331790283,0.1455570605684253,0.1404414057896313,BAJISTA
reciente,mom30,10,2026-01-26,-0.0216982784358882,-0.2075571942838815,0.164160637412105,BAJISTA
reciente,mom30,10,2026-02-02,-0.0424737822603985,-0.1138830891095714,0.0289355245887742,BAJISTA
reciente,mom30,10,2026-02-09,-0.0903989778673389,-0.0442316775611025,-0.1365662781735754,BAJISTA
reciente,mom30,10,2026-02-16,0.1263418121597791,0.1189986059342494,0.1336850183853088,BAJISTA
reciente,mom30,10,2026-02-23,0.0996179394849191,0.1906314220294854,0.0086044569403527,BAJISTA
reciente,mom30,10,2026-03-02,-0.0526877941795408,-0.1513676838329987,0.0459920954739171,BAJISTA
reciente,mom30,10,2026-03-09,-0.0761809533370794,-0.0216972909352254,-0.1306646157389334,BAJISTA
reciente,mom30,10,2026-03-16,0.2993820125120863,0.4436663963341042,0.1550976286900684,BAJISTA
reciente,mom30,10,2026-03-23,-0.0218957593646252,-0.1965422153184984,0.1527506965892479,BAJISTA
reciente,mom30,10,2026-03-30,-0.0464777904050712,0.0438849244496607,-0.1368405052598031,BAJISTA
reciente,mom30,10,2026-04-06,0.0647890441489221,0.1644821545805562,-0.034904066282712,BAJISTA
reciente,mom30,10,2026-04-13,-0.0456537716569705,-0.1744727886332993,0.0831652453193581,BAJISTA
reciente,mom30,10,2026-04-20,-0.0162170199987733,-0.0004023403126915,-0.0320316996848551,BAJISTA
reciente,mom30,10,2026-04-27,0.1359915743399223,0.2953229551797423,-0.0233398064998975,BAJISTA
reciente,mom30,10,2026-05-04,0.0610170315941138,0.1458615697357542,-0.0238275065475264,BAJISTA
reciente,mom30,10,2026-05-11,-0.0286372416548679,-0.1789252749369835,0.1216507916272475,BAJISTA
reciente,mom30,10,2026-05-18,0.0337234211546032,-0.0161177582572272,0.0835646005664337,BAJISTA
reciente,mom30,10,2026-05-25,0.057400663477356,0.0900261340591005,0.0247751928956114,BAJISTA
reciente,mom30,10,2026-06-01,0.0074016620085139,0.0059665207163793,0.0088368033006486,BAJISTA
reciente,mom30,10,2026-06-08,-0.0753867781079813,0.0288485813033539,-0.1796221375193166,BAJISTA
reciente,mom30,10,2026-06-15,0.0398142467123831,0.0417850990667242,0.037843394358042,BAJISTA
reciente,mom30,10,2026-06-22,0.1074038873763718,0.103240116091433,0.1115676586613106,BAJISTA
reciente,mom30,10,2026-06-29,-0.1158427548508128,-0.1889965702016787,-0.042688939499947,BAJISTA
reciente,mom30,10,2026-07-06,0.0087578430187421,-0.1716300244713328,0.189145710508817,BAJISTA
reciente,mom30,10,2026-07-13,-0.0056827463911038,-0.0404685112750559,0.0291030184928483,BAJISTA
reciente,mom30,10,2026-07-20,0.0967546487061557,0.0990530743464792,0.0944562230658323,BAJISTA
reciente,mom30,20,2024-08-05,-0.0465759885447929,0.1640632401021426,-0.2572152171917286,ALCISTA
reciente,mom30,20,2024-08-12,-0.0034632786159265,-0.0205259336370892,0.013599376405236,LATERAL_VOLATIL
reciente,mom30,20,2024-08-19,-0.041184883776933,-0.0020244108105428,-0.0803453567433231,LATERAL_VOLATIL
reciente,mom30,20,2024-08-26,-0.0354251957765809,-0.1119774671684411,0.0411270756152791,LATERAL_VOLATIL
reciente,mom30,20,2024-09-02,-0.0116202123568548,-0.0112808481116306,-0.011959576602079,LATERAL_VOLATIL
reciente,mom30,20,2024-09-09,0.0240280728972706,0.0079910303459468,0.0400651154485944,LATERAL_VOLATIL
reciente,mom30,20,2024-09-16,0.0163965569511505,0.2103408696279407,-0.1775477557256396,LATERAL_TRANQUILO
reciente,mom30,20,2024-09-23,-0.0252287058279179,-0.0007292538143457,-0.0497281578414902,LATERAL_TRANQUILO
reciente,mom30,20,2024-09-30,0.0345787029831067,-0.004356970293677,0.0735143762598906,LATERAL_TRANQUILO
reciente,mom30,20,2024-10-07,0.0365578705667071,0.1842726259397284,-0.1111568848063141,BAJISTA
reciente,mom30,20,2024-10-14,-0.0299891120189265,-0.1213105971613369,0.0613323731234838,BAJISTA
reciente,mom30,20,2024-10-21,0.0209565572961089,-0.0603703210382833,0.1022834356305012,LATERAL_TRANQUILO
reciente,mom30,20,2024-10-28,-0.0152614399843438,-0.1609541573236224,0.1304312773549347,LATERAL_TRANQUILO
reciente,mom30,20,2024-11-04,-0.009419236316638,0.4648867336752551,-0.4837252063085312,LATERAL_TRANQUILO
reciente,mom30,20,2024-11-11,0.0083500209796826,-0.0157614153258903,0.0324614572852556,EUFORIA
reciente,mom30,20,2024-11-18,0.0039481904249112,0.0825843573015572,-0.0746879764517346,EUFORIA
reciente,mom30,20,2024-11-25,0.0832392532403118,0.3077916507708746,-0.141313144290251,EUFORIA
reciente,mom30,20,2024-12-02,-0.0542634886542138,-0.0586094257077936,-0.0499175516006339,EUFORIA
reciente,mom30,20,2024-12-09,-0.0492898001757799,-0.0102173071954576,-0.0883622931561023,EUFORIA
reciente,mom30,20,2024-12-16,0.0313151438293514,-0.1335671505327827,0.1961974381914857,ALCISTA
reciente,mom30,20,2024-12-23,-0.010787911341156,-0.0810027403177725,0.0594269176354604,ALCISTA
reciente,mom30,20,2024-12-30,-0.0396241657301515,0.0848634969113201,-0.1641118283716232,ALCISTA
reciente,mom30,20,2025-01-06,0.0165120730142715,-0.2148236941968997,0.2478478402254428,ALCISTA
reciente,mom30,20,2025-01-13,0.0630649614714891,-0.028319833446953,0.1544497563899313,ALCISTA
reciente,mom30,20,2025-01-20,0.0199577173872287,-0.0807781435595756,0.1206935783340332,ALCISTA
reciente,mom30,20,2025-01-27,0.0799596960167447,-0.0822195257206141,0.2421389177541036,ALCISTA
reciente,mom30,20,2025-02-03,0.0039694662520441,-0.1036940324736258,0.1116329649777141,ALCISTA
reciente,mom30,20,2025-02-10,0.0578312239079018,0.001844848740335,0.1138175990754685,ALCISTA
reciente,mom30,20,2025-02-17,0.0170318832695377,-0.0678334006626444,0.1018971672017198,ALCISTA
reciente,mom30,20,2025-02-24,-0.14080472190323,-0.104377786773704,-0.1772316570327561,ALCISTA
reciente,mom30,20,2025-03-03,0.0403175744363551,-0.1386746426833892,0.2193097915560994,ALCISTA
reciente,mom30,20,2025-03-10,-0.015338471934046,0.1065612182410584,-0.1372381621091505,ALCISTA
reciente,mom30,20,2025-03-17,-0.0123215683572149,0.047274045469426,-0.0719171821838559,LATERAL_VOLATIL
reciente,mom30,20,2025-03-24,0.0229977721855693,-0.1252964107919204,0.1712919551630592,LATERAL_VOLATIL
reciente,mom30,20,2025-03-31,0.0201242188545487,-0.1299437095971299,0.1701921473062273,LATERAL_VOLATIL
reciente,mom30,20,2025-04-07,0.0582384375901133,0.0411861418272775,0.0752907333529492,LATERAL_VOLATIL
reciente,mom30,20,2025-04-14,-0.1235836603776149,-0.0064503377148437,-0.240716983040386,LATERAL_VOLATIL
reciente,mom30,20,2025-04-21,-0.1013438284364983,0.0933248503019955,-0.2960125071749922,LATERAL_VOLATIL
reciente,mom30,20,2025-04-28,0.0844154143560791,0.1000838027287679,0.0687470259833902,LATERAL_VOLATIL
reciente,mom30,20,2025-05-05,-0.0370016513933856,0.2063716347154648,-0.2803749375022362,LATERAL_VOLATIL
reciente,mom30,20,2025-05-12,-0.0280870423332303,-0.1678486400644621,0.1116745553980014,LATERAL_TRANQUILO
reciente,mom30,20,2025-05-19,-0.0105680036997809,-0.0320307536487993,0.0108947462492374,LATERAL_TRANQUILO
reciente,mom30,20,2025-05-26,0.0050760689967454,-0.1022797374483052,0.1124318754417961,ALCISTA
reciente,mom30,20,2025-06-02,0.0049416108324615,0.0109474259215119,-0.0010642042565889,ALCISTA
reciente,mom30,20,2025-06-09,-0.0071732075854145,-0.1701126797510428,0.1557662645802136,ALCISTA
reciente,mom30,20,2025-06-16,0.0538522463236032,0.0302534418625807,0.0774510507846258,ALCISTA
reciente,mom30,20,2025-06-23,0.010344594465444,-0.0120991473070349,0.032788336237923,ALCISTA
reciente,mom30,20,2025-06-30,-0.0500193174976082,-0.0499011842188588,-0.0501374507763576,ALCISTA
reciente,mom30,20,2025-07-07,0.0199715147073515,0.1011714245622213,-0.0612283951475182,ALCISTA
reciente,mom30,20,2025-07-14,-0.0347865908685318,0.0257774730307683,-0.0953506547678321,ALCISTA
reciente,mom30,20,2025-07-21,0.0057800181724924,-0.0473933141703545,0.0589533505153394,ALCISTA
reciente,mom30,20,2025-07-28,-0.0295437298947743,-0.070165215203532,0.0110777554139832,ALCISTA
reciente,mom30,20,2025-08-04,0.0501559586136559,0.208698245793533,-0.1083863285662211,ALCISTA
reciente,mom30,20,2025-08-11,-0.0002814135951581,-0.0258150789942633,0.025252251803947,ALCISTA
reciente,mom30,20,2025-08-18,0.028628244550137,-0.0378788683834858,0.0951353574837598,ALCISTA
reciente,mom30,20,2025-08-25,-0.0441748817739241,-0.0479772981006008,-0.0403724654472474,ALCISTA
reciente,mom30,20,2025-09-01,0.3266112239923919,0.7904679597672057,-0.1372455117824217,ALCISTA
reciente,mom30,20,2025-09-08,-0.0442982609851463,0.0175716737854795,-0.1061681957557721,ALCISTA
reciente,mom30,20,2025-09-15,0.033819263560805,-0.0292161648172041,0.0968546919388141,ALCISTA
reciente,mom30,20,2025-09-22,0.0419038635660249,0.0039503311602216,0.0798573959718283,ALCISTA
reciente,mom30,20,2025-09-29,-0.0070888295549612,0.1060217541086073,-0.1201994132185298,ALCISTA
reciente,mom30,20,2025-10-06,0.0970220348919744,0.0305152606716922,0.1635288091122566,ALCISTA
reciente,mom30,20,2025-10-13,-0.0124051389055738,-0.1293326884106659,0.1045224105995182,ALCISTA
reciente,mom30,20,2025-10-20,0.014561394147487,0.0393856674426737,-0.0102628791476997,ALCISTA
reciente,mom30,20,2025-10-27,0.0928686704848677,-0.0019212753922049,0.1876586163619403,ALCISTA
reciente,mom30,20,2025-11-03,-0.098545883083007,-0.0271060944561277,-0.1699856717098863,ALCISTA
reciente,mom30,20,2025-11-10,0.0763556936249852,-0.0868873743986653,0.2395987616486358,LATERAL_TRANQUILO
reciente,mom30,20,2025-11-17,-0.000913613652248,-0.0955238498465464,0.0936966225420503,LATERAL_TRANQUILO
reciente,mom30,20,2025-11-24,0.0579728624267968,-0.0298917461250993,0.145837470978693,LATERAL_TRANQUILO
reciente,mom30,20,2025-12-01,-0.0318139041168518,-0.0385633570632969,-0.0250644511704066,BAJISTA
reciente,mom30,20,2025-12-08,0.1107646955955208,0.0386709743908593,0.1828584168001823,BAJISTA
reciente,mom30,20,2025-12-15,-0.0943577069517727,-0.1136846405780954,-0.07503077332545,BAJISTA
reciente,mom30,20,2025-12-22,-0.0425186004538926,-0.0523468093759826,-0.0326903915318026,BAJISTA
reciente,mom30,20,2025-12-29,-0.0791907364440867,0.0440303757365112,-0.2024118486246846,BAJISTA
reciente,mom30,20,2026-01-05,0.0340718673588247,-0.0267879341551438,0.0949316688727933,BAJISTA
reciente,mom30,20,2026-01-12,0.0758081107942777,0.0579503935238124,0.0936658280647429,BAJISTA
reciente,mom30,20,2026-01-19,0.0564717579163354,0.0475098769065031,0.0654336389261677,BAJISTA
reciente,mom30,20,2026-01-26,-0.0130260330225994,-0.1599815961024557,0.1339295300572567,BAJISTA
reciente,mom30,20,2026-02-02,-0.0104907753697971,-0.0368052858007072,0.015823735061113,BAJISTA
reciente,mom30,20,2026-02-09,0.0097247776642044,0.1035828125739467,-0.0841332572455378,BAJISTA
reciente,mom30,20,2026-02-16,0.1014225445369937,0.0813793632034383,0.1214657258705491,BAJISTA
reciente,mom30,20,2026-02-23,0.0647168984686553,0.1280779023634252,0.0013558945738854,BAJISTA
reciente,mom30,20,2026-03-02,0.0236414776398076,0.0148576595670015,0.0324252957126137,BAJISTA
reciente,mom30,20,2026-03-09,-0.0309530874680669,0.036368197258106,-0.09827437219424,BAJISTA
reciente,mom30,20,2026-03-16,0.182415160719621,0.1708103848830806,0.1940199365561614,BAJISTA
reciente,mom30,20,2026-03-23,-0.0315089636814115,-0.138952519249119,0.0759345918862958,BAJISTA
reciente,mom30,20,2026-03-30,-0.0545020270337967,0.0541641930973702,-0.1631682471649638,BAJISTA
reciente,mom30,20,2026-04-06,0.0122722991341935,0.0921463404728421,-0.067601742204455,BAJISTA
reciente,mom30,20,2026-04-13,-0.0247222756433677,-0.0765681664843509,0.0271236151976154,BAJISTA
reciente,mom30,20,2026-04-20,-0.0042594684803551,0.0009537299699448,-0.0094726669306552,BAJISTA
reciente,mom30,20,2026-04-27,0.1088282521285549,0.3410133201359888,-0.1233568158788789,BAJISTA
reciente,mom30,20,2026-05-04,-0.0261567054944551,0.0265818653613317,-0.0788952763502421,BAJISTA
reciente,mom30,20,2026-05-11,-0.0396041719167969,-0.1527565634886516,0.0735482196550577,BAJISTA
reciente,mom30,20,2026-05-18,-0.0311865705577556,-0.0283289280706986,-0.0340442130448126,BAJISTA
reciente,mom30,20,2026-05-25,0.0750481962411529,0.1127621361469627,0.0373342563353432,BAJISTA
reciente,mom30,20,2026-06-01,0.0361626781382478,-0.0104198233596643,0.08274517963616,BAJISTA
reciente,mom30,20,2026-06-08,-0.0615592629368002,-0.0121876676366296,-0.1109308582369707,BAJISTA
reciente,mom30,20,2026-06-15,0.0123413051413991,-0.0231660586026179,0.0478486688854162,BAJISTA
reciente,mom30,20,2026-06-22,0.0311086094709453,-0.006404012652405,0.0686212315942957,BAJISTA
reciente,mom30,20,2026-06-29,-0.0904995676332069,-0.0727221709030928,-0.1082769643633209,BAJISTA
reciente,mom30,20,2026-07-06,-0.0656033280191001,-0.2205150021763625,0.0893083461381622,BAJISTA
reciente,mom30,20,2026-07-13,-0.0269129039356787,0.0084451352812991,-0.0622709431526567,BAJISTA
reciente,mom30,20,2026-07-20,0.0235860060926296,0.0084837172796422,0.038688294905617,BAJISTA
