ts,ronda,estrategia,marco_min,params,salida,segmento,regimen,lado,n_ops,exp_R,beneficio_usd,sharpe_periodo,tramo
1790810557,1,ema_cross,15,"{""k_atr"": 2.0, ""lenta"": 21, ""rapida"": 9}",obj1R,reducido50,todos,ambos,122688,-0.14762,-45534.02,-0.60375,busqueda_24m
1790810557,1,ema_cross,15,"{""k_atr"": 2.0, ""lenta"": 21, ""rapida"": 9}",obj1R,reducido50,todos,long,61349,-0.17866,-27225.1,-0.37622,busqueda_24m
1790810557,1,ema_cross,15,"{""k_atr"": 2.0, ""lenta"": 21, ""rapida"": 9}",obj1R,reducido50,todos,short,61339,-0.11657,-18308.92,-0.24706,busqueda_24m
1790810557,1,ema_cross,15,"{""k_atr"": 2.0, ""lenta"": 21, ""rapida"": 9}",obj2R,reducido50,todos,ambos,122688,-0.13939,-42763.55,-0.38854,busqueda_24m
1790810557,1,ema_cross,15,"{""k_atr"": 2.0, ""lenta"": 21, ""rapida"": 9}",obj2R,reducido50,todos,long,61349,-0.17817,-26662.29,-0.25956,busqueda_24m
1790810557,1,ema_cross,15,"{""k_atr"": 2.0, ""lenta"": 21, ""rapida"": 9}",obj2R,reducido50,todos,short,61339,-0.10061,-16101.26,-0.14522,busqueda_24m
1790810557,1,ema_cross,15,"{""k_atr"": 2.0, ""lenta"": 21, ""rapida"": 9}",obj3R,reducido50,todos,ambos,122688,-0.1407,-44077.62,-0.33618,busqueda_24m
1790810557,1,ema_cross,15,"{""k_atr"": 2.0, ""lenta"": 21, ""rapida"": 9}",obj3R,reducido50,todos,long,61349,-0.17535,-26436.76,-0.23328,busqueda_24m
1790810557,1,ema_cross,15,"{""k_atr"": 2.0, ""lenta"": 21, ""rapida"": 9}",obj3R,reducido50,todos,short,61339,-0.10605,-17640.86,-0.14005,busqueda_24m
1790810557,1,ema_cross,15,"{""k_atr"": 2.0, ""lenta"": 21, ""rapida"": 9}",trail2R,reducido50,todos,ambos,122688,-0.14066,-44743.35,-0.31171,busqueda_24m
1790810557,1,ema_cross,15,"{""k_atr"": 2.0, ""lenta"": 21, ""rapida"": 9}",trail2R,reducido50,todos,long,61349,-0.17434,-26152.28,-0.2311,busqueda_24m
1790810557,1,ema_cross,15,"{""k_atr"": 2.0, ""lenta"": 21, ""rapida"": 9}",trail2R,reducido50,todos,short,61339,-0.10698,-18591.07,-0.14381,busqueda_24m
1790810557,1,ema_cross,15,"{""k_atr"": 2.0, ""lenta"": 21, ""rapida"": 9}",trail3R,reducido50,todos,ambos,122688,-0.13834,-44428.93,-0.28608,busqueda_24m
1790810557,1,ema_cross,15,"{""k_atr"": 2.0, ""lenta"": 21, ""rapida"": 9}",trail3R,reducido50,todos,long,61349,-0.17485,-26203.08,-0.21733,busqueda_24m
1790810557,1,ema_cross,15,"{""k_atr"": 2.0, ""lenta"": 21, ""rapida"": 9}",trail3R,reducido50,todos,short,61339,-0.10182,-18225.84,-0.12833,busqueda_24m
1790810557,1,ema_cross,15,"{""k_atr"": 2.0, ""lenta"": 21, ""rapida"": 9}",obj3R_be,reducido50,todos,ambos,122688,-0.14186,-44694.82,-0.34847,busqueda_24m
1790810557,1,ema_cross,15,"{""k_atr"": 2.0, ""lenta"": 21, ""rapida"": 9}",obj3R_be,reducido50,todos,long,61349,-0.17725,-26780.51,-0.24663,busqueda_24m
1790810557,1,ema_cross,15,"{""k_atr"": 2.0, ""lenta"": 21, ""rapida"": 9}",obj3R_be,reducido50,todos,short,61339,-0.10647,-17914.31,-0.15069,busqueda_24m
1790810557,1,ema_cross,15,"{""k_atr"": 2.0, ""lenta"": 21, ""rapida"": 9}",obj5pct,reducido50,todos,ambos,122688,-0.15161,-47318.05,-1.4046,busqueda_24m
1790810557,1,ema_cross,15,"{""k_atr"": 2.0, ""lenta"": 21, ""rapida"": 9}",obj5pct,reducido50,todos,long,61349,-0.16929,-26203.94,-0.90374,busqueda_24m
1790810557,1,ema_cross,15,"{""k_atr"": 2.0, ""lenta"": 21, ""rapida"": 9}",obj5pct,reducido50,todos,short,61339,-0.13393,-21114.11,-0.75472,busqueda_24m
1790810557,1,ema_cross,15,"{""k_atr"": 2.0, ""lenta"": 21, ""rapida"": 9}",obj10pct,reducido50,todos,ambos,122688,-0.14662,-46310.22,-0.9052,busqueda_24m
1790810557,1,ema_cross,15,"{""k_atr"": 2.0, ""lenta"": 21, ""rapida"": 9}",obj10pct,reducido50,todos,long,61349,-0.1722,-26988.17,-0.56256,busqueda_24m
1790810557,1,ema_cross,15,"{""k_atr"": 2.0, ""lenta"": 21, ""rapida"": 9}",obj10pct,reducido50,todos,short,61339,-0.12103,-19322.06,-0.40166,busqueda_24m
1790810557,1,ema_cross,15,"{""k_atr"": 2.0, ""lenta"": 21, ""rapida"": 9}",obj20pct,reducido50,todos,ambos,122688,-0.13933,-43907.21,-0.55659,busqueda_24m
1790810557,1,ema_cross,15,"{""k_atr"": 2.0, ""lenta"": 21, ""rapida"": 9}",obj20pct,reducido50,todos,long,61349,-0.17655,-27903.35,-0.37369,busqueda_24m
1790810557,1,ema_cross,15,"{""k_atr"": 2.0, ""lenta"": 21, ""rapida"": 9}",obj20pct,reducido50,todos,short,61339,-0.10209,-16003.87,-0.19711,busqueda_24m
1790810557,1,ema_cross,15,"{""k_atr"": 2.0, ""lenta"": 21, ""rapida"": 9}",obj30pct,reducido50,todos,ambos,122688,-0.13713,-43372.0,-0.43052,busqueda_24m
1790810557,1,ema_cross,15,"{""k_atr"": 2.0, ""lenta"": 21, ""rapida"": 9}",obj30pct,reducido50,todos,long,61349,-0.175,-27720.04,-0.3069,busqueda_24m
1790810557,1,ema_cross,15,"{""k_atr"": 2.0, ""lenta"": 21, ""rapida"": 9}",obj30pct,reducido50,todos,short,61339,-0.09925,-15651.96,-0.15095,busqueda_24m
1790810557,1,ema_cross,15,"{""k_atr"": 2.0, ""lenta"": 21, ""rapida"": 9}",obj50pct,reducido50,todos,ambos,122688,-0.13732,-44043.61,-0.35178,busqueda_24m
1790810557,1,ema_cross,15,"{""k_atr"": 2.0, ""lenta"": 21, ""rapida"": 9}",obj50pct,reducido50,todos,long,61349,-0.17719,-28019.51,-0.26305,busqueda_24m
1790810557,1,ema_cross,15,"{""k_atr"": 2.0, ""lenta"": 21, ""rapida"": 9}",obj50pct,reducido50,todos,short,61339,-0.09745,-16024.1,-0.12723,busqueda_24m
1790810557,1,ema_cross,15,"{""k_atr"": 2.0, ""lenta"": 21, ""rapida"": 9}",obj1R,reducido50,todos,ambos,122688,-0.14952,-45946.42,-0.73253,busqueda_24m
1790810557,1,ema_cross,15,"{""k_atr"": 2.0, ""lenta"": 21, ""rapida"": 9}",obj1R,reducido50,todos,long,61339,-0.17865,-27189.97,-0.37346,busqueda_24m
1790810557,1,ema_cross,15,"{""k_atr"": 2.0, ""lenta"": 21, ""rapida"": 9}",obj1R,reducido50,todos,short,61349,-0.12039,-18756.45,-0.26243,busqueda_24m
1790810557,1,ema_cross,15,"{""k_atr"": 2.0, ""lenta"": 21, ""rapida"": 9}",obj2R,reducido50,todos,ambos,122688,-0.13813,-42711.7,-0.71537,busqueda_24m
1790810557,1,ema_cross,15,"{""k_atr"": 2.0, ""lenta"": 21, ""rapida"": 9}",obj2R,reducido50,todos,long,61339,-0.17702,-26976.83,-0.25412,busqueda_24m
1790810557,1,ema_cross,15,"{""k_atr"": 2.0, ""lenta"": 21, ""rapida"": 9}",obj2R,reducido50,todos,short,61349,-0.09924,-15734.87,-0.14602,busqueda_24m
1790810557,1,ema_cross,15,"{""k_atr"": 2.0, ""lenta"": 21, ""rapida"": 9}",obj3R,reducido50,todos,ambos,122688,-0.13367,-41673.34,-0.52134,busqueda_24m
1790810557,1,ema_cross,15,"{""k_atr"": 2.0, ""lenta"": 21, ""rapida"": 9}",obj3R,reducido50,todos,long,61339,-0.17121,-26006.63,-0.21571,busqueda_24m
1790810557,1,ema_cross,15,"{""k_atr"": 2.0, ""lenta"": 21, ""rapida"": 9}",obj3R,reducido50,todos,short,61349,-0.09614,-15666.71,-0.12785,busqueda_24m
1790810557,1,ema_cross,15,"{""k_atr"": 2.0, ""lenta"": 21, ""rapida"": 9}",trail2R,reducido50,todos,ambos,122688,-0.12807,-40237.76,-0.42273,busqueda_24m
1790810557,1,ema_cross,15,"{""k_atr"": 2.0, ""lenta"": 21, ""rapida"": 9}",trail2R,reducido50,todos,long,61339,-0.16441,-24413.14,-0.20741,busqueda_24m
1790810557,1,ema_cross,15,"{""k_atr"": 2.0, ""lenta"": 21, ""rapida"": 9}",trail2R,reducido50,todos,short,61349,-0.09174,-15824.62,-0.13044,busqueda_24m
1790810557,1,ema_cross,15,"{""k_atr"": 2.0, ""lenta"": 21, ""rapida"": 9}",trail3R,reducido50,todos,ambos,122688,-0.12746,-40321.88,-0.3765,busqueda_24m
1790810557,1,ema_cross,15,"{""k_atr"": 2.0, ""lenta"": 21, ""rapida"": 9}",trail3R,reducido50,todos,long,61339,-0.16404,-24240.64,-0.18853,busqueda_24m
1790810557,1,ema_cross,15,"{""k_atr"": 2.0, ""lenta"": 21, ""rapida"": 9}",trail3R,reducido50,todos,short,61349,-0.0909,-16081.25,-0.12364,busqueda_24m
1790810557,1,ema_cross,15,"{""k_atr"": 2.0, ""lenta"": 21, ""rapida"": 9}",obj3R_be,reducido50,todos,ambos,122688,-0.13324,-42168.42,-0.57008,busqueda_24m
1790810557,1,ema_cross,15,"{""k_atr"": 2.0, ""lenta"": 21, ""rapida"": 9}",obj3R_be,reducido50,todos,long,61339,-0.17204,-26362.47,-0.23517,busqueda_24m
1790810557,1,ema_cross,15,"{""k_atr"": 2.0, ""lenta"": 21, ""rapida"": 9}",obj3R_be,reducido50,todos,short,61349,-0.09444,-15805.95,-0.13913,busqueda_24m
1790810557,1,ema_cross,15,"{""k_atr"": 2.0, ""lenta"": 21, ""rapida"": 9}",obj5pct,reducido50,todos,ambos,122688,-0.14291,-42154.85,-1.30618,busqueda_24m
1790810557,1,ema_cross,15,"{""k_atr"": 2.0, ""lenta"": 21, ""rapida"": 9}",obj5pct,reducido50,todos,long,61339,-0.16172,-24013.89,-0.82735,busqueda_24m
1790810557,1,ema_cross,15,"{""k_atr"": 2.0, ""lenta"": 21, ""rapida"": 9}",obj5pct,reducido50,todos,short,61349,-0.1241,-18140.97,-0.67775,busqueda_24m
1790810557,1,ema_cross,15,"{""k_atr"": 2.0, ""lenta"": 21, ""rapida"": 9}",obj10pct,reducido50,todos,ambos,122688,-0.14348,-42960.12,-0.92431,busqueda_24m
1790810557,1,ema_cross,15,"{""k_atr"": 2.0, ""lenta"": 21, ""rapida"": 9}",obj10pct,reducido50,todos,long,61339,-0.17098,-25876.29,-0.53532,busqueda_24m
1790810557,1,ema_cross,15,"{""k_atr"": 2.0, ""lenta"": 21, ""rapida"": 9}",obj10pct,reducido50,todos,short,61349,-0.11599,-17083.83,-0.37037,busqueda_24m
1790810557,1,ema_cross,15,"{""k_atr"": 2.0, ""lenta"": 21, ""rapida"": 9}",obj20pct,reducido50,todos,ambos,122688,-0.13684,-42150.91,-0.74325,busqueda_24m
1790810557,1,ema_cross,15,"{""k_atr"": 2.0, ""lenta"": 21, ""rapida"": 9}",obj20pct,reducido50,todos,long,61339,-0.17383,-26769.07,-0.34536,busqueda_24m
1790810557,1,ema_cross,15,"{""k_atr"": 2.0, ""lenta"": 21, ""rapida"": 9}",obj20pct,reducido50,todos,short,61349,-0.09985,-15381.84,-0.20064,busqueda_24m
1790810557,1,ema_cross,15,"{""k_atr"": 2.0, ""lenta"": 21, ""rapida"": 9}",obj30pct,reducido50,todos,ambos,122688,-0.13392,-42228.12,-0.66883,busqueda_24m
1790810557,1,ema_cross,15,"{""k_atr"": 2.0, ""lenta"": 21, ""rapida"": 9}",obj30pct,reducido50,todos,long,61339,-0.17446,-27100.33,-0.28494,busqueda_24m
1790810557,1,ema_cross,15,"{""k_atr"": 2.0, ""lenta"": 21, ""rapida"": 9}",obj30pct,reducido50,todos,short,61349,-0.09338,-15127.79,-0.15235,busqueda_24m
1790810557,1,ema_cross,15,"{""k_atr"": 2.0, ""lenta"": 21, ""rapida"": 9}",obj50pct,reducido50,todos,ambos,122688,-0.12947,-41422.2,-0.52557,busqueda_24m
1790810557,1,ema_cross,15,"{""k_atr"": 2.0, ""lenta"": 21, ""rapida"": 9}",obj50pct,reducido50,todos,long,61339,-0.17035,-26413.64,-0.23301,busqueda_24m
1790810557,1,ema_cross,15,"{""k_atr"": 2.0, ""lenta"": 21, ""rapida"": 9}",obj50pct,reducido50,todos,short,61349,-0.0886,-15008.56,-0.12399,busqueda_24m
1790810557,1,ema_cross,15,"{""k_atr"": 2.0, ""lenta"": 50, ""rapida"": 20}",obj1R,reducido50,todos,ambos,51517,-0.13197,-16821.81,-0.40479,busqueda_24m
1790810557,1,ema_cross,15,"{""k_atr"": 2.0, ""lenta"": 50, ""rapida"": 20}",obj1R,reducido50,todos,long,25765,-0.16059,-10607.76,-0.31994,busqueda_24m
1790810557,1,ema_cross,15,"{""k_atr"": 2.0, ""lenta"": 50, ""rapida"": 20}",obj1R,reducido50,todos,short,25752,-0.10333,-6214.05,-0.17924,busqueda_24m
1790810557,1,ema_cross,15,"{""k_atr"": 2.0, ""lenta"": 50, ""rapida"": 20}",obj2R,reducido50,todos,ambos,51517,-0.13259,-17705.22,-0.2909,busqueda_24m
1790810557,1,ema_cross,15,"{""k_atr"": 2.0, ""lenta"": 50, ""rapida"": 20}",obj2R,reducido50,todos,long,25765,-0.16277,-10923.73,-0.22975,busqueda_24m
1790810557,1,ema_cross,15,"{""k_atr"": 2.0, ""lenta"": 50, ""rapida"": 20}",obj2R,reducido50,todos,short,25752,-0.10239,-6781.49,-0.13024,busqueda_24m
1790810557,1,ema_cross,15,"{""k_atr"": 2.0, ""lenta"": 50, ""rapida"": 20}",obj3R,reducido50,todos,ambos,51517,-0.13973,-19406.82,-0.26825,busqueda_24m
1790810557,1,ema_cross,15,"{""k_atr"": 2.0, ""lenta"": 50, ""rapida"": 20}",obj3R,reducido50,todos,long,25765,-0.16562,-11357.77,-0.21204,busqueda_24m
1790810557,1,ema_cross,15,"{""k_atr"": 2.0, ""lenta"": 50, ""rapida"": 20}",obj3R,reducido50,todos,short,25752,-0.11383,-8049.05,-0.13565,busqueda_24m
1790810557,1,ema_cross,15,"{""k_atr"": 2.0, ""lenta"": 50, ""rapida"": 20}",trail2R,reducido50,todos,ambos,51517,-0.13888,-18888.93,-0.23277,busqueda_24m
1790810557,1,ema_cross,15,"{""k_atr"": 2.0, ""lenta"": 50, ""rapida"": 20}",trail2R,reducido50,todos,long,25765,-0.15893,-10676.35,-0.19278,busqueda_24m
1790810557,1,ema_cross,15,"{""k_atr"": 2.0, ""lenta"": 50, ""rapida"": 20}",trail2R,reducido50,todos,short,25752,-0.11883,-8212.58,-0.12099,busqueda_24m
1790810557,1,ema_cross,15,"{""k_atr"": 2.0, ""lenta"": 50, ""rapida"": 20}",trail3R,reducido50,todos,ambos,51517,-0.12988,-18144.42,-0.18897,busqueda_24m
1790810557,1,ema_cross,15,"{""k_atr"": 2.0, ""lenta"": 50, ""rapida"": 20}",trail3R,reducido50,todos,long,25765,-0.15755,-10893.08,-0.18041,busqueda_24m
1790810557,1,ema_cross,15,"{""k_atr"": 2.0, ""lenta"": 50, ""rapida"": 20}",trail3R,reducido50,todos,short,25752,-0.1022,-7251.34,-0.08853,busqueda_24m
1790810557,1,ema_cross,15,"{""k_atr"": 2.0, ""lenta"": 50, ""rapida"": 20}",obj3R_be,reducido50,todos,ambos,51517,-0.1404,-19404.58,-0.28211,busqueda_24m
1790810557,1,ema_cross,15,"{""k_atr"": 2.0, ""lenta"": 50, ""rapida"": 20}",obj3R_be,reducido50,todos,long,25765,-0.16616,-11272.72,-0.22007,busqueda_24m
1790810557,1,ema_cross,15,"{""k_atr"": 2.0, ""lenta"": 50, ""rapida"": 20}",obj3R_be,reducido50,todos,short,25752,-0.11464,-8131.86,-0.14421,busqueda_24m
1790810557,1,ema_cross,15,"{""k_atr"": 2.0, ""lenta"": 50, ""rapida"": 20}",obj5pct,reducido50,todos,ambos,51517,-0.14037,-18401.67,-0.94049,busqueda_24m
1790810557,1,ema_cross,15,"{""k_atr"": 2.0, ""lenta"": 50, ""rapida"": 20}",obj5pct,reducido50,todos,long,25765,-0.1508,-9999.04,-0.66325,busqueda_24m
1790810557,1,ema_cross,15,"{""k_atr"": 2.0, ""lenta"": 50, ""rapida"": 20}",obj5pct,reducido50,todos,short,25752,-0.12993,-8402.63,-0.5927,busqueda_24m
1790810557,1,ema_cross,15,"{""k_atr"": 2.0, ""lenta"": 50, ""rapida"": 20}",obj10pct,reducido50,todos,ambos,51517,-0.13401,-17806.59,-0.59624,busqueda_24m
1790810557,1,ema_cross,15,"{""k_atr"": 2.0, ""lenta"": 50, ""rapida"": 20}",obj10pct,reducido50,todos,long,25765,-0.15123,-10242.94,-0.43127,busqueda_24m
1790810557,1,ema_cross,15,"{""k_atr"": 2.0, ""lenta"": 50, ""rapida"": 20}",obj10pct,reducido50,todos,short,25752,-0.11679,-7563.65,-0.3186,busqueda_24m
1790810557,1,ema_cross,15,"{""k_atr"": 2.0, ""lenta"": 50, ""rapida"": 20}",obj20pct,reducido50,todos,ambos,51517,-0.12748,-16435.94,-0.35952,busqueda_24m
1790810557,1,ema_cross,15,"{""k_atr"": 2.0, ""lenta"": 50, ""rapida"": 20}",obj20pct,reducido50,todos,long,25765,-0.1586,-10769.34,-0.30426,busqueda_24m
1790810557,1,ema_cross,15,"{""k_atr"": 2.0, ""lenta"": 50, ""rapida"": 20}",obj20pct,reducido50,todos,short,25752,-0.09635,-5666.6,-0.14543,busqueda_24m
1790810557,1,ema_cross,15,"{""k_atr"": 2.0, ""lenta"": 50, ""rapida"": 20}",obj30pct,reducido50,todos,ambos,51517,-0.12531,-16002.84,-0.27671,busqueda_24m
1790810557,1,ema_cross,15,"{""k_atr"": 2.0, ""lenta"": 50, ""rapida"": 20}",obj30pct,reducido50,todos,long,25765,-0.15468,-10453.35,-0.24115,busqueda_24m
1790810557,1,ema_cross,15,"{""k_atr"": 2.0, ""lenta"": 50, ""rapida"": 20}",obj30pct,reducido50,todos,short,25752,-0.09592,-5549.49,-0.11174,busqueda_24m
1790810557,1,ema_cross,15,"{""k_atr"": 2.0, ""lenta"": 50, ""rapida"": 20}",obj50pct,reducido50,todos,ambos,51517,-0.13126,-17624.76,-0.24883,busqueda_24m
1790810557,1,ema_cross,15,"{""k_atr"": 2.0, ""lenta"": 50, ""rapida"": 20}",obj50pct,reducido50,todos,long,25765,-0.16268,-11094.67,-0.21402,busqueda_24m
1790810557,1,ema_cross,15,"{""k_atr"": 2.0, ""lenta"": 50, ""rapida"": 20}",obj50pct,reducido50,todos,short,25752,-0.09983,-6530.09,-0.10776,busqueda_24m
1790810557,1,ema_cross,15,"{""k_atr"": 2.0, ""lenta"": 50, ""rapida"": 20}",obj1R,reducido50,todos,ambos,51517,-0.16111,-21278.05,-0.55775,busqueda_24m
1790810557,1,ema_cross,15,"{""k_atr"": 2.0, ""lenta"": 50, ""rapida"": 20}",obj1R,reducido50,todos,long,25752,-0.18446,-12561.32,-0.35444,busqueda_24m
1790810557,1,ema_cross,15,"{""k_atr"": 2.0, ""lenta"": 50, ""rapida"": 20}",obj1R,reducido50,todos,short,25765,-0.13777,-8716.72,-0.2577,busqueda_24m
1790810557,1,ema_cross,15,"{""k_atr"": 2.0, ""lenta"": 50, ""rapida"": 20}",obj2R,reducido50,todos,ambos,51517,-0.15205,-19916.07,-0.48932,busqueda_24m
1790810557,1,ema_cross,15,"{""k_atr"": 2.0, ""lenta"": 50, ""rapida"": 20}",obj2R,reducido50,todos,long,25752,-0.18706,-12521.87,-0.25595,busqueda_24m
1790810557,1,ema_cross,15,"{""k_atr"": 2.0, ""lenta"": 50, ""rapida"": 20}",obj2R,reducido50,todos,short,25765,-0.11706,-7394.2,-0.14353,busqueda_24m
1790810557,1,ema_cross,15,"{""k_atr"": 2.0, ""lenta"": 50, ""rapida"": 20}",obj3R,reducido50,todos,ambos,51517,-0.14449,-19545.56,-0.44874,busqueda_24m
1790810557,1,ema_cross,15,"{""k_atr"": 2.0, ""lenta"": 50, ""rapida"": 20}",obj3R,reducido50,todos,long,25752,-0.18729,-12759.9,-0.23349,busqueda_24m
1790810557,1,ema_cross,15,"{""k_atr"": 2.0, ""lenta"": 50, ""rapida"": 20}",obj3R,reducido50,todos,short,25765,-0.10171,-6785.66,-0.11415,busqueda_24m
1790810557,1,ema_cross,15,"{""k_atr"": 2.0, ""lenta"": 50, ""rapida"": 20}",trail2R,reducido50,todos,ambos,51517,-0.13051,-17428.28,-0.34273,busqueda_24m
1790810557,1,ema_cross,15,"{""k_atr"": 2.0, ""lenta"": 50, ""rapida"": 20}",trail2R,reducido50,todos,long,25752,-0.16725,-11130.97,-0.19988,busqueda_24m
1790810557,1,ema_cross,15,"{""k_atr"": 2.0, ""lenta"": 50, ""rapida"": 20}",trail2R,reducido50,todos,short,25765,-0.09379,-6297.31,-0.10649,busqueda_24m
1790810557,1,ema_cross,15,"{""k_atr"": 2.0, ""lenta"": 50, ""rapida"": 20}",trail3R,reducido50,todos,ambos,51517,-0.1358,-18425.44,-0.33795,busqueda_24m
1790810557,1,ema_cross,15,"{""k_atr"": 2.0, ""lenta"": 50, ""rapida"": 20}",trail3R,reducido50,todos,long,25752,-0.17717,-11831.9,-0.20011,busqueda_24m
1790810557,1,ema_cross,15,"{""k_atr"": 2.0, ""lenta"": 50, ""rapida"": 20}",trail3R,reducido50,todos,short,25765,-0.09444,-6593.55,-0.10468,busqueda_24m
1790810557,1,ema_cross,15,"{""k_atr"": 2.0, ""lenta"": 50, ""rapida"": 20}",obj3R_be,reducido50,todos,ambos,51517,-0.14284,-19244.28,-0.46149,busqueda_24m
1790810557,1,ema_cross,15,"{""k_atr"": 2.0, ""lenta"": 50, ""rapida"": 20}",obj3R_be,reducido50,todos,long,25752,-0.17987,-12318.13,-0.24081,busqueda_24m
1790810557,1,ema_cross,15,"{""k_atr"": 2.0, ""lenta"": 50, ""rapida"": 20}",obj3R_be,reducido50,todos,short,25765,-0.10583,-6926.15,-0.12473,busqueda_24m
1790810557,1,ema_cross,15,"{""k_atr"": 2.0, ""lenta"": 50, ""rapida"": 20}",obj5pct,reducido50,todos,ambos,51517,-0.15177,-19489.93,-0.97033,busqueda_24m
1790810557,1,ema_cross,15,"{""k_atr"": 2.0, ""lenta"": 50, ""rapida"": 20}",obj5pct,reducido50,todos,long,25752,-0.16666,-11011.04,-0.66331,busqueda_24m
1790810557,1,ema_cross,15,"{""k_atr"": 2.0, ""lenta"": 50, ""rapida"": 20}",obj5pct,reducido50,todos,short,25765,-0.13688,-8478.89,-0.58247,busqueda_24m
1790810557,1,ema_cross,15,"{""k_atr"": 2.0, ""lenta"": 50, ""rapida"": 20}",obj10pct,reducido50,todos,ambos,51517,-0.15743,-20378.53,-0.71722,busqueda_24m
1790810557,1,ema_cross,15,"{""k_atr"": 2.0, ""lenta"": 50, ""rapida"": 20}",obj10pct,reducido50,todos,long,25752,-0.1766,-11807.44,-0.46584,busqueda_24m
1790810557,1,ema_cross,15,"{""k_atr"": 2.0, ""lenta"": 50, ""rapida"": 20}",obj10pct,reducido50,todos,short,25765,-0.13827,-8571.1,-0.36753,busqueda_24m
1790810557,1,ema_cross,15,"{""k_atr"": 2.0, ""lenta"": 50, ""rapida"": 20}",obj20pct,reducido50,todos,ambos,51517,-0.15365,-20492.32,-0.56948,busqueda_24m
1790810557,1,ema_cross,15,"{""k_atr"": 2.0, ""lenta"": 50, ""rapida"": 20}",obj20pct,reducido50,todos,long,25752,-0.18695,-12650.87,-0.34006,busqueda_24m
1790810557,1,ema_cross,15,"{""k_atr"": 2.0, ""lenta"": 50, ""rapida"": 20}",obj20pct,reducido50,todos,short,25765,-0.12036,-7841.45,-0.21337,busqueda_24m
1790810557,1,ema_cross,15,"{""k_atr"": 2.0, ""lenta"": 50, ""rapida"": 20}",obj30pct,reducido50,todos,ambos,51517,-0.14298,-19178.39,-0.48793,busqueda_24m
1790810557,1,ema_cross,15,"{""k_atr"": 2.0, ""lenta"": 50, ""rapida"": 20}",obj30pct,reducido50,todos,long,25752,-0.18629,-12642.45,-0.28294,busqueda_24m
1790810557,1,ema_cross,15,"{""k_atr"": 2.0, ""lenta"": 50, ""rapida"": 20}",obj30pct,reducido50,todos,short,25765,-0.09968,-6535.94,-0.1408,busqueda_24m
1790810557,1,ema_cross,15,"{""k_atr"": 2.0, ""lenta"": 50, ""rapida"": 20}",obj50pct,reducido50,todos,ambos,51517,-0.13745,-18317.55,-0.43454,busqueda_24m
1790810557,1,ema_cross,15,"{""k_atr"": 2.0, ""lenta"": 50, ""rapida"": 20}",obj50pct,reducido50,todos,long,25752,-0.18376,-12202.12,-0.23387,busqueda_24m
1790810557,1,ema_cross,15,"{""k_atr"": 2.0, ""lenta"": 50, ""rapida"": 20}",obj50pct,reducido50,todos,short,25765,-0.09116,-6115.43,-0.10618,busqueda_24m
1790810557,1,ema_cross,15,"{""k_atr"": 2.0, ""lenta"": 200, ""rapida"": 50}",obj1R,reducido50,todos,ambos,15819,-0.11122,-4764.99,-0.23375,busqueda_24m
1790810557,1,ema_cross,15,"{""k_atr"": 2.0, ""lenta"": 200, ""rapida"": 50}",obj1R,reducido50,todos,long,7888,-0.14866,-3214.8,-0.23251,busqueda_24m
1790810557,1,ema_cross,15,"{""k_atr"": 2.0, ""lenta"": 200, ""rapida"": 50}",obj1R,reducido50,todos,short,7931,-0.07398,-1550.19,-0.1032,busqueda_24m
1790810557,1,ema_cross,15,"{""k_atr"": 2.0, ""lenta"": 200, ""rapida"": 50}",obj2R,reducido50,todos,ambos,15819,-0.11235,-5153.54,-0.17703,busqueda_24m
1790810557,1,ema_cross,15,"{""k_atr"": 2.0, ""lenta"": 200, ""rapida"": 50}",obj2R,reducido50,todos,long,7888,-0.14926,-3325.55,-0.17718,busqueda_24m
1790810557,1,ema_cross,15,"{""k_atr"": 2.0, ""lenta"": 200, ""rapida"": 50}",obj2R,reducido50,todos,short,7931,-0.07564,-1827.99,-0.08281,busqueda_24m
1790810557,1,ema_cross,15,"{""k_atr"": 2.0, ""lenta"": 200, ""rapida"": 50}",obj3R,reducido50,todos,ambos,15819,-0.10853,-5128.2,-0.15125,busqueda_24m
1790810557,1,ema_cross,15,"{""k_atr"": 2.0, ""lenta"": 200, ""rapida"": 50}",obj3R,reducido50,todos,long,7888,-0.14151,-3121.48,-0.14271,busqueda_24m
1790810557,1,ema_cross,15,"{""k_atr"": 2.0, ""lenta"": 200, ""rapida"": 50}",obj3R,reducido50,todos,short,7931,-0.07573,-2006.72,-0.07992,busqueda_24m
1790810557,1,ema_cross,15,"{""k_atr"": 2.0, ""lenta"": 200, ""rapida"": 50}",trail2R,reducido50,todos,ambos,15819,-0.11411,-5205.38,-0.14275,busqueda_24m
1790810557,1,ema_cross,15,"{""k_atr"": 2.0, ""lenta"": 200, ""rapida"": 50}",trail2R,reducido50,todos,long,7888,-0.13717,-3017.59,-0.13165,busqueda_24m
1790810557,1,ema_cross,15,"{""k_atr"": 2.0, ""lenta"": 200, ""rapida"": 50}",trail2R,reducido50,todos,short,7931,-0.09117,-2187.8,-0.07928,busqueda_24m
1790810557,1,ema_cross,15,"{""k_atr"": 2.0, ""lenta"": 200, ""rapida"": 50}",trail3R,reducido50,todos,ambos,15819,-0.09733,-4645.7,-0.10627,busqueda_24m
1790810557,1,ema_cross,15,"{""k_atr"": 2.0, ""lenta"": 200, ""rapida"": 50}",trail3R,reducido50,todos,long,7888,-0.13866,-3328.68,-0.13256,busqueda_24m
1790810557,1,ema_cross,15,"{""k_atr"": 2.0, ""lenta"": 200, ""rapida"": 50}",trail3R,reducido50,todos,short,7931,-0.05623,-1317.01,-0.03741,busqueda_24m
1790810557,1,ema_cross,15,"{""k_atr"": 2.0, ""lenta"": 200, ""rapida"": 50}",obj3R_be,reducido50,todos,ambos,15819,-0.11345,-5303.5,-0.16443,busqueda_24m
1790810557,1,ema_cross,15,"{""k_atr"": 2.0, ""lenta"": 200, ""rapida"": 50}",obj3R_be,reducido50,todos,long,7888,-0.14265,-3113.6,-0.15214,busqueda_24m
1790810557,1,ema_cross,15,"{""k_atr"": 2.0, ""lenta"": 200, ""rapida"": 50}",obj3R_be,reducido50,todos,short,7931,-0.08441,-2189.9,-0.09053,busqueda_24m
1790810557,1,ema_cross,15,"{""k_atr"": 2.0, ""lenta"": 200, ""rapida"": 50}",obj5pct,reducido50,todos,ambos,15819,-0.13129,-5572.89,-0.60158,busqueda_24m
1790810557,1,ema_cross,15,"{""k_atr"": 2.0, ""lenta"": 200, ""rapida"": 50}",obj5pct,reducido50,todos,long,7888,-0.15146,-3257.77,-0.50324,busqueda_24m
1790810557,1,ema_cross,15,"{""k_atr"": 2.0, ""lenta"": 200, ""rapida"": 50}",obj5pct,reducido50,todos,short,7931,-0.11123,-2315.12,-0.37495,busqueda_24m
1790810557,1,ema_cross,15,"{""k_atr"": 2.0, ""lenta"": 200, ""rapida"": 50}",obj10pct,reducido50,todos,ambos,15819,-0.11363,-4869.21,-0.34484,busqueda_24m
1790810557,1,ema_cross,15,"{""k_atr"": 2.0, ""lenta"": 200, ""rapida"": 50}",obj10pct,reducido50,todos,long,7888,-0.1487,-3361.91,-0.33525,busqueda_24m
1790810557,1,ema_cross,15,"{""k_atr"": 2.0, ""lenta"": 200, ""rapida"": 50}",obj10pct,reducido50,todos,short,7931,-0.07875,-1507.3,-0.15109,busqueda_24m
1790810557,1,ema_cross,15,"{""k_atr"": 2.0, ""lenta"": 200, ""rapida"": 50}",obj20pct,reducido50,todos,ambos,15819,-0.10267,-4483.83,-0.20792,busqueda_24m
1790810557,1,ema_cross,15,"{""k_atr"": 2.0, ""lenta"": 200, ""rapida"": 50}",obj20pct,reducido50,todos,long,7888,-0.14571,-3340.87,-0.23465,busqueda_24m
1790810557,1,ema_cross,15,"{""k_atr"": 2.0, ""lenta"": 200, ""rapida"": 50}",obj20pct,reducido50,todos,short,7931,-0.05986,-1142.96,-0.07054,busqueda_24m
1790810557,1,ema_cross,15,"{""k_atr"": 2.0, ""lenta"": 200, ""rapida"": 50}",obj30pct,reducido50,todos,ambos,15819,-0.10476,-4470.96,-0.16635,busqueda_24m
1790810557,1,ema_cross,15,"{""k_atr"": 2.0, ""lenta"": 200, ""rapida"": 50}",obj30pct,reducido50,todos,long,7888,-0.14422,-3254.22,-0.18696,busqueda_24m
1790810557,1,ema_cross,15,"{""k_atr"": 2.0, ""lenta"": 200, ""rapida"": 50}",obj30pct,reducido50,todos,short,7931,-0.06551,-1216.73,-0.05912,busqueda_24m
1790810557,1,ema_cross,15,"{""k_atr"": 2.0, ""lenta"": 200, ""rapida"": 50}",obj50pct,reducido50,todos,ambos,15819,-0.10336,-4688.1,-0.14105,busqueda_24m
1790810557,1,ema_cross,15,"{""k_atr"": 2.0, ""lenta"": 200, ""rapida"": 50}",obj50pct,reducido50,todos,long,7888,-0.13594,-3010.31,-0.14672,busqueda_24m
1790810557,1,ema_cross,15,"{""k_atr"": 2.0, ""lenta"": 200, ""rapida"": 50}",obj50pct,reducido50,todos,short,7931,-0.07096,-1677.78,-0.06541,busqueda_24m
1790810557,1,ema_cross,15,"{""k_atr"": 2.0, ""lenta"": 200, ""rapida"": 50}",obj1R,reducido50,todos,ambos,15819,-0.17325,-7008.56,-0.35321,busqueda_24m
1790810557,1,ema_cross,15,"{""k_atr"": 2.0, ""lenta"": 200, ""rapida"": 50}",obj1R,reducido50,todos,long,7931,-0.21023,-4432.71,-0.27311,busqueda_24m
1790810557,1,ema_cross,15,"{""k_atr"": 2.0, ""lenta"": 200, ""rapida"": 50}",obj1R,reducido50,todos,short,7888,-0.13607,-2575.86,-0.1766,busqueda_24m
1790810557,1,ema_cross,15,"{""k_atr"": 2.0, ""lenta"": 200, ""rapida"": 50}",obj2R,reducido50,todos,ambos,15819,-0.17874,-7276.57,-0.29919,busqueda_24m
1790810557,1,ema_cross,15,"{""k_atr"": 2.0, ""lenta"": 200, ""rapida"": 50}",obj2R,reducido50,todos,long,7931,-0.21543,-4541.13,-0.2233,busqueda_24m
1790810557,1,ema_cross,15,"{""k_atr"": 2.0, ""lenta"": 200, ""rapida"": 50}",obj2R,reducido50,todos,short,7888,-0.14184,-2735.45,-0.12567,busqueda_24m
1790810557,1,ema_cross,15,"{""k_atr"": 2.0, ""lenta"": 200, ""rapida"": 50}",obj3R,reducido50,todos,ambos,15819,-0.17933,-7160.36,-0.27701,busqueda_24m
1790810557,1,ema_cross,15,"{""k_atr"": 2.0, ""lenta"": 200, ""rapida"": 50}",obj3R,reducido50,todos,long,7931,-0.22348,-4709.15,-0.20764,busqueda_24m
1790810557,1,ema_cross,15,"{""k_atr"": 2.0, ""lenta"": 200, ""rapida"": 50}",obj3R,reducido50,todos,short,7888,-0.13493,-2451.21,-0.09938,busqueda_24m
1790810557,1,ema_cross,15,"{""k_atr"": 2.0, ""lenta"": 200, ""rapida"": 50}",trail2R,reducido50,todos,ambos,15819,-0.17368,-7090.57,-0.28231,busqueda_24m
1790810557,1,ema_cross,15,"{""k_atr"": 2.0, ""lenta"": 200, ""rapida"": 50}",trail2R,reducido50,todos,long,7931,-0.21704,-4580.04,-0.20992,busqueda_24m
1790810557,1,ema_cross,15,"{""k_atr"": 2.0, ""lenta"": 200, ""rapida"": 50}",trail2R,reducido50,todos,short,7888,-0.13009,-2510.53,-0.09972,busqueda_24m
1790810557,1,ema_cross,15,"{""k_atr"": 2.0, ""lenta"": 200, ""rapida"": 50}",trail3R,reducido50,todos,ambos,15819,-0.16984,-6952.38,-0.26203,busqueda_24m
1790810557,1,ema_cross,15,"{""k_atr"": 2.0, ""lenta"": 200, ""rapida"": 50}",trail3R,reducido50,todos,long,7931,-0.21685,-4563.22,-0.19349,busqueda_24m
1790810557,1,ema_cross,15,"{""k_atr"": 2.0, ""lenta"": 200, ""rapida"": 50}",trail3R,reducido50,todos,short,7888,-0.12259,-2389.16,-0.08848,busqueda_24m
1790810557,1,ema_cross,15,"{""k_atr"": 2.0, ""lenta"": 200, ""rapida"": 50}",obj3R_be,reducido50,todos,ambos,15819,-0.17892,-7133.17,-0.28751,busqueda_24m
1790810557,1,ema_cross,15,"{""k_atr"": 2.0, ""lenta"": 200, ""rapida"": 50}",obj3R_be,reducido50,todos,long,7931,-0.2198,-4613.33,-0.21517,busqueda_24m
1790810557,1,ema_cross,15,"{""k_atr"": 2.0, ""lenta"": 200, ""rapida"": 50}",obj3R_be,reducido50,todos,short,7888,-0.1378,-2519.84,-0.1062,busqueda_24m
1790810557,1,ema_cross,15,"{""k_atr"": 2.0, ""lenta"": 200, ""rapida"": 50}",obj5pct,reducido50,todos,ambos,15819,-0.15461,-6093.03,-0.64761,busqueda_24m
1790810557,1,ema_cross,15,"{""k_atr"": 2.0, ""lenta"": 200, ""rapida"": 50}",obj5pct,reducido50,todos,long,7931,-0.16693,-3352.54,-0.45895,busqueda_24m
1790810557,1,ema_cross,15,"{""k_atr"": 2.0, ""lenta"": 200, ""rapida"": 50}",obj5pct,reducido50,todos,short,7888,-0.14223,-2740.49,-0.38447,busqueda_24m
1790810557,1,ema_cross,15,"{""k_atr"": 2.0, ""lenta"": 200, ""rapida"": 50}",obj10pct,reducido50,todos,ambos,15819,-0.1672,-6700.81,-0.49263,busqueda_24m
1790810557,1,ema_cross,15,"{""k_atr"": 2.0, ""lenta"": 200, ""rapida"": 50}",obj10pct,reducido50,todos,long,7931,-0.19041,-3997.65,-0.35053,busqueda_24m
1790810557,1,ema_cross,15,"{""k_atr"": 2.0, ""lenta"": 200, ""rapida"": 50}",obj10pct,reducido50,todos,short,7888,-0.14387,-2703.16,-0.26616,busqueda_24m
1790810557,1,ema_cross,15,"{""k_atr"": 2.0, ""lenta"": 200, ""rapida"": 50}",obj20pct,reducido50,todos,ambos,15819,-0.17267,-7047.64,-0.36625,busqueda_24m
1790810557,1,ema_cross,15,"{""k_atr"": 2.0, ""lenta"": 200, ""rapida"": 50}",obj20pct,reducido50,todos,long,7931,-0.20847,-4565.1,-0.27774,busqueda_24m
1790810557,1,ema_cross,15,"{""k_atr"": 2.0, ""lenta"": 200, ""rapida"": 50}",obj20pct,reducido50,todos,short,7888,-0.13668,-2482.54,-0.16174,busqueda_24m
1790810557,1,ema_cross,15,"{""k_atr"": 2.0, ""lenta"": 200, ""rapida"": 50}",obj30pct,reducido50,todos,ambos,15819,-0.17752,-7356.34,-0.33304,busqueda_24m
1790810557,1,ema_cross,15,"{""k_atr"": 2.0, ""lenta"": 200, ""rapida"": 50}",obj30pct,reducido50,todos,long,7931,-0.21445,-4648.54,-0.2426,busqueda_24m
1790810557,1,ema_cross,15,"{""k_atr"": 2.0, ""lenta"": 200, ""rapida"": 50}",obj30pct,reducido50,todos,short,7888,-0.14038,-2707.8,-0.14127,busqueda_24m
1790810557,1,ema_cross,15,"{""k_atr"": 2.0, ""lenta"": 200, ""rapida"": 50}",obj50pct,reducido50,todos,ambos,15819,-0.16857,-6951.68,-0.27662,busqueda_24m
1790810557,1,ema_cross,15,"{""k_atr"": 2.0, ""lenta"": 200, ""rapida"": 50}",obj50pct,reducido50,todos,long,7931,-0.21845,-4693.55,-0.21256,busqueda_24m
1790810557,1,ema_cross,15,"{""k_atr"": 2.0, ""lenta"": 200, ""rapida"": 50}",obj50pct,reducido50,todos,short,7888,-0.11842,-2258.13,-0.09604,busqueda_24m
1790810557,1,donchian,15,"{""k_atr"": 2.0, ""n"": 20}",obj1R,reducido50,todos,ambos,250032,-0.14346,-96613.39,-0.51545,busqueda_24m
1790810557,1,donchian,15,"{""k_atr"": 2.0, ""n"": 20}",obj1R,reducido50,todos,long,125107,-0.16642,-54258.19,-0.45445,busqueda_24m
1790810557,1,donchian,15,"{""k_atr"": 2.0, ""n"": 20}",obj1R,reducido50,todos,short,124925,-0.12047,-42355.2,-0.27763,busqueda_24m
1790810557,1,donchian,15,"{""k_atr"": 2.0, ""n"": 20}",obj2R,reducido50,todos,ambos,250032,-0.14391,-100534.28,-0.33143,busqueda_24m
1790810557,1,donchian,15,"{""k_atr"": 2.0, ""n"": 20}",obj2R,reducido50,todos,long,125107,-0.16986,-55843.42,-0.29888,busqueda_24m
1790810557,1,donchian,15,"{""k_atr"": 2.0, ""n"": 20}",obj2R,reducido50,todos,short,124925,-0.11792,-44690.86,-0.18003,busqueda_24m
1790810557,1,donchian,15,"{""k_atr"": 2.0, ""n"": 20}",obj3R,reducido50,todos,ambos,250032,-0.14632,-105745.52,-0.28532,busqueda_24m
1790810557,1,donchian,15,"{""k_atr"": 2.0, ""n"": 20}",obj3R,reducido50,todos,long,125107,-0.17037,-58028.32,-0.2671,busqueda_24m
1790810557,1,donchian,15,"{""k_atr"": 2.0, ""n"": 20}",obj3R,reducido50,todos,short,124925,-0.12222,-47717.2,-0.15651,busqueda_24m
1790810557,1,donchian,15,"{""k_atr"": 2.0, ""n"": 20}",trail2R,reducido50,todos,ambos,250032,-0.14718,-102444.03,-0.20813,busqueda_24m
1790810557,1,donchian,15,"{""k_atr"": 2.0, ""n"": 20}",trail2R,reducido50,todos,long,125107,-0.17109,-57816.51,-0.24969,busqueda_24m
1790810557,1,donchian,15,"{""k_atr"": 2.0, ""n"": 20}",trail2R,reducido50,todos,short,124925,-0.12323,-44627.51,-0.10321,busqueda_24m
1790810557,1,donchian,15,"{""k_atr"": 2.0, ""n"": 20}",trail3R,reducido50,todos,ambos,250032,-0.1369,-98489.16,-0.16312,busqueda_24m
1790810557,1,donchian,15,"{""k_atr"": 2.0, ""n"": 20}",trail3R,reducido50,todos,long,125107,-0.16728,-58153.6,-0.22471,busqueda_24m
1790810557,1,donchian,15,"{""k_atr"": 2.0, ""n"": 20}",trail3R,reducido50,todos,short,124925,-0.10647,-40335.56,-0.07382,busqueda_24m
1790810557,1,donchian,15,"{""k_atr"": 2.0, ""n"": 20}",obj3R_be,reducido50,todos,ambos,250032,-0.14811,-104862.21,-0.29733,busqueda_24m
1790810557,1,donchian,15,"{""k_atr"": 2.0, ""n"": 20}",obj3R_be,reducido50,todos,long,125107,-0.17259,-57830.56,-0.28526,busqueda_24m
1790810557,1,donchian,15,"{""k_atr"": 2.0, ""n"": 20}",obj3R_be,reducido50,todos,short,124925,-0.12358,-47031.65,-0.16201,busqueda_24m
1790810557,1,donchian,15,"{""k_atr"": 2.0, ""n"": 20}",obj5pct,reducido50,todos,ambos,250032,-0.14009,-93805.4,-1.39965,busqueda_24m
1790810557,1,donchian,15,"{""k_atr"": 2.0, ""n"": 20}",obj5pct,reducido50,todos,long,125107,-0.15707,-51057.11,-1.25087,busqueda_24m
1790810557,1,donchian,15,"{""k_atr"": 2.0, ""n"": 20}",obj5pct,reducido50,todos,short,124925,-0.12308,-42748.3,-0.85358,busqueda_24m
1790810557,1,donchian,15,"{""k_atr"": 2.0, ""n"": 20}",obj10pct,reducido50,todos,ambos,250032,-0.13909,-94210.83,-0.81577,busqueda_24m
1790810557,1,donchian,15,"{""k_atr"": 2.0, ""n"": 20}",obj10pct,reducido50,todos,long,125107,-0.16073,-52849.84,-0.70901,busqueda_24m
1790810557,1,donchian,15,"{""k_atr"": 2.0, ""n"": 20}",obj10pct,reducido50,todos,short,124925,-0.11743,-41360.99,-0.45833,busqueda_24m
1790810557,1,donchian,15,"{""k_atr"": 2.0, ""n"": 20}",obj20pct,reducido50,todos,ambos,250032,-0.13847,-95578.65,-0.46943,busqueda_24m
1790810557,1,donchian,15,"{""k_atr"": 2.0, ""n"": 20}",obj20pct,reducido50,todos,long,125107,-0.16398,-54889.49,-0.42614,busqueda_24m
1790810557,1,donchian,15,"{""k_atr"": 2.0, ""n"": 20}",obj20pct,reducido50,todos,short,124925,-0.11293,-40689.16,-0.24403,busqueda_24m
1790810557,1,donchian,15,"{""k_atr"": 2.0, ""n"": 20}",obj30pct,reducido50,todos,ambos,250032,-0.13716,-95994.69,-0.3516,busqueda_24m
1790810557,1,donchian,15,"{""k_atr"": 2.0, ""n"": 20}",obj30pct,reducido50,todos,long,125107,-0.16495,-55831.81,-0.33554,busqueda_24m
1790810557,1,donchian,15,"{""k_atr"": 2.0, ""n"": 20}",obj30pct,reducido50,todos,short,124925,-0.10932,-40162.88,-0.17562,busqueda_24m
1790810557,1,donchian,15,"{""k_atr"": 2.0, ""n"": 20}",obj50pct,reducido50,todos,ambos,250032,-0.13858,-99076.29,-0.27515,busqueda_24m
1790810557,1,donchian,15,"{""k_atr"": 2.0, ""n"": 20}",obj50pct,reducido50,todos,long,125107,-0.16634,-56004.85,-0.26652,busqueda_24m
1790810557,1,donchian,15,"{""k_atr"": 2.0, ""n"": 20}",obj50pct,reducido50,todos,short,124925,-0.11078,-43071.44,-0.14139,busqueda_24m
1790810557,1,donchian,15,"{""k_atr"": 2.0, ""n"": 20}",obj1R,reducido50,todos,ambos,250032,-0.13449,-83182.08,-0.41337,busqueda_24m
1790810557,1,donchian,15,"{""k_atr"": 2.0, ""n"": 20}",obj1R,reducido50,todos,long,124925,-0.15201,-47572.32,-0.26499,busqueda_24m
1790810557,1,donchian,15,"{""k_atr"": 2.0, ""n"": 20}",obj1R,reducido50,todos,short,125107,-0.11699,-35609.76,-0.24628,busqueda_24m
1790810557,1,donchian,15,"{""k_atr"": 2.0, ""n"": 20}",obj2R,reducido50,todos,ambos,250032,-0.13767,-83761.94,-0.34281,busqueda_24m
1790810557,1,donchian,15,"{""k_atr"": 2.0, ""n"": 20}",obj2R,reducido50,todos,long,124925,-0.16401,-48075.06,-0.18871,busqueda_24m
1790810557,1,donchian,15,"{""k_atr"": 2.0, ""n"": 20}",obj2R,reducido50,todos,short,125107,-0.11136,-35686.88,-0.15684,busqueda_24m
1790810557,1,donchian,15,"{""k_atr"": 2.0, ""n"": 20}",obj3R,reducido50,todos,ambos,250032,-0.13473,-80538.87,-0.32746,busqueda_24m
1790810557,1,donchian,15,"{""k_atr"": 2.0, ""n"": 20}",obj3R,reducido50,todos,long,124925,-0.16221,-46486.26,-0.1554,busqueda_24m
1790810557,1,donchian,15,"{""k_atr"": 2.0, ""n"": 20}",obj3R,reducido50,todos,short,125107,-0.1073,-34052.62,-0.13011,busqueda_24m
1790810557,1,donchian,15,"{""k_atr"": 2.0, ""n"": 20}",trail2R,reducido50,todos,ambos,250032,-0.12819,-76337.88,-0.31438,busqueda_24m
1790810557,1,donchian,15,"{""k_atr"": 2.0, ""n"": 20}",trail2R,reducido50,todos,long,124925,-0.15766,-45131.05,-0.1502,busqueda_24m
1790810557,1,donchian,15,"{""k_atr"": 2.0, ""n"": 20}",trail2R,reducido50,todos,short,125107,-0.09876,-31206.83,-0.11803,busqueda_24m
1790810557,1,donchian,15,"{""k_atr"": 2.0, ""n"": 20}",trail3R,reducido50,todos,ambos,250032,-0.13069,-79199.76,-0.31303,busqueda_24m
1790810557,1,donchian,15,"{""k_atr"": 2.0, ""n"": 20}",trail3R,reducido50,todos,long,124925,-0.16345,-47325.06,-0.14767,busqueda_24m
1790810557,1,donchian,15,"{""k_atr"": 2.0, ""n"": 20}",trail3R,reducido50,todos,short,125107,-0.09798,-31874.69,-0.11062,busqueda_24m
1790810557,1,donchian,15,"{""k_atr"": 2.0, ""n"": 20}",obj3R_be,reducido50,todos,ambos,250032,-0.13183,-78634.59,-0.33564,busqueda_24m
1790810557,1,donchian,15,"{""k_atr"": 2.0, ""n"": 20}",obj3R_be,reducido50,todos,long,124925,-0.15708,-45236.22,-0.16038,busqueda_24m
1790810557,1,donchian,15,"{""k_atr"": 2.0, ""n"": 20}",obj3R_be,reducido50,todos,short,125107,-0.10661,-33398.38,-0.13596,busqueda_24m
1790810557,1,donchian,15,"{""k_atr"": 2.0, ""n"": 20}",obj5pct,reducido50,todos,ambos,250032,-0.12895,-79610.75,-0.8535,busqueda_24m
1790810557,1,donchian,15,"{""k_atr"": 2.0, ""n"": 20}",obj5pct,reducido50,todos,long,124925,-0.13513,-42523.14,-0.51028,busqueda_24m
1790810557,1,donchian,15,"{""k_atr"": 2.0, ""n"": 20}",obj5pct,reducido50,todos,short,125107,-0.12278,-37087.62,-0.59909,busqueda_24m
1790810557,1,donchian,15,"{""k_atr"": 2.0, ""n"": 20}",obj10pct,reducido50,todos,ambos,250032,-0.13376,-82435.79,-0.58686,busqueda_24m
1790810557,1,donchian,15,"{""k_atr"": 2.0, ""n"": 20}",obj10pct,reducido50,todos,long,124925,-0.14983,-47323.87,-0.3728,busqueda_24m
1790810557,1,donchian,15,"{""k_atr"": 2.0, ""n"": 20}",obj10pct,reducido50,todos,short,125107,-0.11771,-35111.92,-0.36096,busqueda_24m
1790810557,1,donchian,15,"{""k_atr"": 2.0, ""n"": 20}",obj20pct,reducido50,todos,ambos,250032,-0.13497,-83817.57,-0.43742,busqueda_24m
1790810557,1,donchian,15,"{""k_atr"": 2.0, ""n"": 20}",obj20pct,reducido50,todos,long,124925,-0.16087,-50944.53,-0.2758,busqueda_24m
1790810557,1,donchian,15,"{""k_atr"": 2.0, ""n"": 20}",obj20pct,reducido50,todos,short,125107,-0.1091,-32873.04,-0.21272,busqueda_24m
1790810557,1,donchian,15,"{""k_atr"": 2.0, ""n"": 20}",obj30pct,reducido50,todos,ambos,250032,-0.13339,-83097.31,-0.39105,busqueda_24m
1790810557,1,donchian,15,"{""k_atr"": 2.0, ""n"": 20}",obj30pct,reducido50,todos,long,124925,-0.16435,-51926.4,-0.23067,busqueda_24m
1790810557,1,donchian,15,"{""k_atr"": 2.0, ""n"": 20}",obj30pct,reducido50,todos,short,125107,-0.10248,-31170.9,-0.15972,busqueda_24m
1790810557,1,donchian,15,"{""k_atr"": 2.0, ""n"": 20}",obj50pct,reducido50,todos,ambos,250032,-0.13169,-83510.88,-0.3852,busqueda_24m
1790810557,1,donchian,15,"{""k_atr"": 2.0, ""n"": 20}",obj50pct,reducido50,todos,long,124925,-0.16419,-52067.99,-0.19027,busqueda_24m
1790810557,1,donchian,15,"{""k_atr"": 2.0, ""n"": 20}",obj50pct,reducido50,todos,short,125107,-0.09924,-31442.89,-0.12915,busqueda_24m
1790810557,1,donchian,15,"{""k_atr"": 2.0, ""n"": 55}",obj1R,reducido50,todos,ambos,135646,-0.13825,-54324.84,-0.37548,busqueda_24m
1790810557,1,donchian,15,"{""k_atr"": 2.0, ""n"": 55}",obj1R,reducido50,todos,long,68106,-0.15273,-28249.69,-0.34301,busqueda_24m
1790810557,1,donchian,15,"{""k_atr"": 2.0, ""n"": 55}",obj1R,reducido50,todos,short,67540,-0.12365,-26075.15,-0.23422,busqueda_24m
1790810557,1,donchian,15,"{""k_atr"": 2.0, ""n"": 55}",obj2R,reducido50,todos,ambos,135646,-0.14191,-58359.44,-0.25721,busqueda_24m
1790810557,1,donchian,15,"{""k_atr"": 2.0, ""n"": 55}",obj2R,reducido50,todos,long,68106,-0.15619,-29197.58,-0.24142,busqueda_24m
1790810557,1,donchian,15,"{""k_atr"": 2.0, ""n"": 55}",obj2R,reducido50,todos,short,67540,-0.1275,-29161.85,-0.16,busqueda_24m
1790810557,1,donchian,15,"{""k_atr"": 2.0, ""n"": 55}",obj3R,reducido50,todos,ambos,135646,-0.14117,-60213.78,-0.21819,busqueda_24m
1790810557,1,donchian,15,"{""k_atr"": 2.0, ""n"": 55}",obj3R,reducido50,todos,long,68106,-0.15123,-29564.98,-0.21136,busqueda_24m
1790810557,1,donchian,15,"{""k_atr"": 2.0, ""n"": 55}",obj3R,reducido50,todos,short,67540,-0.13103,-30648.8,-0.13353,busqueda_24m
1790810557,1,donchian,15,"{""k_atr"": 2.0, ""n"": 55}",trail2R,reducido50,todos,ambos,135646,-0.14206,-56611.69,-0.14588,busqueda_24m
1790810557,1,donchian,15,"{""k_atr"": 2.0, ""n"": 55}",trail2R,reducido50,todos,long,68106,-0.1578,-30326.85,-0.20178,busqueda_24m
1790810557,1,donchian,15,"{""k_atr"": 2.0, ""n"": 55}",trail2R,reducido50,todos,short,67540,-0.12619,-26284.84,-0.07483,busqueda_24m
1790810557,1,donchian,15,"{""k_atr"": 2.0, ""n"": 55}",trail3R,reducido50,todos,ambos,135646,-0.12189,-50435.1,-0.10319,busqueda_24m
1790810557,1,donchian,15,"{""k_atr"": 2.0, ""n"": 55}",trail3R,reducido50,todos,long,68106,-0.14681,-29135.82,-0.16922,busqueda_24m
1790810557,1,donchian,15,"{""k_atr"": 2.0, ""n"": 55}",trail3R,reducido50,todos,short,67540,-0.09676,-21299.28,-0.04683,busqueda_24m
1790810557,1,donchian,15,"{""k_atr"": 2.0, ""n"": 55}",obj3R_be,reducido50,todos,ambos,135646,-0.14525,-60205.34,-0.23036,busqueda_24m
1790810557,1,donchian,15,"{""k_atr"": 2.0, ""n"": 55}",obj3R_be,reducido50,todos,long,68106,-0.15657,-30060.05,-0.23289,busqueda_24m
1790810557,1,donchian,15,"{""k_atr"": 2.0, ""n"": 55}",obj3R_be,reducido50,todos,short,67540,-0.13383,-30145.29,-0.13825,busqueda_24m
1790810557,1,donchian,15,"{""k_atr"": 2.0, ""n"": 55}",obj5pct,reducido50,todos,ambos,135646,-0.13262,-50966.81,-1.10981,busqueda_24m
1790810557,1,donchian,15,"{""k_atr"": 2.0, ""n"": 55}",obj5pct,reducido50,todos,long,68106,-0.14777,-27215.97,-0.97796,busqueda_24m
1790810557,1,donchian,15,"{""k_atr"": 2.0, ""n"": 55}",obj5pct,reducido50,todos,short,67540,-0.11734,-23750.84,-0.65872,busqueda_24m
1790810557,1,donchian,15,"{""k_atr"": 2.0, ""n"": 55}",obj10pct,reducido50,todos,ambos,135646,-0.13012,-50584.98,-0.63214,busqueda_24m
1790810557,1,donchian,15,"{""k_atr"": 2.0, ""n"": 55}",obj10pct,reducido50,todos,long,68106,-0.14727,-27321.93,-0.55346,busqueda_24m
1790810557,1,donchian,15,"{""k_atr"": 2.0, ""n"": 55}",obj10pct,reducido50,todos,short,67540,-0.11281,-23263.06,-0.3819,busqueda_24m
1790810557,1,donchian,15,"{""k_atr"": 2.0, ""n"": 55}",obj20pct,reducido50,todos,ambos,135646,-0.13389,-53689.01,-0.37017,busqueda_24m
1790810557,1,donchian,15,"{""k_atr"": 2.0, ""n"": 55}",obj20pct,reducido50,todos,long,68106,-0.15283,-28774.92,-0.33443,busqueda_24m
1790810557,1,donchian,15,"{""k_atr"": 2.0, ""n"": 55}",obj20pct,reducido50,todos,short,67540,-0.1148,-24914.09,-0.22131,busqueda_24m
1790810557,1,donchian,15,"{""k_atr"": 2.0, ""n"": 55}",obj30pct,reducido50,todos,ambos,135646,-0.13412,-54549.76,-0.27512,busqueda_24m
1790810557,1,donchian,15,"{""k_atr"": 2.0, ""n"": 55}",obj30pct,reducido50,todos,long,68106,-0.15178,-28555.79,-0.26003,busqueda_24m
1790810557,1,donchian,15,"{""k_atr"": 2.0, ""n"": 55}",obj30pct,reducido50,todos,short,67540,-0.11632,-25993.97,-0.16365,busqueda_24m
1790810557,1,donchian,15,"{""k_atr"": 2.0, ""n"": 55}",obj50pct,reducido50,todos,ambos,135646,-0.13399,-55451.85,-0.21062,busqueda_24m
1790810557,1,donchian,15,"{""k_atr"": 2.0, ""n"": 55}",obj50pct,reducido50,todos,long,68106,-0.14895,-27591.76,-0.19984,busqueda_24m
1790810557,1,donchian,15,"{""k_atr"": 2.0, ""n"": 55}",obj50pct,reducido50,todos,short,67540,-0.1189,-27860.09,-0.12877,busqueda_24m
1790810557,1,donchian,15,"{""k_atr"": 2.0, ""n"": 55}",obj1R,reducido50,todos,ambos,135646,-0.12715,-43210.46,-0.26875,busqueda_24m
1790810557,1,donchian,15,"{""k_atr"": 2.0, ""n"": 55}",obj1R,reducido50,todos,long,67540,-0.13488,-22994.66,-0.17597,busqueda_24m
1790810557,1,donchian,15,"{""k_atr"": 2.0, ""n"": 55}",obj1R,reducido50,todos,short,68106,-0.11949,-20215.8,-0.20122,busqueda_24m
1790810557,1,donchian,15,"{""k_atr"": 2.0, ""n"": 55}",obj2R,reducido50,todos,ambos,135646,-0.13122,-41339.21,-0.1912,busqueda_24m
1790810557,1,donchian,15,"{""k_atr"": 2.0, ""n"": 55}",obj2R,reducido50,todos,long,67540,-0.14125,-20489.88,-0.1096,busqueda_24m
1790810557,1,donchian,15,"{""k_atr"": 2.0, ""n"": 55}",obj2R,reducido50,todos,short,68106,-0.12128,-20849.33,-0.13695,busqueda_24m
1790810557,1,donchian,15,"{""k_atr"": 2.0, ""n"": 55}",obj3R,reducido50,todos,ambos,135646,-0.13307,-41217.3,-0.17294,busqueda_24m
1790810557,1,donchian,15,"{""k_atr"": 2.0, ""n"": 55}",obj3R,reducido50,todos,long,67540,-0.14601,-20732.61,-0.0935,busqueda_24m
1790810557,1,donchian,15,"{""k_atr"": 2.0, ""n"": 55}",obj3R,reducido50,todos,short,68106,-0.12023,-20484.69,-0.1162,busqueda_24m
1790810557,1,donchian,15,"{""k_atr"": 2.0, ""n"": 55}",trail2R,reducido50,todos,ambos,135646,-0.13084,-41604.33,-0.18264,busqueda_24m
1790810557,1,donchian,15,"{""k_atr"": 2.0, ""n"": 55}",trail2R,reducido50,todos,long,67540,-0.14592,-21455.41,-0.09645,busqueda_24m
1790810557,1,donchian,15,"{""k_atr"": 2.0, ""n"": 55}",trail2R,reducido50,todos,short,68106,-0.11589,-20148.92,-0.11354,busqueda_24m
1790810557,1,donchian,15,"{""k_atr"": 2.0, ""n"": 55}",trail3R,reducido50,todos,ambos,135646,-0.13174,-42550.82,-0.18092,busqueda_24m
1790810557,1,donchian,15,"{""k_atr"": 2.0, ""n"": 55}",trail3R,reducido50,todos,long,67540,-0.15076,-22546.38,-0.09557,busqueda_24m
1790810557,1,donchian,15,"{""k_atr"": 2.0, ""n"": 55}",trail3R,reducido50,todos,short,68106,-0.11288,-20004.45,-0.10515,busqueda_24m
1790810557,1,donchian,15,"{""k_atr"": 2.0, ""n"": 55}",obj3R_be,reducido50,todos,ambos,135646,-0.13177,-40992.73,-0.17947,busqueda_24m
1790810557,1,donchian,15,"{""k_atr"": 2.0, ""n"": 55}",obj3R_be,reducido50,todos,long,67540,-0.1414,-20332.98,-0.09632,busqueda_24m
1790810557,1,donchian,15,"{""k_atr"": 2.0, ""n"": 55}",obj3R_be,reducido50,todos,short,68106,-0.12221,-20659.75,-0.12362,busqueda_24m
1790810557,1,donchian,15,"{""k_atr"": 2.0, ""n"": 55}",obj5pct,reducido50,todos,ambos,135646,-0.12376,-43652.08,-0.65387,busqueda_24m
1790810557,1,donchian,15,"{""k_atr"": 2.0, ""n"": 55}",obj5pct,reducido50,todos,long,67540,-0.12446,-22530.1,-0.39079,busqueda_24m
1790810557,1,donchian,15,"{""k_atr"": 2.0, ""n"": 55}",obj5pct,reducido50,todos,short,68106,-0.12307,-21121.98,-0.50211,busqueda_24m
1790810557,1,donchian,15,"{""k_atr"": 2.0, ""n"": 55}",obj10pct,reducido50,todos,ambos,135646,-0.12966,-44795.43,-0.43487,busqueda_24m
1790810557,1,donchian,15,"{""k_atr"": 2.0, ""n"": 55}",obj10pct,reducido50,todos,long,67540,-0.13853,-24778.55,-0.28189,busqueda_24m
1790810557,1,donchian,15,"{""k_atr"": 2.0, ""n"": 55}",obj10pct,reducido50,todos,short,68106,-0.12087,-20016.89,-0.30722,busqueda_24m
1790810557,1,donchian,15,"{""k_atr"": 2.0, ""n"": 55}",obj20pct,reducido50,todos,ambos,135646,-0.13241,-45493.75,-0.29881,busqueda_24m
1790810557,1,donchian,15,"{""k_atr"": 2.0, ""n"": 55}",obj20pct,reducido50,todos,long,67540,-0.14598,-25729.78,-0.20012,busqueda_24m
1790810557,1,donchian,15,"{""k_atr"": 2.0, ""n"": 55}",obj20pct,reducido50,todos,short,68106,-0.11895,-19763.97,-0.191,busqueda_24m
1790810557,1,donchian,15,"{""k_atr"": 2.0, ""n"": 55}",obj30pct,reducido50,todos,ambos,135646,-0.13203,-44871.64,-0.24519,busqueda_24m
1790810557,1,donchian,15,"{""k_atr"": 2.0, ""n"": 55}",obj30pct,reducido50,todos,long,67540,-0.14806,-25544.27,-0.16194,busqueda_24m
1790810557,1,donchian,15,"{""k_atr"": 2.0, ""n"": 55}",obj30pct,reducido50,todos,short,68106,-0.11613,-19327.37,-0.14695,busqueda_24m
1790810557,1,donchian,15,"{""k_atr"": 2.0, ""n"": 55}",obj50pct,reducido50,todos,ambos,135646,-0.13242,-45476.98,-0.2188,busqueda_24m
1790810557,1,donchian,15,"{""k_atr"": 2.0, ""n"": 55}",obj50pct,reducido50,todos,long,67540,-0.15007,-25683.71,-0.13144,busqueda_24m
1790810557,1,donchian,15,"{""k_atr"": 2.0, ""n"": 55}",obj50pct,reducido50,todos,short,68106,-0.11492,-19793.27,-0.12142,busqueda_24m
1790810557,1,rsi2,15,"{""k_atr"": 2.0, ""sma_filtro"": 200, ""umbral"": 5.0}",obj1R,reducido50,todos,ambos,102350,-0.11712,-33006.84,-0.26653,busqueda_24m
1790810557,1,rsi2,15,"{""k_atr"": 2.0, ""sma_filtro"": 200, ""umbral"": 5.0}",obj1R,reducido50,todos,long,49031,-0.13531,-17107.86,-0.21276,busqueda_24m
1790810557,1,rsi2,15,"{""k_atr"": 2.0, ""sma_filtro"": 200, ""umbral"": 5.0}",obj1R,reducido50,todos,short,53319,-0.10039,-15898.98,-0.15791,busqueda_24m
1790810557,1,rsi2,15,"{""k_atr"": 2.0, ""sma_filtro"": 200, ""umbral"": 5.0}",obj2R,reducido50,todos,ambos,102350,-0.11428,-34827.82,-0.19877,busqueda_24m
1790810557,1,rsi2,15,"{""k_atr"": 2.0, ""sma_filtro"": 200, ""umbral"": 5.0}",obj2R,reducido50,todos,long,49031,-0.14743,-19679.88,-0.18324,busqueda_24m
1790810557,1,rsi2,15,"{""k_atr"": 2.0, ""sma_filtro"": 200, ""umbral"": 5.0}",obj2R,reducido50,todos,short,53319,-0.0838,-15147.94,-0.10226,busqueda_24m
1790810557,1,rsi2,15,"{""k_atr"": 2.0, ""sma_filtro"": 200, ""umbral"": 5.0}",obj3R,reducido50,todos,ambos,102350,-0.10674,-32198.88,-0.16833,busqueda_24m
1790810557,1,rsi2,15,"{""k_atr"": 2.0, ""sma_filtro"": 200, ""umbral"": 5.0}",obj3R,reducido50,todos,long,49031,-0.14576,-19168.17,-0.16138,busqueda_24m
1790810557,1,rsi2,15,"{""k_atr"": 2.0, ""sma_filtro"": 200, ""umbral"": 5.0}",obj3R,reducido50,todos,short,53319,-0.07086,-13030.71,-0.08246,busqueda_24m
1790810557,1,rsi2,15,"{""k_atr"": 2.0, ""sma_filtro"": 200, ""umbral"": 5.0}",trail2R,reducido50,todos,ambos,102350,-0.10313,-31241.25,-0.16381,busqueda_24m
1790810557,1,rsi2,15,"{""k_atr"": 2.0, ""sma_filtro"": 200, ""umbral"": 5.0}",trail2R,reducido50,todos,long,49031,-0.14461,-19235.51,-0.16733,busqueda_24m
1790810557,1,rsi2,15,"{""k_atr"": 2.0, ""sma_filtro"": 200, ""umbral"": 5.0}",trail2R,reducido50,todos,short,53319,-0.06499,-12005.74,-0.07586,busqueda_24m
1790810557,1,rsi2,15,"{""k_atr"": 2.0, ""sma_filtro"": 200, ""umbral"": 5.0}",trail3R,reducido50,todos,ambos,102350,-0.10196,-30946.57,-0.15588,busqueda_24m
1790810557,1,rsi2,15,"{""k_atr"": 2.0, ""sma_filtro"": 200, ""umbral"": 5.0}",trail3R,reducido50,todos,long,49031,-0.14505,-18910.43,-0.14926,busqueda_24m
1790810557,1,rsi2,15,"{""k_atr"": 2.0, ""sma_filtro"": 200, ""umbral"": 5.0}",trail3R,reducido50,todos,short,53319,-0.06233,-12036.14,-0.07534,busqueda_24m
1790810557,1,rsi2,15,"{""k_atr"": 2.0, ""sma_filtro"": 200, ""umbral"": 5.0}",obj3R_be,reducido50,todos,ambos,102350,-0.10601,-31915.92,-0.17746,busqueda_24m
1790810557,1,rsi2,15,"{""k_atr"": 2.0, ""sma_filtro"": 200, ""umbral"": 5.0}",obj3R_be,reducido50,todos,long,49031,-0.14567,-19249.57,-0.17365,busqueda_24m
1790810557,1,rsi2,15,"{""k_atr"": 2.0, ""sma_filtro"": 200, ""umbral"": 5.0}",obj3R_be,reducido50,todos,short,53319,-0.06953,-12666.36,-0.08533,busqueda_24m
1790810557,1,rsi2,15,"{""k_atr"": 2.0, ""sma_filtro"": 200, ""umbral"": 5.0}",obj5pct,reducido50,todos,ambos,102350,-0.11187,-28500.7,-0.55371,busqueda_24m
1790810557,1,rsi2,15,"{""k_atr"": 2.0, ""sma_filtro"": 200, ""umbral"": 5.0}",obj5pct,reducido50,todos,long,49031,-0.12239,-14665.02,-0.41291,busqueda_24m
1790810557,1,rsi2,15,"{""k_atr"": 2.0, ""sma_filtro"": 200, ""umbral"": 5.0}",obj5pct,reducido50,todos,short,53319,-0.1022,-13835.68,-0.35866,busqueda_24m
1790810557,1,rsi2,15,"{""k_atr"": 2.0, ""sma_filtro"": 200, ""umbral"": 5.0}",obj10pct,reducido50,todos,ambos,102350,-0.11212,-28879.08,-0.34877,busqueda_24m
1790810557,1,rsi2,15,"{""k_atr"": 2.0, ""sma_filtro"": 200, ""umbral"": 5.0}",obj10pct,reducido50,todos,long,49031,-0.13066,-15656.33,-0.27152,busqueda_24m
1790810557,1,rsi2,15,"{""k_atr"": 2.0, ""sma_filtro"": 200, ""umbral"": 5.0}",obj10pct,reducido50,todos,short,53319,-0.09507,-13222.76,-0.21205,busqueda_24m
1790810557,1,rsi2,15,"{""k_atr"": 2.0, ""sma_filtro"": 200, ""umbral"": 5.0}",obj20pct,reducido50,todos,ambos,102350,-0.10675,-28884.62,-0.23636,busqueda_24m
1790810557,1,rsi2,15,"{""k_atr"": 2.0, ""sma_filtro"": 200, ""umbral"": 5.0}",obj20pct,reducido50,todos,long,49031,-0.1364,-16753.9,-0.20716,busqueda_24m
1790810557,1,rsi2,15,"{""k_atr"": 2.0, ""sma_filtro"": 200, ""umbral"": 5.0}",obj20pct,reducido50,todos,short,53319,-0.07948,-12130.71,-0.12697,busqueda_24m
1790810557,1,rsi2,15,"{""k_atr"": 2.0, ""sma_filtro"": 200, ""umbral"": 5.0}",obj30pct,reducido50,todos,ambos,102350,-0.10787,-30181.25,-0.20258,busqueda_24m
1790810557,1,rsi2,15,"{""k_atr"": 2.0, ""sma_filtro"": 200, ""umbral"": 5.0}",obj30pct,reducido50,todos,long,49031,-0.14379,-17973.41,-0.18649,busqueda_24m
1790810557,1,rsi2,15,"{""k_atr"": 2.0, ""sma_filtro"": 200, ""umbral"": 5.0}",obj30pct,reducido50,todos,short,53319,-0.07485,-12207.84,-0.1019,busqueda_24m
1790810557,1,rsi2,15,"{""k_atr"": 2.0, ""sma_filtro"": 200, ""umbral"": 5.0}",obj50pct,reducido50,todos,ambos,102350,-0.10015,-29036.42,-0.16162,busqueda_24m
1790810557,1,rsi2,15,"{""k_atr"": 2.0, ""sma_filtro"": 200, ""umbral"": 5.0}",obj50pct,reducido50,todos,long,49031,-0.14211,-18012.49,-0.15981,busqueda_24m
1790810557,1,rsi2,15,"{""k_atr"": 2.0, ""sma_filtro"": 200, ""umbral"": 5.0}",obj50pct,reducido50,todos,short,53319,-0.06157,-11023.93,-0.07474,busqueda_24m
1790810557,1,rsi2,15,"{""k_atr"": 2.0, ""sma_filtro"": 200, ""umbral"": 5.0}",obj1R,reducido50,todos,ambos,102350,-0.16877,-43228.7,-0.37212,busqueda_24m
1790810557,1,rsi2,15,"{""k_atr"": 2.0, ""sma_filtro"": 200, ""umbral"": 5.0}",obj1R,reducido50,todos,long,53319,-0.1917,-24407.38,-0.25536,busqueda_24m
1790810557,1,rsi2,15,"{""k_atr"": 2.0, ""sma_filtro"": 200, ""umbral"": 5.0}",obj1R,reducido50,todos,short,49031,-0.14382,-18821.31,-0.23223,busqueda_24m
1790810557,1,rsi2,15,"{""k_atr"": 2.0, ""sma_filtro"": 200, ""umbral"": 5.0}",obj2R,reducido50,todos,ambos,102350,-0.1719,-44171.13,-0.24838,busqueda_24m
1790810557,1,rsi2,15,"{""k_atr"": 2.0, ""sma_filtro"": 200, ""umbral"": 5.0}",obj2R,reducido50,todos,long,53319,-0.19658,-24036.85,-0.16901,busqueda_24m
1790810557,1,rsi2,15,"{""k_atr"": 2.0, ""sma_filtro"": 200, ""umbral"": 5.0}",obj2R,reducido50,todos,short,49031,-0.14506,-20134.28,-0.15954,busqueda_24m
1790810557,1,rsi2,15,"{""k_atr"": 2.0, ""sma_filtro"": 200, ""umbral"": 5.0}",obj3R,reducido50,todos,ambos,102350,-0.17689,-46476.68,-0.22549,busqueda_24m
1790810557,1,rsi2,15,"{""k_atr"": 2.0, ""sma_filtro"": 200, ""umbral"": 5.0}",obj3R,reducido50,todos,long,53319,-0.20137,-25215.27,-0.15447,busqueda_24m
1790810557,1,rsi2,15,"{""k_atr"": 2.0, ""sma_filtro"": 200, ""umbral"": 5.0}",obj3R,reducido50,todos,short,49031,-0.15027,-21261.41,-0.1446,busqueda_24m
1790810557,1,rsi2,15,"{""k_atr"": 2.0, ""sma_filtro"": 200, ""umbral"": 5.0}",trail2R,reducido50,todos,ambos,102350,-0.17511,-46265.02,-0.22034,busqueda_24m
1790810557,1,rsi2,15,"{""k_atr"": 2.0, ""sma_filtro"": 200, ""umbral"": 5.0}",trail2R,reducido50,todos,long,53319,-0.19415,-24853.02,-0.15544,busqueda_24m
1790810557,1,rsi2,15,"{""k_atr"": 2.0, ""sma_filtro"": 200, ""umbral"": 5.0}",trail2R,reducido50,todos,short,49031,-0.15441,-21412.0,-0.13898,busqueda_24m
1790810557,1,rsi2,15,"{""k_atr"": 2.0, ""sma_filtro"": 200, ""umbral"": 5.0}",trail3R,reducido50,todos,ambos,102350,-0.17955,-47942.28,-0.21647,busqueda_24m
1790810557,1,rsi2,15,"{""k_atr"": 2.0, ""sma_filtro"": 200, ""umbral"": 5.0}",trail3R,reducido50,todos,long,53319,-0.20401,-26726.91,-0.15798,busqueda_24m
1790810557,1,rsi2,15,"{""k_atr"": 2.0, ""sma_filtro"": 200, ""umbral"": 5.0}",trail3R,reducido50,todos,short,49031,-0.15294,-21215.36,-0.12835,busqueda_24m
1790810557,1,rsi2,15,"{""k_atr"": 2.0, ""sma_filtro"": 200, ""umbral"": 5.0}",obj3R_be,reducido50,todos,ambos,102350,-0.17693,-46502.6,-0.23148,busqueda_24m
1790810557,1,rsi2,15,"{""k_atr"": 2.0, ""sma_filtro"": 200, ""umbral"": 5.0}",obj3R_be,reducido50,todos,long,53319,-0.19786,-24686.55,-0.15542,busqueda_24m
1790810557,1,rsi2,15,"{""k_atr"": 2.0, ""sma_filtro"": 200, ""umbral"": 5.0}",obj3R_be,reducido50,todos,short,49031,-0.15417,-21816.06,-0.1551,busqueda_24m
1790810557,1,rsi2,15,"{""k_atr"": 2.0, ""sma_filtro"": 200, ""umbral"": 5.0}",obj5pct,reducido50,todos,ambos,102350,-0.16107,-42781.21,-1.06363,busqueda_24m
1790810557,1,rsi2,15,"{""k_atr"": 2.0, ""sma_filtro"": 200, ""umbral"": 5.0}",obj5pct,reducido50,todos,long,53319,-0.17959,-24452.43,-0.67144,busqueda_24m
1790810557,1,rsi2,15,"{""k_atr"": 2.0, ""sma_filtro"": 200, ""umbral"": 5.0}",obj5pct,reducido50,todos,short,49031,-0.14093,-18328.78,-0.58732,busqueda_24m
1790810557,1,rsi2,15,"{""k_atr"": 2.0, ""sma_filtro"": 200, ""umbral"": 5.0}",obj10pct,reducido50,todos,ambos,102350,-0.16888,-44873.78,-0.65871,busqueda_24m
1790810557,1,rsi2,15,"{""k_atr"": 2.0, ""sma_filtro"": 200, ""umbral"": 5.0}",obj10pct,reducido50,todos,long,53319,-0.19027,-26138.84,-0.46257,busqueda_24m
1790810557,1,rsi2,15,"{""k_atr"": 2.0, ""sma_filtro"": 200, ""umbral"": 5.0}",obj10pct,reducido50,todos,short,49031,-0.14561,-18734.94,-0.36234,busqueda_24m
1790810557,1,rsi2,15,"{""k_atr"": 2.0, ""sma_filtro"": 200, ""umbral"": 5.0}",obj20pct,reducido50,todos,ambos,102350,-0.16943,-44001.32,-0.38528,busqueda_24m
1790810557,1,rsi2,15,"{""k_atr"": 2.0, ""sma_filtro"": 200, ""umbral"": 5.0}",obj20pct,reducido50,todos,long,53319,-0.19706,-26593.37,-0.29939,busqueda_24m
1790810557,1,rsi2,15,"{""k_atr"": 2.0, ""sma_filtro"": 200, ""umbral"": 5.0}",obj20pct,reducido50,todos,short,49031,-0.13939,-17407.95,-0.19832,busqueda_24m
1790810557,1,rsi2,15,"{""k_atr"": 2.0, ""sma_filtro"": 200, ""umbral"": 5.0}",obj30pct,reducido50,todos,ambos,102350,-0.17017,-44171.02,-0.29898,busqueda_24m
1790810557,1,rsi2,15,"{""k_atr"": 2.0, ""sma_filtro"": 200, ""umbral"": 5.0}",obj30pct,reducido50,todos,long,53319,-0.19558,-26316.31,-0.2363,busqueda_24m
1790810557,1,rsi2,15,"{""k_atr"": 2.0, ""sma_filtro"": 200, ""umbral"": 5.0}",obj30pct,reducido50,todos,short,49031,-0.14254,-17854.72,-0.15436,busqueda_24m
1790810557,1,rsi2,15,"{""k_atr"": 2.0, ""sma_filtro"": 200, ""umbral"": 5.0}",obj50pct,reducido50,todos,ambos,102350,-0.17575,-45789.75,-0.24058,busqueda_24m
1790810557,1,rsi2,15,"{""k_atr"": 2.0, ""sma_filtro"": 200, ""umbral"": 5.0}",obj50pct,reducido50,todos,long,53319,-0.20285,-26809.79,-0.18722,busqueda_24m
1790810557,1,rsi2,15,"{""k_atr"": 2.0, ""sma_filtro"": 200, ""umbral"": 5.0}",obj50pct,reducido50,todos,short,49031,-0.14627,-18979.96,-0.12826,busqueda_24m
1790810557,1,rsi2,15,"{""k_atr"": 2.0, ""sma_filtro"": 200, ""umbral"": 10.0}",obj1R,reducido50,todos,ambos,222609,-0.12485,-76519.47,-0.33398,busqueda_24m
1790810557,1,rsi2,15,"{""k_atr"": 2.0, ""sma_filtro"": 200, ""umbral"": 10.0}",obj1R,reducido50,todos,long,105679,-0.14764,-39359.63,-0.26833,busqueda_24m
1790810557,1,rsi2,15,"{""k_atr"": 2.0, ""sma_filtro"": 200, ""umbral"": 10.0}",obj1R,reducido50,todos,short,116930,-0.10426,-37159.85,-0.19096,busqueda_24m
1790810557,1,rsi2,15,"{""k_atr"": 2.0, ""sma_filtro"": 200, ""umbral"": 10.0}",obj2R,reducido50,todos,ambos,222609,-0.11869,-78813.68,-0.24178,busqueda_24m
1790810557,1,rsi2,15,"{""k_atr"": 2.0, ""sma_filtro"": 200, ""umbral"": 10.0}",obj2R,reducido50,todos,long,105679,-0.15396,-42794.03,-0.2137,busqueda_24m
1790810557,1,rsi2,15,"{""k_atr"": 2.0, ""sma_filtro"": 200, ""umbral"": 10.0}",obj2R,reducido50,todos,short,116930,-0.08681,-36019.65,-0.12757,busqueda_24m
1790810557,1,rsi2,15,"{""k_atr"": 2.0, ""sma_filtro"": 200, ""umbral"": 10.0}",obj3R,reducido50,todos,ambos,222609,-0.11159,-74999.73,-0.2102,busqueda_24m
1790810557,1,rsi2,15,"{""k_atr"": 2.0, ""sma_filtro"": 200, ""umbral"": 10.0}",obj3R,reducido50,todos,long,105679,-0.15247,-42512.3,-0.19067,busqueda_24m
1790810557,1,rsi2,15,"{""k_atr"": 2.0, ""sma_filtro"": 200, ""umbral"": 10.0}",obj3R,reducido50,todos,short,116930,-0.07464,-32487.43,-0.10753,busqueda_24m
1790810557,1,rsi2,15,"{""k_atr"": 2.0, ""sma_filtro"": 200, ""umbral"": 10.0}",trail2R,reducido50,todos,ambos,222609,-0.10828,-72407.67,-0.2055,busqueda_24m
1790810557,1,rsi2,15,"{""k_atr"": 2.0, ""sma_filtro"": 200, ""umbral"": 10.0}",trail2R,reducido50,todos,long,105679,-0.1518,-41802.05,-0.19474,busqueda_24m
1790810557,1,rsi2,15,"{""k_atr"": 2.0, ""sma_filtro"": 200, ""umbral"": 10.0}",trail2R,reducido50,todos,short,116930,-0.06895,-30605.61,-0.10329,busqueda_24m
1790810557,1,rsi2,15,"{""k_atr"": 2.0, ""sma_filtro"": 200, ""umbral"": 10.0}",trail3R,reducido50,todos,ambos,222609,-0.1053,-71626.38,-0.19488,busqueda_24m
1790810557,1,rsi2,15,"{""k_atr"": 2.0, ""sma_filtro"": 200, ""umbral"": 10.0}",trail3R,reducido50,todos,long,105679,-0.14986,-41120.01,-0.17378,busqueda_24m
1790810557,1,rsi2,15,"{""k_atr"": 2.0, ""sma_filtro"": 200, ""umbral"": 10.0}",trail3R,reducido50,todos,short,116930,-0.06503,-30506.37,-0.1011,busqueda_24m
1790810557,1,rsi2,15,"{""k_atr"": 2.0, ""sma_filtro"": 200, ""umbral"": 10.0}",obj3R_be,reducido50,todos,ambos,222609,-0.1124,-75256.39,-0.22465,busqueda_24m
1790810557,1,rsi2,15,"{""k_atr"": 2.0, ""sma_filtro"": 200, ""umbral"": 10.0}",obj3R_be,reducido50,todos,long,105679,-0.15347,-42942.74,-0.2066,busqueda_24m
1790810557,1,rsi2,15,"{""k_atr"": 2.0, ""sma_filtro"": 200, ""umbral"": 10.0}",obj3R_be,reducido50,todos,short,116930,-0.07527,-32313.65,-0.11418,busqueda_24m
1790810557,1,rsi2,15,"{""k_atr"": 2.0, ""sma_filtro"": 200, ""umbral"": 10.0}",obj5pct,reducido50,todos,ambos,222609,-0.11768,-65039.78,-0.70638,busqueda_24m
1790810557,1,rsi2,15,"{""k_atr"": 2.0, ""sma_filtro"": 200, ""umbral"": 10.0}",obj5pct,reducido50,todos,long,105679,-0.13238,-33914.61,-0.53236,busqueda_24m
1790810557,1,rsi2,15,"{""k_atr"": 2.0, ""sma_filtro"": 200, ""umbral"": 10.0}",obj5pct,reducido50,todos,short,116930,-0.1044,-31125.17,-0.44037,busqueda_24m
1790810557,1,rsi2,15,"{""k_atr"": 2.0, ""sma_filtro"": 200, ""umbral"": 10.0}",obj10pct,reducido50,todos,ambos,222609,-0.11787,-66632.23,-0.44416,busqueda_24m
1790810557,1,rsi2,15,"{""k_atr"": 2.0, ""sma_filtro"": 200, ""umbral"": 10.0}",obj10pct,reducido50,todos,long,105679,-0.14298,-37044.46,-0.3589,busqueda_24m
1790810557,1,rsi2,15,"{""k_atr"": 2.0, ""sma_filtro"": 200, ""umbral"": 10.0}",obj10pct,reducido50,todos,short,116930,-0.09518,-29587.78,-0.24918,busqueda_24m
1790810557,1,rsi2,15,"{""k_atr"": 2.0, ""sma_filtro"": 200, ""umbral"": 10.0}",obj20pct,reducido50,todos,ambos,222609,-0.11298,-67671.62,-0.2955,busqueda_24m
1790810557,1,rsi2,15,"{""k_atr"": 2.0, ""sma_filtro"": 200, ""umbral"": 10.0}",obj20pct,reducido50,todos,long,105679,-0.14688,-38733.13,-0.25774,busqueda_24m
1790810557,1,rsi2,15,"{""k_atr"": 2.0, ""sma_filtro"": 200, ""umbral"": 10.0}",obj20pct,reducido50,todos,short,116930,-0.08234,-28938.48,-0.15329,busqueda_24m
1790810557,1,rsi2,15,"{""k_atr"": 2.0, ""sma_filtro"": 200, ""umbral"": 10.0}",obj30pct,reducido50,todos,ambos,222609,-0.10998,-67636.28,-0.23678,busqueda_24m
1790810557,1,rsi2,15,"{""k_atr"": 2.0, ""sma_filtro"": 200, ""umbral"": 10.0}",obj30pct,reducido50,todos,long,105679,-0.14993,-39405.15,-0.21718,busqueda_24m
1790810557,1,rsi2,15,"{""k_atr"": 2.0, ""sma_filtro"": 200, ""umbral"": 10.0}",obj30pct,reducido50,todos,short,116930,-0.07388,-28231.14,-0.11749,busqueda_24m
1790810557,1,rsi2,15,"{""k_atr"": 2.0, ""sma_filtro"": 200, ""umbral"": 10.0}",obj50pct,reducido50,todos,ambos,222609,-0.1026,-65480.12,-0.19033,busqueda_24m
1790810557,1,rsi2,15,"{""k_atr"": 2.0, ""sma_filtro"": 200, ""umbral"": 10.0}",obj50pct,reducido50,todos,long,105679,-0.14608,-38824.77,-0.18385,busqueda_24m
1790810557,1,rsi2,15,"{""k_atr"": 2.0, ""sma_filtro"": 200, ""umbral"": 10.0}",obj50pct,reducido50,todos,short,116930,-0.0633,-26655.36,-0.09113,busqueda_24m
1790810557,1,rsi2,15,"{""k_atr"": 2.0, ""sma_filtro"": 200, ""umbral"": 10.0}",obj1R,reducido50,todos,ambos,222609,-0.16272,-89284.26,-0.41556,busqueda_24m
1790810557,1,rsi2,15,"{""k_atr"": 2.0, ""sma_filtro"": 200, ""umbral"": 10.0}",obj1R,reducido50,todos,long,116930,-0.18707,-50918.92,-0.26991,busqueda_24m
1790810557,1,rsi2,15,"{""k_atr"": 2.0, ""sma_filtro"": 200, ""umbral"": 10.0}",obj1R,reducido50,todos,short,105679,-0.13577,-38365.34,-0.2572,busqueda_24m
1790810557,1,rsi2,15,"{""k_atr"": 2.0, ""sma_filtro"": 200, ""umbral"": 10.0}",obj2R,reducido50,todos,ambos,222609,-0.16537,-91402.64,-0.27472,busqueda_24m
1790810557,1,rsi2,15,"{""k_atr"": 2.0, ""sma_filtro"": 200, ""umbral"": 10.0}",obj2R,reducido50,todos,long,116930,-0.19096,-50475.27,-0.17734,busqueda_24m
1790810557,1,rsi2,15,"{""k_atr"": 2.0, ""sma_filtro"": 200, ""umbral"": 10.0}",obj2R,reducido50,todos,short,105679,-0.13705,-40927.37,-0.17243,busqueda_24m
1790810557,1,rsi2,15,"{""k_atr"": 2.0, ""sma_filtro"": 200, ""umbral"": 10.0}",obj3R,reducido50,todos,ambos,222609,-0.17127,-96736.7,-0.26039,busqueda_24m
1790810557,1,rsi2,15,"{""k_atr"": 2.0, ""sma_filtro"": 200, ""umbral"": 10.0}",obj3R,reducido50,todos,long,116930,-0.19357,-52738.64,-0.1679,busqueda_24m
1790810557,1,rsi2,15,"{""k_atr"": 2.0, ""sma_filtro"": 200, ""umbral"": 10.0}",obj3R,reducido50,todos,short,105679,-0.14659,-43998.06,-0.16096,busqueda_24m
1790810557,1,rsi2,15,"{""k_atr"": 2.0, ""sma_filtro"": 200, ""umbral"": 10.0}",trail2R,reducido50,todos,ambos,222609,-0.1715,-97340.91,-0.25683,busqueda_24m
1790810557,1,rsi2,15,"{""k_atr"": 2.0, ""sma_filtro"": 200, ""umbral"": 10.0}",trail2R,reducido50,todos,long,116930,-0.19033,-52125.68,-0.16621,busqueda_24m
1790810557,1,rsi2,15,"{""k_atr"": 2.0, ""sma_filtro"": 200, ""umbral"": 10.0}",trail2R,reducido50,todos,short,105679,-0.15066,-45215.22,-0.16039,busqueda_24m
1790810557,1,rsi2,15,"{""k_atr"": 2.0, ""sma_filtro"": 200, ""umbral"": 10.0}",trail3R,reducido50,todos,ambos,222609,-0.17423,-100142.63,-0.25093,busqueda_24m
1790810557,1,rsi2,15,"{""k_atr"": 2.0, ""sma_filtro"": 200, ""umbral"": 10.0}",trail3R,reducido50,todos,long,116930,-0.19611,-55127.79,-0.16678,busqueda_24m
1790810557,1,rsi2,15,"{""k_atr"": 2.0, ""sma_filtro"": 200, ""umbral"": 10.0}",trail3R,reducido50,todos,short,105679,-0.15003,-45014.84,-0.14929,busqueda_24m
1790810557,1,rsi2,15,"{""k_atr"": 2.0, ""sma_filtro"": 200, ""umbral"": 10.0}",obj3R_be,reducido50,todos,ambos,222609,-0.17152,-96650.41,-0.26654,busqueda_24m
1790810557,1,rsi2,15,"{""k_atr"": 2.0, ""sma_filtro"": 200, ""umbral"": 10.0}",obj3R_be,reducido50,todos,long,116930,-0.19195,-51700.71,-0.16922,busqueda_24m
1790810557,1,rsi2,15,"{""k_atr"": 2.0, ""sma_filtro"": 200, ""umbral"": 10.0}",obj3R_be,reducido50,todos,short,105679,-0.14891,-44949.69,-0.172,busqueda_24m
1790810557,1,rsi2,15,"{""k_atr"": 2.0, ""sma_filtro"": 200, ""umbral"": 10.0}",obj5pct,reducido50,todos,ambos,222609,-0.15822,-90387.42,-1.25338,busqueda_24m
1790810557,1,rsi2,15,"{""k_atr"": 2.0, ""sma_filtro"": 200, ""umbral"": 10.0}",obj5pct,reducido50,todos,long,116930,-0.17842,-53015.52,-0.75226,busqueda_24m
1790810557,1,rsi2,15,"{""k_atr"": 2.0, ""sma_filtro"": 200, ""umbral"": 10.0}",obj5pct,reducido50,todos,short,105679,-0.13586,-37371.9,-0.64074,busqueda_24m
1790810557,1,rsi2,15,"{""k_atr"": 2.0, ""sma_filtro"": 200, ""umbral"": 10.0}",obj10pct,reducido50,todos,ambos,222609,-0.16276,-92676.31,-0.72276,busqueda_24m
1790810557,1,rsi2,15,"{""k_atr"": 2.0, ""sma_filtro"": 200, ""umbral"": 10.0}",obj10pct,reducido50,todos,long,116930,-0.1879,-55842.17,-0.48927,busqueda_24m
1790810557,1,rsi2,15,"{""k_atr"": 2.0, ""sma_filtro"": 200, ""umbral"": 10.0}",obj10pct,reducido50,todos,short,105679,-0.13493,-36834.14,-0.37902,busqueda_24m
1790810557,1,rsi2,15,"{""k_atr"": 2.0, ""sma_filtro"": 200, ""umbral"": 10.0}",obj20pct,reducido50,todos,ambos,222609,-0.16348,-91884.45,-0.43191,busqueda_24m
1790810557,1,rsi2,15,"{""k_atr"": 2.0, ""sma_filtro"": 200, ""umbral"": 10.0}",obj20pct,reducido50,todos,long,116930,-0.18983,-55479.41,-0.31145,busqueda_24m
1790810557,1,rsi2,15,"{""k_atr"": 2.0, ""sma_filtro"": 200, ""umbral"": 10.0}",obj20pct,reducido50,todos,short,105679,-0.13431,-36405.04,-0.22132,busqueda_24m
1790810557,1,rsi2,15,"{""k_atr"": 2.0, ""sma_filtro"": 200, ""umbral"": 10.0}",obj30pct,reducido50,todos,ambos,222609,-0.16437,-91912.35,-0.33772,busqueda_24m
1790810557,1,rsi2,15,"{""k_atr"": 2.0, ""sma_filtro"": 200, ""umbral"": 10.0}",obj30pct,reducido50,todos,long,116930,-0.18824,-54408.52,-0.2444,busqueda_24m
1790810557,1,rsi2,15,"{""k_atr"": 2.0, ""sma_filtro"": 200, ""umbral"": 10.0}",obj30pct,reducido50,todos,short,105679,-0.13795,-37503.82,-0.1746,busqueda_24m
1790810557,1,rsi2,15,"{""k_atr"": 2.0, ""sma_filtro"": 200, ""umbral"": 10.0}",obj50pct,reducido50,todos,ambos,222609,-0.17194,-96684.6,-0.28213,busqueda_24m
1790810557,1,rsi2,15,"{""k_atr"": 2.0, ""sma_filtro"": 200, ""umbral"": 10.0}",obj50pct,reducido50,todos,long,116930,-0.19565,-55819.82,-0.19803,busqueda_24m
1790810557,1,rsi2,15,"{""k_atr"": 2.0, ""sma_filtro"": 200, ""umbral"": 10.0}",obj50pct,reducido50,todos,short,105679,-0.1457,-40864.77,-0.15043,busqueda_24m
1790810557,1,ema_cross,60,"{""k_atr"": 2.0, ""lenta"": 21, ""rapida"": 9}",obj1R,reducido50,todos,ambos,29699,-0.0437,-7541.39,-0.12297,busqueda_24m
1790810557,1,ema_cross,60,"{""k_atr"": 2.0, ""lenta"": 21, ""rapida"": 9}",obj1R,reducido50,todos,long,14840,-0.06315,-5715.37,-0.08798,busqueda_24m
1790810557,1,ema_cross,60,"{""k_atr"": 2.0, ""lenta"": 21, ""rapida"": 9}",obj1R,reducido50,todos,short,14859,-0.02427,-1826.02,-0.02804,busqueda_24m
1790810557,1,ema_cross,60,"{""k_atr"": 2.0, ""lenta"": 21, ""rapida"": 9}",obj2R,reducido50,todos,ambos,29699,-0.03878,-8849.57,-0.08671,busqueda_24m
1790810557,1,ema_cross,60,"{""k_atr"": 2.0, ""lenta"": 21, ""rapida"": 9}",obj2R,reducido50,todos,long,14840,-0.05784,-5990.73,-0.06918,busqueda_24m
1790810557,1,ema_cross,60,"{""k_atr"": 2.0, ""lenta"": 21, ""rapida"": 9}",obj2R,reducido50,todos,short,14859,-0.01974,-2858.84,-0.02945,busqueda_24m
1790810557,1,ema_cross,60,"{""k_atr"": 2.0, ""lenta"": 21, ""rapida"": 9}",obj3R,reducido50,todos,ambos,29699,-0.02203,-7200.01,-0.05922,busqueda_24m
1790810557,1,ema_cross,60,"{""k_atr"": 2.0, ""lenta"": 21, ""rapida"": 9}",obj3R,reducido50,todos,long,14840,-0.03924,-5194.55,-0.05461,busqueda_24m
1790810557,1,ema_cross,60,"{""k_atr"": 2.0, ""lenta"": 21, ""rapida"": 9}",obj3R,reducido50,todos,short,14859,-0.00484,-2005.46,-0.01857,busqueda_24m
1790810557,1,ema_cross,60,"{""k_atr"": 2.0, ""lenta"": 21, ""rapida"": 9}",trail2R,reducido50,todos,ambos,29699,0.0031,-3855.52,-0.02532,busqueda_24m
1790810557,1,ema_cross,60,"{""k_atr"": 2.0, ""lenta"": 21, ""rapida"": 9}",trail2R,reducido50,todos,long,14840,-0.0324,-5140.22,-0.05403,busqueda_24m
1790810557,1,ema_cross,60,"{""k_atr"": 2.0, ""lenta"": 21, ""rapida"": 9}",trail2R,reducido50,todos,short,14859,0.03856,1284.69,0.00962,busqueda_24m
1790810557,1,ema_cross,60,"{""k_atr"": 2.0, ""lenta"": 21, ""rapida"": 9}",trail3R,reducido50,todos,ambos,29699,0.00324,-3284.36,-0.01965,busqueda_24m
1790810557,1,ema_cross,60,"{""k_atr"": 2.0, ""lenta"": 21, ""rapida"": 9}",trail3R,reducido50,todos,long,14840,-0.03285,-4620.92,-0.04432,busqueda_24m
1790810557,1,ema_cross,60,"{""k_atr"": 2.0, ""lenta"": 21, ""rapida"": 9}",trail3R,reducido50,todos,short,14859,0.03929,1336.55,0.00922,busqueda_24m
1790810557,1,ema_cross,60,"{""k_atr"": 2.0, ""lenta"": 21, ""rapida"": 9}",obj3R_be,reducido50,todos,ambos,29699,-0.02129,-6964.01,-0.059,busqueda_24m
1790810557,1,ema_cross,60,"{""k_atr"": 2.0, ""lenta"": 21, ""rapida"": 9}",obj3R_be,reducido50,todos,long,14840,-0.04348,-5407.44,-0.06019,busqueda_24m
1790810557,1,ema_cross,60,"{""k_atr"": 2.0, ""lenta"": 21, ""rapida"": 9}",obj3R_be,reducido50,todos,short,14859,0.00087,-1556.56,-0.01506,busqueda_24m
1790810557,1,ema_cross,60,"{""k_atr"": 2.0, ""lenta"": 21, ""rapida"": 9}",obj5pct,reducido50,todos,ambos,29699,-0.07139,-11892.98,-0.59816,busqueda_24m
1790810557,1,ema_cross,60,"{""k_atr"": 2.0, ""lenta"": 21, ""rapida"": 9}",obj5pct,reducido50,todos,long,14840,-0.07855,-6598.74,-0.37865,busqueda_24m
1790810557,1,ema_cross,60,"{""k_atr"": 2.0, ""lenta"": 21, ""rapida"": 9}",obj5pct,reducido50,todos,short,14859,-0.06424,-5294.24,-0.34397,busqueda_24m
1790810557,1,ema_cross,60,"{""k_atr"": 2.0, ""lenta"": 21, ""rapida"": 9}",obj10pct,reducido50,todos,ambos,29699,-0.06468,-11050.77,-0.38938,busqueda_24m
1790810557,1,ema_cross,60,"{""k_atr"": 2.0, ""lenta"": 21, ""rapida"": 9}",obj10pct,reducido50,todos,long,14840,-0.07231,-6300.61,-0.22063,busqueda_24m
1790810557,1,ema_cross,60,"{""k_atr"": 2.0, ""lenta"": 21, ""rapida"": 9}",obj10pct,reducido50,todos,short,14859,-0.05706,-4750.16,-0.18862,busqueda_24m
1790810557,1,ema_cross,60,"{""k_atr"": 2.0, ""lenta"": 21, ""rapida"": 9}",obj20pct,reducido50,todos,ambos,29699,-0.04803,-8620.6,-0.20473,busqueda_24m
1790810557,1,ema_cross,60,"{""k_atr"": 2.0, ""lenta"": 21, ""rapida"": 9}",obj20pct,reducido50,todos,long,14840,-0.06172,-5874.52,-0.12742,busqueda_24m
1790810557,1,ema_cross,60,"{""k_atr"": 2.0, ""lenta"": 21, ""rapida"": 9}",obj20pct,reducido50,todos,short,14859,-0.03436,-2746.08,-0.06302,busqueda_24m
1790810557,1,ema_cross,60,"{""k_atr"": 2.0, ""lenta"": 21, ""rapida"": 9}",obj30pct,reducido50,todos,ambos,29699,-0.03274,-6367.38,-0.11076,busqueda_24m
1790810557,1,ema_cross,60,"{""k_atr"": 2.0, ""lenta"": 21, ""rapida"": 9}",obj30pct,reducido50,todos,long,14840,-0.05074,-5195.36,-0.08701,busqueda_24m
1790810557,1,ema_cross,60,"{""k_atr"": 2.0, ""lenta"": 21, ""rapida"": 9}",obj30pct,reducido50,todos,short,14859,-0.01476,-1172.03,-0.01948,busqueda_24m
1790810557,1,ema_cross,60,"{""k_atr"": 2.0, ""lenta"": 21, ""rapida"": 9}",obj50pct,reducido50,todos,ambos,29699,-0.01798,-4408.42,-0.05248,busqueda_24m
1790810557,1,ema_cross,60,"{""k_atr"": 2.0, ""lenta"": 21, ""rapida"": 9}",obj50pct,reducido50,todos,long,14840,-0.04598,-4790.31,-0.06345,busqueda_24m
1790810557,1,ema_cross,60,"{""k_atr"": 2.0, ""lenta"": 21, ""rapida"": 9}",obj50pct,reducido50,todos,short,14859,0.00998,381.89,0.00443,busqueda_24m
1790810557,1,ema_cross,60,"{""k_atr"": 2.0, ""lenta"": 21, ""rapida"": 9}",obj1R,reducido50,todos,ambos,29699,-0.09125,-14059.68,-0.24038,busqueda_24m
1790810557,1,ema_cross,60,"{""k_atr"": 2.0, ""lenta"": 21, ""rapida"": 9}",obj1R,reducido50,todos,long,14859,-0.11053,-9311.69,-0.13926,busqueda_24m
1790810557,1,ema_cross,60,"{""k_atr"": 2.0, ""lenta"": 21, ""rapida"": 9}",obj1R,reducido50,todos,short,14840,-0.07194,-4748.0,-0.07213,busqueda_24m
1790810557,1,ema_cross,60,"{""k_atr"": 2.0, ""lenta"": 21, ""rapida"": 9}",obj2R,reducido50,todos,ambos,29699,-0.07291,-12409.25,-0.21354,busqueda_24m
1790810557,1,ema_cross,60,"{""k_atr"": 2.0, ""lenta"": 21, ""rapida"": 9}",obj2R,reducido50,todos,long,14859,-0.11886,-10922.46,-0.12025,busqueda_24m
1790810557,1,ema_cross,60,"{""k_atr"": 2.0, ""lenta"": 21, ""rapida"": 9}",obj2R,reducido50,todos,short,14840,-0.02689,-1486.79,-0.01541,busqueda_24m
1790810557,1,ema_cross,60,"{""k_atr"": 2.0, ""lenta"": 21, ""rapida"": 9}",obj3R,reducido50,todos,ambos,29699,-0.06112,-11064.69,-0.13036,busqueda_24m
1790810557,1,ema_cross,60,"{""k_atr"": 2.0, ""lenta"": 21, ""rapida"": 9}",obj3R,reducido50,todos,long,14859,-0.1151,-10675.92,-0.10631,busqueda_24m
1790810557,1,ema_cross,60,"{""k_atr"": 2.0, ""lenta"": 21, ""rapida"": 9}",obj3R,reducido50,todos,short,14840,-0.00708,-388.77,-0.0036,busqueda_24m
1790810557,1,ema_cross,60,"{""k_atr"": 2.0, ""lenta"": 21, ""rapida"": 9}",trail2R,reducido50,todos,ambos,29699,-0.03902,-8592.57,-0.07517,busqueda_24m
1790810557,1,ema_cross,60,"{""k_atr"": 2.0, ""lenta"": 21, ""rapida"": 9}",trail2R,reducido50,todos,long,14859,-0.09416,-9125.84,-0.09498,busqueda_24m
1790810557,1,ema_cross,60,"{""k_atr"": 2.0, ""lenta"": 21, ""rapida"": 9}",trail2R,reducido50,todos,short,14840,0.01619,533.27,0.0048,busqueda_24m
1790810557,1,ema_cross,60,"{""k_atr"": 2.0, ""lenta"": 21, ""rapida"": 9}",trail3R,reducido50,todos,ambos,29699,-0.03736,-7997.24,-0.06269,busqueda_24m
1790810557,1,ema_cross,60,"{""k_atr"": 2.0, ""lenta"": 21, ""rapida"": 9}",trail3R,reducido50,todos,long,14859,-0.1038,-9455.41,-0.09004,busqueda_24m
1790810557,1,ema_cross,60,"{""k_atr"": 2.0, ""lenta"": 21, ""rapida"": 9}",trail3R,reducido50,todos,short,14840,0.02917,1458.17,0.01231,busqueda_24m
1790810557,1,ema_cross,60,"{""k_atr"": 2.0, ""lenta"": 21, ""rapida"": 9}",obj3R_be,reducido50,todos,ambos,29699,-0.06202,-11123.28,-0.13831,busqueda_24m
1790810557,1,ema_cross,60,"{""k_atr"": 2.0, ""lenta"": 21, ""rapida"": 9}",obj3R_be,reducido50,todos,long,14859,-0.10772,-9902.85,-0.10581,busqueda_24m
1790810557,1,ema_cross,60,"{""k_atr"": 2.0, ""lenta"": 21, ""rapida"": 9}",obj3R_be,reducido50,todos,short,14840,-0.01626,-1220.43,-0.01202,busqueda_24m
1790810557,1,ema_cross,60,"{""k_atr"": 2.0, ""lenta"": 21, ""rapida"": 9}",obj5pct,reducido50,todos,ambos,29699,-0.06879,-10291.25,-0.46511,busqueda_24m
1790810557,1,ema_cross,60,"{""k_atr"": 2.0, ""lenta"": 21, ""rapida"": 9}",obj5pct,reducido50,todos,long,14859,-0.06936,-5528.17,-0.31623,busqueda_24m
1790810557,1,ema_cross,60,"{""k_atr"": 2.0, ""lenta"": 21, ""rapida"": 9}",obj5pct,reducido50,todos,short,14840,-0.06822,-4763.08,-0.2918,busqueda_24m
1790810557,1,ema_cross,60,"{""k_atr"": 2.0, ""lenta"": 21, ""rapida"": 9}",obj10pct,reducido50,todos,ambos,29699,-0.0757,-11291.98,-0.32811,busqueda_24m
1790810557,1,ema_cross,60,"{""k_atr"": 2.0, ""lenta"": 21, ""rapida"": 9}",obj10pct,reducido50,todos,long,14859,-0.07399,-5945.93,-0.2091,busqueda_24m
1790810557,1,ema_cross,60,"{""k_atr"": 2.0, ""lenta"": 21, ""rapida"": 9}",obj10pct,reducido50,todos,short,14840,-0.07741,-5346.05,-0.20335,busqueda_24m
1790810557,1,ema_cross,60,"{""k_atr"": 2.0, ""lenta"": 21, ""rapida"": 9}",obj20pct,reducido50,todos,ambos,29699,-0.08128,-12736.47,-0.26754,busqueda_24m
1790810557,1,ema_cross,60,"{""k_atr"": 2.0, ""lenta"": 21, ""rapida"": 9}",obj20pct,reducido50,todos,long,14859,-0.08804,-7528.57,-0.16397,busqueda_24m
1790810557,1,ema_cross,60,"{""k_atr"": 2.0, ""lenta"": 21, ""rapida"": 9}",obj20pct,reducido50,todos,short,14840,-0.07452,-5207.9,-0.11612,busqueda_24m
1790810557,1,ema_cross,60,"{""k_atr"": 2.0, ""lenta"": 21, ""rapida"": 9}",obj30pct,reducido50,todos,ambos,29699,-0.07685,-12338.72,-0.23763,busqueda_24m
1790810557,1,ema_cross,60,"{""k_atr"": 2.0, ""lenta"": 21, ""rapida"": 9}",obj30pct,reducido50,todos,long,14859,-0.10038,-8718.24,-0.14351,busqueda_24m
1790810557,1,ema_cross,60,"{""k_atr"": 2.0, ""lenta"": 21, ""rapida"": 9}",obj30pct,reducido50,todos,short,14840,-0.05328,-3620.48,-0.06018,busqueda_24m
1790810557,1,ema_cross,60,"{""k_atr"": 2.0, ""lenta"": 21, ""rapida"": 9}",obj50pct,reducido50,todos,ambos,29699,-0.06053,-11057.73,-0.19976,busqueda_24m
1790810557,1,ema_cross,60,"{""k_atr"": 2.0, ""lenta"": 21, ""rapida"": 9}",obj50pct,reducido50,todos,long,14859,-0.101,-9358.83,-0.11764,busqueda_24m
1790810557,1,ema_cross,60,"{""k_atr"": 2.0, ""lenta"": 21, ""rapida"": 9}",obj50pct,reducido50,todos,short,14840,-0.02002,-1698.9,-0.02022,busqueda_24m
1790810557,1,ema_cross,60,"{""k_atr"": 2.0, ""lenta"": 50, ""rapida"": 20}",obj1R,reducido50,todos,ambos,12617,-0.0444,-3562.38,-0.08711,busqueda_24m
1790810557,1,ema_cross,60,"{""k_atr"": 2.0, ""lenta"": 50, ""rapida"": 20}",obj1R,reducido50,todos,long,6289,-0.0775,-2854.34,-0.09235,busqueda_24m
1790810557,1,ema_cross,60,"{""k_atr"": 2.0, ""lenta"": 50, ""rapida"": 20}",obj1R,reducido50,todos,short,6328,-0.01151,-708.04,-0.02088,busqueda_24m
1790810557,1,ema_cross,60,"{""k_atr"": 2.0, ""lenta"": 50, ""rapida"": 20}",obj2R,reducido50,todos,ambos,12617,-0.02769,-2714.29,-0.04547,busqueda_24m
1790810557,1,ema_cross,60,"{""k_atr"": 2.0, ""lenta"": 50, ""rapida"": 20}",obj2R,reducido50,todos,long,6289,-0.06931,-2627.48,-0.06372,busqueda_24m
1790810557,1,ema_cross,60,"{""k_atr"": 2.0, ""lenta"": 50, ""rapida"": 20}",obj2R,reducido50,todos,short,6328,0.01367,-86.81,-0.00181,busqueda_24m
1790810557,1,ema_cross,60,"{""k_atr"": 2.0, ""lenta"": 50, ""rapida"": 20}",obj3R,reducido50,todos,ambos,12617,-0.0148,-2225.57,-0.03163,busqueda_24m
1790810557,1,ema_cross,60,"{""k_atr"": 2.0, ""lenta"": 50, ""rapida"": 20}",obj3R,reducido50,todos,long,6289,-0.06301,-2549.09,-0.05449,busqueda_24m
1790810557,1,ema_cross,60,"{""k_atr"": 2.0, ""lenta"": 50, ""rapida"": 20}",obj3R,reducido50,todos,short,6328,0.03311,323.53,0.00583,busqueda_24m
1790810557,1,ema_cross,60,"{""k_atr"": 2.0, ""lenta"": 50, ""rapida"": 20}",trail2R,reducido50,todos,ambos,12617,0.01704,-550.11,-0.00654,busqueda_24m
1790810557,1,ema_cross,60,"{""k_atr"": 2.0, ""lenta"": 50, ""rapida"": 20}",trail2R,reducido50,todos,long,6289,-0.045,-2313.14,-0.04821,busqueda_24m
1790810557,1,ema_cross,60,"{""k_atr"": 2.0, ""lenta"": 50, ""rapida"": 20}",trail2R,reducido50,todos,short,6328,0.0787,1763.03,0.02575,busqueda_24m
1790810557,1,ema_cross,60,"{""k_atr"": 2.0, ""lenta"": 50, ""rapida"": 20}",trail3R,reducido50,todos,ambos,12617,0.01917,-331.03,-0.00347,busqueda_24m
1790810557,1,ema_cross,60,"{""k_atr"": 2.0, ""lenta"": 50, ""rapida"": 20}",trail3R,reducido50,todos,long,6289,-0.05399,-2646.02,-0.04917,busqueda_24m
1790810557,1,ema_cross,60,"{""k_atr"": 2.0, ""lenta"": 50, ""rapida"": 20}",trail3R,reducido50,todos,short,6328,0.09188,2314.99,0.02923,busqueda_24m
1790810557,1,ema_cross,60,"{""k_atr"": 2.0, ""lenta"": 50, ""rapida"": 20}",obj3R_be,reducido50,todos,ambos,12617,-0.0174,-2491.08,-0.03744,busqueda_24m
1790810557,1,ema_cross,60,"{""k_atr"": 2.0, ""lenta"": 50, ""rapida"": 20}",obj3R_be,reducido50,todos,long,6289,-0.05858,-2371.29,-0.05496,busqueda_24m
1790810557,1,ema_cross,60,"{""k_atr"": 2.0, ""lenta"": 50, ""rapida"": 20}",obj3R_be,reducido50,todos,short,6328,0.02353,-119.79,-0.00228,busqueda_24m
1790810557,1,ema_cross,60,"{""k_atr"": 2.0, ""lenta"": 50, ""rapida"": 20}",obj5pct,reducido50,todos,ambos,12617,-0.06244,-4140.01,-0.34119,busqueda_24m
1790810557,1,ema_cross,60,"{""k_atr"": 2.0, ""lenta"": 50, ""rapida"": 20}",obj5pct,reducido50,todos,long,6289,-0.07115,-2359.72,-0.25575,busqueda_24m
1790810557,1,ema_cross,60,"{""k_atr"": 2.0, ""lenta"": 50, ""rapida"": 20}",obj5pct,reducido50,todos,short,6328,-0.05378,-1780.29,-0.20532,busqueda_24m
1790810557,1,ema_cross,60,"{""k_atr"": 2.0, ""lenta"": 50, ""rapida"": 20}",obj10pct,reducido50,todos,ambos,12617,-0.05773,-3945.35,-0.2193,busqueda_24m
1790810557,1,ema_cross,60,"{""k_atr"": 2.0, ""lenta"": 50, ""rapida"": 20}",obj10pct,reducido50,todos,long,6289,-0.07142,-2357.69,-0.16225,busqueda_24m
1790810557,1,ema_cross,60,"{""k_atr"": 2.0, ""lenta"": 50, ""rapida"": 20}",obj10pct,reducido50,todos,short,6328,-0.04412,-1587.66,-0.11368,busqueda_24m
1790810557,1,ema_cross,60,"{""k_atr"": 2.0, ""lenta"": 50, ""rapida"": 20}",obj20pct,reducido50,todos,ambos,12617,-0.03654,-2540.73,-0.09011,busqueda_24m
1790810557,1,ema_cross,60,"{""k_atr"": 2.0, ""lenta"": 50, ""rapida"": 20}",obj20pct,reducido50,todos,long,6289,-0.06099,-2037.7,-0.08978,busqueda_24m
1790810557,1,ema_cross,60,"{""k_atr"": 2.0, ""lenta"": 50, ""rapida"": 20}",obj20pct,reducido50,todos,short,6328,-0.01223,-503.03,-0.02187,busqueda_24m
1790810557,1,ema_cross,60,"{""k_atr"": 2.0, ""lenta"": 50, ""rapida"": 20}",obj30pct,reducido50,todos,ambos,12617,-0.02775,-2335.23,-0.06213,busqueda_24m
1790810557,1,ema_cross,60,"{""k_atr"": 2.0, ""lenta"": 50, ""rapida"": 20}",obj30pct,reducido50,todos,long,6289,-0.05733,-2019.22,-0.07084,busqueda_24m
1790810557,1,ema_cross,60,"{""k_atr"": 2.0, ""lenta"": 50, ""rapida"": 20}",obj30pct,reducido50,todos,short,6328,0.00165,-316.02,-0.01013,busqueda_24m
1790810557,1,ema_cross,60,"{""k_atr"": 2.0, ""lenta"": 50, ""rapida"": 20}",obj50pct,reducido50,todos,ambos,12617,-0.01416,-1589.75,-0.03031,busqueda_24m
1790810557,1,ema_cross,60,"{""k_atr"": 2.0, ""lenta"": 50, ""rapida"": 20}",obj50pct,reducido50,todos,long,6289,-0.06521,-2383.61,-0.06577,busqueda_24m
1790810557,1,ema_cross,60,"{""k_atr"": 2.0, ""lenta"": 50, ""rapida"": 20}",obj50pct,reducido50,todos,short,6328,0.03657,793.86,0.01841,busqueda_24m
1790810557,1,ema_cross,60,"{""k_atr"": 2.0, ""lenta"": 50, ""rapida"": 20}",obj1R,reducido50,todos,ambos,12617,-0.09776,-6269.03,-0.15531,busqueda_24m
1790810557,1,ema_cross,60,"{""k_atr"": 2.0, ""lenta"": 50, ""rapida"": 20}",obj1R,reducido50,todos,long,6328,-0.12715,-4307.81,-0.12163,busqueda_24m
1790810557,1,ema_cross,60,"{""k_atr"": 2.0, ""lenta"": 50, ""rapida"": 20}",obj1R,reducido50,todos,short,6289,-0.06819,-1961.22,-0.06176,busqueda_24m
1790810557,1,ema_cross,60,"{""k_atr"": 2.0, ""lenta"": 50, ""rapida"": 20}",obj2R,reducido50,todos,ambos,12617,-0.09282,-6592.06,-0.17078,busqueda_24m
1790810557,1,ema_cross,60,"{""k_atr"": 2.0, ""lenta"": 50, ""rapida"": 20}",obj2R,reducido50,todos,long,6328,-0.13064,-4975.22,-0.10676,busqueda_24m
1790810557,1,ema_cross,60,"{""k_atr"": 2.0, ""lenta"": 50, ""rapida"": 20}",obj2R,reducido50,todos,short,6289,-0.05476,-1616.83,-0.03578,busqueda_24m
1790810557,1,ema_cross,60,"{""k_atr"": 2.0, ""lenta"": 50, ""rapida"": 20}",obj3R,reducido50,todos,ambos,12617,-0.08227,-5984.32,-0.14066,busqueda_24m
1790810557,1,ema_cross,60,"{""k_atr"": 2.0, ""lenta"": 50, ""rapida"": 20}",obj3R,reducido50,todos,long,6328,-0.12081,-4525.92,-0.08843,busqueda_24m
1790810557,1,ema_cross,60,"{""k_atr"": 2.0, ""lenta"": 50, ""rapida"": 20}",obj3R,reducido50,todos,short,6289,-0.04348,-1458.41,-0.02868,busqueda_24m
1790810557,1,ema_cross,60,"{""k_atr"": 2.0, ""lenta"": 50, ""rapida"": 20}",trail2R,reducido50,todos,ambos,12617,-0.06891,-5810.27,-0.11092,busqueda_24m
1790810557,1,ema_cross,60,"{""k_atr"": 2.0, ""lenta"": 50, ""rapida"": 20}",trail2R,reducido50,todos,long,6328,-0.11288,-4716.44,-0.09253,busqueda_24m
1790810557,1,ema_cross,60,"{""k_atr"": 2.0, ""lenta"": 50, ""rapida"": 20}",trail2R,reducido50,todos,short,6289,-0.02468,-1093.83,-0.02201,busqueda_24m
1790810557,1,ema_cross,60,"{""k_atr"": 2.0, ""lenta"": 50, ""rapida"": 20}",trail3R,reducido50,todos,ambos,12617,-0.06509,-5428.24,-0.08954,busqueda_24m
1790810557,1,ema_cross,60,"{""k_atr"": 2.0, ""lenta"": 50, ""rapida"": 20}",trail3R,reducido50,todos,long,6328,-0.12985,-5013.62,-0.09118,busqueda_24m
1790810557,1,ema_cross,60,"{""k_atr"": 2.0, ""lenta"": 50, ""rapida"": 20}",trail3R,reducido50,todos,short,6289,7e-05,-414.63,-0.00744,busqueda_24m
1790810557,1,ema_cross,60,"{""k_atr"": 2.0, ""lenta"": 50, ""rapida"": 20}",obj3R_be,reducido50,todos,ambos,12617,-0.07883,-5791.51,-0.13835,busqueda_24m
1790810557,1,ema_cross,60,"{""k_atr"": 2.0, ""lenta"": 50, ""rapida"": 20}",obj3R_be,reducido50,todos,long,6328,-0.11052,-4194.33,-0.08571,busqueda_24m
1790810557,1,ema_cross,60,"{""k_atr"": 2.0, ""lenta"": 50, ""rapida"": 20}",obj3R_be,reducido50,todos,short,6289,-0.04695,-1597.17,-0.03293,busqueda_24m
1790810557,1,ema_cross,60,"{""k_atr"": 2.0, ""lenta"": 50, ""rapida"": 20}",obj5pct,reducido50,todos,ambos,12617,-0.0696,-4496.01,-0.37328,busqueda_24m
1790810557,1,ema_cross,60,"{""k_atr"": 2.0, ""lenta"": 50, ""rapida"": 20}",obj5pct,reducido50,todos,long,6328,-0.07709,-2590.45,-0.26549,busqueda_24m
1790810557,1,ema_cross,60,"{""k_atr"": 2.0, ""lenta"": 50, ""rapida"": 20}",obj5pct,reducido50,todos,short,6289,-0.06206,-1905.56,-0.23829,busqueda_24m
1790810557,1,ema_cross,60,"{""k_atr"": 2.0, ""lenta"": 50, ""rapida"": 20}",obj10pct,reducido50,todos,ambos,12617,-0.08038,-5065.37,-0.26367,busqueda_24m
1790810557,1,ema_cross,60,"{""k_atr"": 2.0, ""lenta"": 50, ""rapida"": 20}",obj10pct,reducido50,todos,long,6328,-0.09512,-3073.12,-0.19703,busqueda_24m
1790810557,1,ema_cross,60,"{""k_atr"": 2.0, ""lenta"": 50, ""rapida"": 20}",obj10pct,reducido50,todos,short,6289,-0.06554,-1992.24,-0.1542,busqueda_24m
1790810557,1,ema_cross,60,"{""k_atr"": 2.0, ""lenta"": 50, ""rapida"": 20}",obj20pct,reducido50,todos,ambos,12617,-0.08672,-5624.28,-0.18849,busqueda_24m
1790810557,1,ema_cross,60,"{""k_atr"": 2.0, ""lenta"": 50, ""rapida"": 20}",obj20pct,reducido50,todos,long,6328,-0.10549,-3662.31,-0.14654,busqueda_24m
1790810557,1,ema_cross,60,"{""k_atr"": 2.0, ""lenta"": 50, ""rapida"": 20}",obj20pct,reducido50,todos,short,6289,-0.06785,-1961.96,-0.09108,busqueda_24m
1790810557,1,ema_cross,60,"{""k_atr"": 2.0, ""lenta"": 50, ""rapida"": 20}",obj30pct,reducido50,todos,ambos,12617,-0.09287,-6230.39,-0.17548,busqueda_24m
1790810557,1,ema_cross,60,"{""k_atr"": 2.0, ""lenta"": 50, ""rapida"": 20}",obj30pct,reducido50,todos,long,6328,-0.11713,-4291.85,-0.13307,busqueda_24m
1790810557,1,ema_cross,60,"{""k_atr"": 2.0, ""lenta"": 50, ""rapida"": 20}",obj30pct,reducido50,todos,short,6289,-0.06845,-1938.54,-0.06765,busqueda_24m
1790810557,1,ema_cross,60,"{""k_atr"": 2.0, ""lenta"": 50, ""rapida"": 20}",obj50pct,reducido50,todos,ambos,12617,-0.08177,-5612.54,-0.14786,busqueda_24m
1790810557,1,ema_cross,60,"{""k_atr"": 2.0, ""lenta"": 50, ""rapida"": 20}",obj50pct,reducido50,todos,long,6328,-0.12014,-4455.08,-0.1088,busqueda_24m
1790810557,1,ema_cross,60,"{""k_atr"": 2.0, ""lenta"": 50, ""rapida"": 20}",obj50pct,reducido50,todos,short,6289,-0.04316,-1157.46,-0.02925,busqueda_24m
1790810557,1,ema_cross,60,"{""k_atr"": 2.0, ""lenta"": 200, ""rapida"": 50}",obj1R,reducido50,todos,ambos,3910,-0.05457,-1316.04,-0.06352,busqueda_24m
1790810557,1,ema_cross,60,"{""k_atr"": 2.0, ""lenta"": 200, ""rapida"": 50}",obj1R,reducido50,todos,long,1929,-0.07155,-1020.0,-0.07572,busqueda_24m
1790810557,1,ema_cross,60,"{""k_atr"": 2.0, ""lenta"": 200, ""rapida"": 50}",obj1R,reducido50,todos,short,1981,-0.03804,-296.04,-0.01764,busqueda_24m
1790810557,1,ema_cross,60,"{""k_atr"": 2.0, ""lenta"": 200, ""rapida"": 50}",obj2R,reducido50,todos,ambos,3910,-0.03834,-1231.55,-0.04636,busqueda_24m
1790810557,1,ema_cross,60,"{""k_atr"": 2.0, ""lenta"": 200, ""rapida"": 50}",obj2R,reducido50,todos,long,1929,-0.05244,-769.39,-0.04139,busqueda_24m
1790810557,1,ema_cross,60,"{""k_atr"": 2.0, ""lenta"": 200, ""rapida"": 50}",obj2R,reducido50,todos,short,1981,-0.02462,-462.16,-0.02296,busqueda_24m
1790810557,1,ema_cross,60,"{""k_atr"": 2.0, ""lenta"": 200, ""rapida"": 50}",obj3R,reducido50,todos,ambos,3910,-0.03536,-1255.79,-0.04248,busqueda_24m
1790810557,1,ema_cross,60,"{""k_atr"": 2.0, ""lenta"": 200, ""rapida"": 50}",obj3R,reducido50,todos,long,1929,-0.02704,-350.52,-0.01646,busqueda_24m
1790810557,1,ema_cross,60,"{""k_atr"": 2.0, ""lenta"": 200, ""rapida"": 50}",obj3R,reducido50,todos,short,1981,-0.04346,-905.27,-0.04346,busqueda_24m
1790810557,1,ema_cross,60,"{""k_atr"": 2.0, ""lenta"": 200, ""rapida"": 50}",trail2R,reducido50,todos,ambos,3910,0.00069,-436.11,-0.01326,busqueda_24m
1790810557,1,ema_cross,60,"{""k_atr"": 2.0, ""lenta"": 200, ""rapida"": 50}",trail2R,reducido50,todos,long,1929,0.0064,3.69,0.00017,busqueda_24m
1790810557,1,ema_cross,60,"{""k_atr"": 2.0, ""lenta"": 200, ""rapida"": 50}",trail2R,reducido50,todos,short,1981,-0.00488,-439.8,-0.0185,busqueda_24m
1790810557,1,ema_cross,60,"{""k_atr"": 2.0, ""lenta"": 200, ""rapida"": 50}",trail3R,reducido50,todos,ambos,3910,-5e-05,-660.34,-0.01835,busqueda_24m
1790810557,1,ema_cross,60,"{""k_atr"": 2.0, ""lenta"": 200, ""rapida"": 50}",trail3R,reducido50,todos,long,1929,-0.00521,-247.19,-0.01008,busqueda_24m
1790810557,1,ema_cross,60,"{""k_atr"": 2.0, ""lenta"": 200, ""rapida"": 50}",trail3R,reducido50,todos,short,1981,0.00498,-413.14,-0.0158,busqueda_24m
1790810557,1,ema_cross,60,"{""k_atr"": 2.0, ""lenta"": 200, ""rapida"": 50}",obj3R_be,reducido50,todos,ambos,3910,-0.03703,-1185.97,-0.04251,busqueda_24m
1790810557,1,ema_cross,60,"{""k_atr"": 2.0, ""lenta"": 200, ""rapida"": 50}",obj3R_be,reducido50,todos,long,1929,-0.01844,-195.0,-0.00974,busqueda_24m
1790810557,1,ema_cross,60,"{""k_atr"": 2.0, ""lenta"": 200, ""rapida"": 50}",obj3R_be,reducido50,todos,short,1981,-0.05514,-990.97,-0.05055,busqueda_24m
1790810557,1,ema_cross,60,"{""k_atr"": 2.0, ""lenta"": 200, ""rapida"": 50}",obj5pct,reducido50,todos,ambos,3910,-0.06865,-1475.86,-0.25049,busqueda_24m
1790810557,1,ema_cross,60,"{""k_atr"": 2.0, ""lenta"": 200, ""rapida"": 50}",obj5pct,reducido50,todos,long,1929,-0.08029,-848.79,-0.19978,busqueda_24m
1790810557,1,ema_cross,60,"{""k_atr"": 2.0, ""lenta"": 200, ""rapida"": 50}",obj5pct,reducido50,todos,short,1981,-0.05732,-627.08,-0.15083,busqueda_24m
1790810557,1,ema_cross,60,"{""k_atr"": 2.0, ""lenta"": 200, ""rapida"": 50}",obj10pct,reducido50,todos,ambos,3910,-0.05509,-1262.32,-0.14729,busqueda_24m
1790810557,1,ema_cross,60,"{""k_atr"": 2.0, ""lenta"": 200, ""rapida"": 50}",obj10pct,reducido50,todos,long,1929,-0.06767,-751.22,-0.11492,busqueda_24m
1790810557,1,ema_cross,60,"{""k_atr"": 2.0, ""lenta"": 200, ""rapida"": 50}",obj10pct,reducido50,todos,short,1981,-0.04284,-511.09,-0.08153,busqueda_24m
1790810557,1,ema_cross,60,"{""k_atr"": 2.0, ""lenta"": 200, ""rapida"": 50}",obj20pct,reducido50,todos,ambos,3910,-0.0471,-1052.74,-0.07777,busqueda_24m
1790810557,1,ema_cross,60,"{""k_atr"": 2.0, ""lenta"": 200, ""rapida"": 50}",obj20pct,reducido50,todos,long,1929,-0.06471,-795.3,-0.07854,busqueda_24m
1790810557,1,ema_cross,60,"{""k_atr"": 2.0, ""lenta"": 200, ""rapida"": 50}",obj20pct,reducido50,todos,short,1981,-0.02995,-257.44,-0.02552,busqueda_24m
1790810557,1,ema_cross,60,"{""k_atr"": 2.0, ""lenta"": 200, ""rapida"": 50}",obj30pct,reducido50,todos,ambos,3910,-0.04344,-942.72,-0.05205,busqueda_24m
1790810557,1,ema_cross,60,"{""k_atr"": 2.0, ""lenta"": 200, ""rapida"": 50}",obj30pct,reducido50,todos,long,1929,-0.04849,-619.24,-0.04789,busqueda_24m
1790810557,1,ema_cross,60,"{""k_atr"": 2.0, ""lenta"": 200, ""rapida"": 50}",obj30pct,reducido50,todos,short,1981,-0.03852,-323.48,-0.02364,busqueda_24m
1790810557,1,ema_cross,60,"{""k_atr"": 2.0, ""lenta"": 200, ""rapida"": 50}",obj50pct,reducido50,todos,ambos,3910,-0.02535,-564.04,-0.02404,busqueda_24m
1790810557,1,ema_cross,60,"{""k_atr"": 2.0, ""lenta"": 200, ""rapida"": 50}",obj50pct,reducido50,todos,long,1929,-0.04583,-624.27,-0.03789,busqueda_24m
1790810557,1,ema_cross,60,"{""k_atr"": 2.0, ""lenta"": 200, ""rapida"": 50}",obj50pct,reducido50,todos,short,1981,-0.00539,60.24,0.00331,busqueda_24m
1790810557,1,ema_cross,60,"{""k_atr"": 2.0, ""lenta"": 200, ""rapida"": 50}",obj1R,reducido50,todos,ambos,3910,-0.07666,-1534.14,-0.07283,busqueda_24m
1790810557,1,ema_cross,60,"{""k_atr"": 2.0, ""lenta"": 200, ""rapida"": 50}",obj1R,reducido50,todos,long,1981,-0.09166,-1168.81,-0.06774,busqueda_24m
1790810557,1,ema_cross,60,"{""k_atr"": 2.0, ""lenta"": 200, ""rapida"": 50}",obj1R,reducido50,todos,short,1929,-0.06126,-365.32,-0.02641,busqueda_24m
1790810557,1,ema_cross,60,"{""k_atr"": 2.0, ""lenta"": 200, ""rapida"": 50}",obj2R,reducido50,todos,ambos,3910,-0.08384,-1978.94,-0.08101,busqueda_24m
1790810557,1,ema_cross,60,"{""k_atr"": 2.0, ""lenta"": 200, ""rapida"": 50}",obj2R,reducido50,todos,long,1981,-0.12856,-1882.32,-0.0903,busqueda_24m
1790810557,1,ema_cross,60,"{""k_atr"": 2.0, ""lenta"": 200, ""rapida"": 50}",obj2R,reducido50,todos,short,1929,-0.03792,-96.62,-0.00495,busqueda_24m
1790810557,1,ema_cross,60,"{""k_atr"": 2.0, ""lenta"": 200, ""rapida"": 50}",obj3R,reducido50,todos,ambos,3910,-0.06772,-1713.97,-0.06877,busqueda_24m
1790810557,1,ema_cross,60,"{""k_atr"": 2.0, ""lenta"": 200, ""rapida"": 50}",obj3R,reducido50,todos,long,1981,-0.11454,-1803.24,-0.08158,busqueda_24m
1790810557,1,ema_cross,60,"{""k_atr"": 2.0, ""lenta"": 200, ""rapida"": 50}",obj3R,reducido50,todos,short,1929,-0.01964,89.27,0.00421,busqueda_24m
1790810557,1,ema_cross,60,"{""k_atr"": 2.0, ""lenta"": 200, ""rapida"": 50}",trail2R,reducido50,todos,ambos,3910,-0.05758,-1559.82,-0.05809,busqueda_24m
1790810557,1,ema_cross,60,"{""k_atr"": 2.0, ""lenta"": 200, ""rapida"": 50}",trail2R,reducido50,todos,long,1981,-0.09598,-1608.41,-0.07136,busqueda_24m
1790810557,1,ema_cross,60,"{""k_atr"": 2.0, ""lenta"": 200, ""rapida"": 50}",trail2R,reducido50,todos,short,1929,-0.01815,48.59,0.0021,busqueda_24m
1790810557,1,ema_cross,60,"{""k_atr"": 2.0, ""lenta"": 200, ""rapida"": 50}",trail3R,reducido50,todos,ambos,3910,-0.06005,-1472.71,-0.05408,busqueda_24m
1790810557,1,ema_cross,60,"{""k_atr"": 2.0, ""lenta"": 200, ""rapida"": 50}",trail3R,reducido50,todos,long,1981,-0.10997,-1660.14,-0.07023,busqueda_24m
1790810557,1,ema_cross,60,"{""k_atr"": 2.0, ""lenta"": 200, ""rapida"": 50}",trail3R,reducido50,todos,short,1929,-0.0088,187.43,0.00809,busqueda_24m
1790810557,1,ema_cross,60,"{""k_atr"": 2.0, ""lenta"": 200, ""rapida"": 50}",obj3R_be,reducido50,todos,ambos,3910,-0.06569,-1754.27,-0.07204,busqueda_24m
1790810557,1,ema_cross,60,"{""k_atr"": 2.0, ""lenta"": 200, ""rapida"": 50}",obj3R_be,reducido50,todos,long,1981,-0.10918,-1735.08,-0.08082,busqueda_24m
1790810557,1,ema_cross,60,"{""k_atr"": 2.0, ""lenta"": 200, ""rapida"": 50}",obj3R_be,reducido50,todos,short,1929,-0.02103,-19.2,-0.00094,busqueda_24m
1790810557,1,ema_cross,60,"{""k_atr"": 2.0, ""lenta"": 200, ""rapida"": 50}",obj5pct,reducido50,todos,ambos,3910,-0.0702,-1455.37,-0.23102,busqueda_24m
1790810557,1,ema_cross,60,"{""k_atr"": 2.0, ""lenta"": 200, ""rapida"": 50}",obj5pct,reducido50,todos,long,1981,-0.07682,-859.25,-0.17216,busqueda_24m
1790810557,1,ema_cross,60,"{""k_atr"": 2.0, ""lenta"": 200, ""rapida"": 50}",obj5pct,reducido50,todos,short,1929,-0.0634,-596.12,-0.14713,busqueda_24m
1790810557,1,ema_cross,60,"{""k_atr"": 2.0, ""lenta"": 200, ""rapida"": 50}",obj10pct,reducido50,todos,ambos,3910,-0.07743,-1682.38,-0.17972,busqueda_24m
1790810557,1,ema_cross,60,"{""k_atr"": 2.0, ""lenta"": 200, ""rapida"": 50}",obj10pct,reducido50,todos,long,1981,-0.0798,-934.01,-0.12947,busqueda_24m
1790810557,1,ema_cross,60,"{""k_atr"": 2.0, ""lenta"": 200, ""rapida"": 50}",obj10pct,reducido50,todos,short,1929,-0.075,-748.38,-0.11853,busqueda_24m
1790810557,1,ema_cross,60,"{""k_atr"": 2.0, ""lenta"": 200, ""rapida"": 50}",obj20pct,reducido50,todos,ambos,3910,-0.08213,-1838.88,-0.12254,busqueda_24m
1790810557,1,ema_cross,60,"{""k_atr"": 2.0, ""lenta"": 200, ""rapida"": 50}",obj20pct,reducido50,todos,long,1981,-0.07969,-1087.92,-0.09001,busqueda_24m
1790810557,1,ema_cross,60,"{""k_atr"": 2.0, ""lenta"": 200, ""rapida"": 50}",obj20pct,reducido50,todos,short,1929,-0.08463,-750.96,-0.07546,busqueda_24m
1790810557,1,ema_cross,60,"{""k_atr"": 2.0, ""lenta"": 200, ""rapida"": 50}",obj30pct,reducido50,todos,ambos,3910,-0.07549,-1711.88,-0.09385,busqueda_24m
1790810557,1,ema_cross,60,"{""k_atr"": 2.0, ""lenta"": 200, ""rapida"": 50}",obj30pct,reducido50,todos,long,1981,-0.07533,-1091.87,-0.07412,busqueda_24m
1790810557,1,ema_cross,60,"{""k_atr"": 2.0, ""lenta"": 200, ""rapida"": 50}",obj30pct,reducido50,todos,short,1929,-0.07566,-620.01,-0.04843,busqueda_24m
1790810557,1,ema_cross,60,"{""k_atr"": 2.0, ""lenta"": 200, ""rapida"": 50}",obj50pct,reducido50,todos,ambos,3910,-0.07427,-1847.6,-0.08469,busqueda_24m
1790810557,1,ema_cross,60,"{""k_atr"": 2.0, ""lenta"": 200, ""rapida"": 50}",obj50pct,reducido50,todos,long,1981,-0.09062,-1396.46,-0.0751,busqueda_24m
1790810557,1,ema_cross,60,"{""k_atr"": 2.0, ""lenta"": 200, ""rapida"": 50}",obj50pct,reducido50,todos,short,1929,-0.05747,-451.14,-0.02667,busqueda_24m
1790810557,1,donchian,60,"{""k_atr"": 2.0, ""n"": 20}",obj1R,reducido50,todos,ambos,61327,-0.04823,-20103.3,-0.10211,busqueda_24m
1790810557,1,donchian,60,"{""k_atr"": 2.0, ""n"": 20}",obj1R,reducido50,todos,long,29738,-0.06864,-12336.67,-0.10618,busqueda_24m
1790810557,1,donchian,60,"{""k_atr"": 2.0, ""n"": 20}",obj1R,reducido50,todos,short,31589,-0.02901,-7766.63,-0.04552,busqueda_24m
1790810557,1,donchian,60,"{""k_atr"": 2.0, ""n"": 20}",obj2R,reducido50,todos,ambos,61327,-0.03528,-20421.54,-0.06741,busqueda_24m
1790810557,1,donchian,60,"{""k_atr"": 2.0, ""n"": 20}",obj2R,reducido50,todos,long,29738,-0.05166,-10657.81,-0.06456,busqueda_24m
1790810557,1,donchian,60,"{""k_atr"": 2.0, ""n"": 20}",obj2R,reducido50,todos,short,31589,-0.01987,-9763.72,-0.03788,busqueda_24m
1790810557,1,donchian,60,"{""k_atr"": 2.0, ""n"": 20}",obj3R,reducido50,todos,ambos,61327,-0.01739,-16829.4,-0.04767,busqueda_24m
1790810557,1,donchian,60,"{""k_atr"": 2.0, ""n"": 20}",obj3R,reducido50,todos,long,29738,-0.03685,-9207.56,-0.04994,busqueda_24m
1790810557,1,donchian,60,"{""k_atr"": 2.0, ""n"": 20}",obj3R,reducido50,todos,short,31589,0.00093,-7621.84,-0.02526,busqueda_24m
1790810557,1,donchian,60,"{""k_atr"": 2.0, ""n"": 20}",trail2R,reducido50,todos,ambos,61327,0.01474,-5298.61,-0.00943,busqueda_24m
1790810557,1,donchian,60,"{""k_atr"": 2.0, ""n"": 20}",trail2R,reducido50,todos,long,29738,-0.01824,-7757.84,-0.03667,busqueda_24m
1790810557,1,donchian,60,"{""k_atr"": 2.0, ""n"": 20}",trail2R,reducido50,todos,short,31589,0.04579,2459.23,0.00479,busqueda_24m
1790810557,1,donchian,60,"{""k_atr"": 2.0, ""n"": 20}",trail3R,reducido50,todos,ambos,61327,0.02606,-3426.6,-0.00542,busqueda_24m
1790810557,1,donchian,60,"{""k_atr"": 2.0, ""n"": 20}",trail3R,reducido50,todos,long,29738,-0.00998,-6415.9,-0.02633,busqueda_24m
1790810557,1,donchian,60,"{""k_atr"": 2.0, ""n"": 20}",trail3R,reducido50,todos,short,31589,0.05998,2989.3,0.00517,busqueda_24m
1790810557,1,donchian,60,"{""k_atr"": 2.0, ""n"": 20}",obj3R_be,reducido50,todos,ambos,61327,-0.02513,-18626.5,-0.05498,busqueda_24m
1790810557,1,donchian,60,"{""k_atr"": 2.0, ""n"": 20}",obj3R_be,reducido50,todos,long,29738,-0.04431,-10370.02,-0.06021,busqueda_24m
1790810557,1,donchian,60,"{""k_atr"": 2.0, ""n"": 20}",obj3R_be,reducido50,todos,short,31589,-0.00707,-8256.48,-0.02847,busqueda_24m
1790810557,1,donchian,60,"{""k_atr"": 2.0, ""n"": 20}",obj5pct,reducido50,todos,ambos,61327,-0.06558,-24193.19,-0.50807,busqueda_24m
1790810557,1,donchian,60,"{""k_atr"": 2.0, ""n"": 20}",obj5pct,reducido50,todos,long,29738,-0.06994,-11501.78,-0.38556,busqueda_24m
1790810557,1,donchian,60,"{""k_atr"": 2.0, ""n"": 20}",obj5pct,reducido50,todos,short,31589,-0.06147,-12691.4,-0.32211,busqueda_24m
1790810557,1,donchian,60,"{""k_atr"": 2.0, ""n"": 20}",obj10pct,reducido50,todos,ambos,61327,-0.05972,-22383.95,-0.29848,busqueda_24m
1790810557,1,donchian,60,"{""k_atr"": 2.0, ""n"": 20}",obj10pct,reducido50,todos,long,29738,-0.07072,-11817.49,-0.23755,busqueda_24m
1790810557,1,donchian,60,"{""k_atr"": 2.0, ""n"": 20}",obj10pct,reducido50,todos,short,31589,-0.04936,-10566.46,-0.16775,busqueda_24m
1790810557,1,donchian,60,"{""k_atr"": 2.0, ""n"": 20}",obj20pct,reducido50,todos,ambos,61327,-0.04698,-19199.1,-0.14717,busqueda_24m
1790810557,1,donchian,60,"{""k_atr"": 2.0, ""n"": 20}",obj20pct,reducido50,todos,long,29738,-0.06488,-11478.64,-0.13713,busqueda_24m
1790810557,1,donchian,60,"{""k_atr"": 2.0, ""n"": 20}",obj20pct,reducido50,todos,short,31589,-0.03012,-7720.47,-0.07008,busqueda_24m
1790810557,1,donchian,60,"{""k_atr"": 2.0, ""n"": 20}",obj30pct,reducido50,todos,ambos,61327,-0.03721,-16421.21,-0.09129,busqueda_24m
1790810557,1,donchian,60,"{""k_atr"": 2.0, ""n"": 20}",obj30pct,reducido50,todos,long,29738,-0.05807,-10680.68,-0.09755,busqueda_24m
1790810557,1,donchian,60,"{""k_atr"": 2.0, ""n"": 20}",obj30pct,reducido50,todos,short,31589,-0.01758,-5740.53,-0.0376,busqueda_24m
1790810557,1,donchian,60,"{""k_atr"": 2.0, ""n"": 20}",obj50pct,reducido50,todos,ambos,61327,-0.0224,-12619.39,-0.049,busqueda_24m
1790810557,1,donchian,60,"{""k_atr"": 2.0, ""n"": 20}",obj50pct,reducido50,todos,long,29738,-0.04559,-9284.54,-0.06407,busqueda_24m
1790810557,1,donchian,60,"{""k_atr"": 2.0, ""n"": 20}",obj50pct,reducido50,todos,short,31589,-0.00056,-3334.86,-0.01509,busqueda_24m
1790810557,1,donchian,60,"{""k_atr"": 2.0, ""n"": 20}",obj1R,reducido50,todos,ambos,61327,-0.08239,-26485.36,-0.12865,busqueda_24m
1790810557,1,donchian,60,"{""k_atr"": 2.0, ""n"": 20}",obj1R,reducido50,todos,long,31589,-0.09714,-17126.26,-0.09296,busqueda_24m
1790810557,1,donchian,60,"{""k_atr"": 2.0, ""n"": 20}",obj1R,reducido50,todos,short,29738,-0.06672,-9359.1,-0.07583,busqueda_24m
1790810557,1,donchian,60,"{""k_atr"": 2.0, ""n"": 20}",obj2R,reducido50,todos,ambos,61327,-0.08747,-27681.97,-0.11449,busqueda_24m
1790810557,1,donchian,60,"{""k_atr"": 2.0, ""n"": 20}",obj2R,reducido50,todos,long,31589,-0.10785,-18453.99,-0.07422,busqueda_24m
1790810557,1,donchian,60,"{""k_atr"": 2.0, ""n"": 20}",obj2R,reducido50,todos,short,29738,-0.06581,-9227.98,-0.04736,busqueda_24m
1790810557,1,donchian,60,"{""k_atr"": 2.0, ""n"": 20}",obj3R,reducido50,todos,ambos,61327,-0.09123,-30954.0,-0.13914,busqueda_24m
1790810557,1,donchian,60,"{""k_atr"": 2.0, ""n"": 20}",obj3R,reducido50,todos,long,31589,-0.12075,-21599.89,-0.07841,busqueda_24m
1790810557,1,donchian,60,"{""k_atr"": 2.0, ""n"": 20}",obj3R,reducido50,todos,short,29738,-0.05988,-9354.11,-0.0433,busqueda_24m
1790810557,1,donchian,60,"{""k_atr"": 2.0, ""n"": 20}",trail2R,reducido50,todos,ambos,61327,-0.07697,-27070.11,-0.12648,busqueda_24m
1790810557,1,donchian,60,"{""k_atr"": 2.0, ""n"": 20}",trail2R,reducido50,todos,long,31589,-0.10381,-18879.33,-0.06945,busqueda_24m
1790810557,1,donchian,60,"{""k_atr"": 2.0, ""n"": 20}",trail2R,reducido50,todos,short,29738,-0.04846,-8190.78,-0.03712,busqueda_24m
1790810557,1,donchian,60,"{""k_atr"": 2.0, ""n"": 20}",trail3R,reducido50,todos,ambos,61327,-0.07736,-27191.28,-0.11271,busqueda_24m
1790810557,1,donchian,60,"{""k_atr"": 2.0, ""n"": 20}",trail3R,reducido50,todos,long,31589,-0.11335,-20100.28,-0.06824,busqueda_24m
1790810557,1,donchian,60,"{""k_atr"": 2.0, ""n"": 20}",trail3R,reducido50,todos,short,29738,-0.03912,-7091.0,-0.03023,busqueda_24m
1790810557,1,donchian,60,"{""k_atr"": 2.0, ""n"": 20}",obj3R_be,reducido50,todos,ambos,61327,-0.08816,-29704.22,-0.13871,busqueda_24m
1790810557,1,donchian,60,"{""k_atr"": 2.0, ""n"": 20}",obj3R_be,reducido50,todos,long,31589,-0.10699,-19120.47,-0.0732,busqueda_24m
1790810557,1,donchian,60,"{""k_atr"": 2.0, ""n"": 20}",obj3R_be,reducido50,todos,short,29738,-0.06817,-10583.75,-0.05158,busqueda_24m
1790810557,1,donchian,60,"{""k_atr"": 2.0, ""n"": 20}",obj5pct,reducido50,todos,ambos,61327,-0.06029,-18882.57,-0.34769,busqueda_24m
1790810557,1,donchian,60,"{""k_atr"": 2.0, ""n"": 20}",obj5pct,reducido50,todos,long,31589,-0.06092,-9804.57,-0.21463,busqueda_24m
1790810557,1,donchian,60,"{""k_atr"": 2.0, ""n"": 20}",obj5pct,reducido50,todos,short,29738,-0.05963,-9077.99,-0.28356,busqueda_24m
1790810557,1,donchian,60,"{""k_atr"": 2.0, ""n"": 20}",obj10pct,reducido50,todos,ambos,61327,-0.06661,-20502.92,-0.23181,busqueda_24m
1790810557,1,donchian,60,"{""k_atr"": 2.0, ""n"": 20}",obj10pct,reducido50,todos,long,31589,-0.06916,-11286.3,-0.14757,busqueda_24m
1790810557,1,donchian,60,"{""k_atr"": 2.0, ""n"": 20}",obj10pct,reducido50,todos,short,29738,-0.0639,-9216.62,-0.18921,busqueda_24m
1790810557,1,donchian,60,"{""k_atr"": 2.0, ""n"": 20}",obj20pct,reducido50,todos,ambos,61327,-0.07643,-23835.13,-0.16767,busqueda_24m
1790810557,1,donchian,60,"{""k_atr"": 2.0, ""n"": 20}",obj20pct,reducido50,todos,long,31589,-0.07983,-13478.68,-0.10945,busqueda_24m
1790810557,1,donchian,60,"{""k_atr"": 2.0, ""n"": 20}",obj20pct,reducido50,todos,short,29738,-0.07282,-10356.44,-0.12742,busqueda_24m
1790810557,1,donchian,60,"{""k_atr"": 2.0, ""n"": 20}",obj30pct,reducido50,todos,ambos,61327,-0.0798,-25430.29,-0.14208,busqueda_24m
1790810557,1,donchian,60,"{""k_atr"": 2.0, ""n"": 20}",obj30pct,reducido50,todos,long,31589,-0.0901,-15779.6,-0.10003,busqueda_24m
1790810557,1,donchian,60,"{""k_atr"": 2.0, ""n"": 20}",obj30pct,reducido50,todos,short,29738,-0.06886,-9650.69,-0.08632,busqueda_24m
1790810557,1,donchian,60,"{""k_atr"": 2.0, ""n"": 20}",obj50pct,reducido50,todos,ambos,61327,-0.07821,-25673.46,-0.12105,busqueda_24m
1790810557,1,donchian,60,"{""k_atr"": 2.0, ""n"": 20}",obj50pct,reducido50,todos,long,31589,-0.09925,-17772.16,-0.08635,busqueda_24m
1790810557,1,donchian,60,"{""k_atr"": 2.0, ""n"": 20}",obj50pct,reducido50,todos,short,29738,-0.05585,-7901.3,-0.04914,busqueda_24m
1790810557,1,donchian,60,"{""k_atr"": 2.0, ""n"": 55}",obj1R,reducido50,todos,ambos,33291,-0.03334,-6998.43,-0.0487,busqueda_24m
1790810557,1,donchian,60,"{""k_atr"": 2.0, ""n"": 55}",obj1R,reducido50,todos,long,15574,-0.06155,-5099.55,-0.07071,busqueda_24m
1790810557,1,donchian,60,"{""k_atr"": 2.0, ""n"": 55}",obj1R,reducido50,todos,short,17717,-0.00854,-1898.88,-0.01496,busqueda_24m
1790810557,1,donchian,60,"{""k_atr"": 2.0, ""n"": 55}",obj2R,reducido50,todos,ambos,33291,-0.01597,-6713.11,-0.03055,busqueda_24m
1790810557,1,donchian,60,"{""k_atr"": 2.0, ""n"": 55}",obj2R,reducido50,todos,long,15574,-0.04193,-3382.81,-0.03133,busqueda_24m
1790810557,1,donchian,60,"{""k_atr"": 2.0, ""n"": 55}",obj2R,reducido50,todos,short,17717,0.00684,-3330.3,-0.01736,busqueda_24m
1790810557,1,donchian,60,"{""k_atr"": 2.0, ""n"": 55}",obj3R,reducido50,todos,ambos,33291,0.00652,-3566.93,-0.01389,busqueda_24m
1790810557,1,donchian,60,"{""k_atr"": 2.0, ""n"": 55}",obj3R,reducido50,todos,long,15574,-0.0212,-1670.97,-0.01329,busqueda_24m
1790810557,1,donchian,60,"{""k_atr"": 2.0, ""n"": 55}",obj3R,reducido50,todos,short,17717,0.0309,-1895.95,-0.00847,busqueda_24m
1790810557,1,donchian,60,"{""k_atr"": 2.0, ""n"": 55}",trail2R,reducido50,todos,ambos,33291,0.03801,3378.15,0.00761,busqueda_24m
1790810557,1,donchian,60,"{""k_atr"": 2.0, ""n"": 55}",trail2R,reducido50,todos,long,15574,-0.01002,-1917.75,-0.01258,busqueda_24m
1790810557,1,donchian,60,"{""k_atr"": 2.0, ""n"": 55}",trail2R,reducido50,todos,short,17717,0.08022,5295.89,0.01277,busqueda_24m
1790810557,1,donchian,60,"{""k_atr"": 2.0, ""n"": 55}",trail3R,reducido50,todos,ambos,33291,0.06317,5905.87,0.01169,busqueda_24m
1790810557,1,donchian,60,"{""k_atr"": 2.0, ""n"": 55}",trail3R,reducido50,todos,long,15574,0.00513,-778.04,-0.00435,busqueda_24m
1790810557,1,donchian,60,"{""k_atr"": 2.0, ""n"": 55}",trail3R,reducido50,todos,short,17717,0.11419,6683.92,0.01414,busqueda_24m
1790810557,1,donchian,60,"{""k_atr"": 2.0, ""n"": 55}",obj3R_be,reducido50,todos,ambos,33291,-0.00367,-4834.26,-0.01968,busqueda_24m
1790810557,1,donchian,60,"{""k_atr"": 2.0, ""n"": 55}",obj3R_be,reducido50,todos,long,15574,-0.02895,-2369.41,-0.0203,busqueda_24m
1790810557,1,donchian,60,"{""k_atr"": 2.0, ""n"": 55}",obj3R_be,reducido50,todos,short,17717,0.01854,-2464.85,-0.01145,busqueda_24m
1790810557,1,donchian,60,"{""k_atr"": 2.0, ""n"": 55}",obj5pct,reducido50,todos,ambos,33291,-0.05734,-11942.52,-0.33953,busqueda_24m
1790810557,1,donchian,60,"{""k_atr"": 2.0, ""n"": 55}",obj5pct,reducido50,todos,long,15574,-0.06062,-5094.21,-0.28504,busqueda_24m
1790810557,1,donchian,60,"{""k_atr"": 2.0, ""n"": 55}",obj5pct,reducido50,todos,short,17717,-0.05445,-6848.31,-0.21575,busqueda_24m
1790810557,1,donchian,60,"{""k_atr"": 2.0, ""n"": 55}",obj10pct,reducido50,todos,ambos,33291,-0.05111,-10469.2,-0.18977,busqueda_24m
1790810557,1,donchian,60,"{""k_atr"": 2.0, ""n"": 55}",obj10pct,reducido50,todos,long,15574,-0.06497,-5385.19,-0.17337,busqueda_24m
1790810557,1,donchian,60,"{""k_atr"": 2.0, ""n"": 55}",obj10pct,reducido50,todos,short,17717,-0.03893,-5084.01,-0.10659,busqueda_24m
1790810557,1,donchian,60,"{""k_atr"": 2.0, ""n"": 55}",obj20pct,reducido50,todos,ambos,33291,-0.0382,-8308.82,-0.08863,busqueda_24m
1790810557,1,donchian,60,"{""k_atr"": 2.0, ""n"": 55}",obj20pct,reducido50,todos,long,15574,-0.06384,-5324.14,-0.10074,busqueda_24m
1790810557,1,donchian,60,"{""k_atr"": 2.0, ""n"": 55}",obj20pct,reducido50,todos,short,17717,-0.01567,-2984.68,-0.03721,busqueda_24m
1790810557,1,donchian,60,"{""k_atr"": 2.0, ""n"": 55}",obj30pct,reducido50,todos,ambos,33291,-0.02953,-6357.61,-0.04965,busqueda_24m
1790810557,1,donchian,60,"{""k_atr"": 2.0, ""n"": 55}",obj30pct,reducido50,todos,long,15574,-0.06236,-4913.71,-0.07088,busqueda_24m
1790810557,1,donchian,60,"{""k_atr"": 2.0, ""n"": 55}",obj30pct,reducido50,todos,short,17717,-0.00068,-1443.89,-0.01311,busqueda_24m
1790810557,1,donchian,60,"{""k_atr"": 2.0, ""n"": 55}",obj50pct,reducido50,todos,ambos,33291,-0.01184,-3173.4,-0.01712,busqueda_24m
1790810557,1,donchian,60,"{""k_atr"": 2.0, ""n"": 55}",obj50pct,reducido50,todos,long,15574,-0.04795,-3956.61,-0.04216,busqueda_24m
1790810557,1,donchian,60,"{""k_atr"": 2.0, ""n"": 55}",obj50pct,reducido50,todos,short,17717,0.01992,783.21,0.00484,busqueda_24m
1790810557,1,donchian,60,"{""k_atr"": 2.0, ""n"": 55}",obj1R,reducido50,todos,ambos,33291,-0.09315,-18799.45,-0.12095,busqueda_24m
1790810557,1,donchian,60,"{""k_atr"": 2.0, ""n"": 55}",obj1R,reducido50,todos,long,17717,-0.11354,-12491.7,-0.08991,busqueda_24m
1790810557,1,donchian,60,"{""k_atr"": 2.0, ""n"": 55}",obj1R,reducido50,todos,short,15574,-0.06995,-6307.75,-0.08128,busqueda_24m
1790810557,1,donchian,60,"{""k_atr"": 2.0, ""n"": 55}",obj2R,reducido50,todos,ambos,33291,-0.09477,-18246.49,-0.0878,busqueda_24m
1790810557,1,donchian,60,"{""k_atr"": 2.0, ""n"": 55}",obj2R,reducido50,todos,long,17717,-0.13262,-13798.4,-0.07436,busqueda_24m
1790810557,1,donchian,60,"{""k_atr"": 2.0, ""n"": 55}",obj2R,reducido50,todos,short,15574,-0.05171,-4448.1,-0.03491,busqueda_24m
1790810557,1,donchian,60,"{""k_atr"": 2.0, ""n"": 55}",obj3R,reducido50,todos,ambos,33291,-0.10311,-20612.26,-0.09566,busqueda_24m
1790810557,1,donchian,60,"{""k_atr"": 2.0, ""n"": 55}",obj3R,reducido50,todos,long,17717,-0.15161,-16160.71,-0.07852,busqueda_24m
1790810557,1,donchian,60,"{""k_atr"": 2.0, ""n"": 55}",obj3R,reducido50,todos,short,15574,-0.04793,-4451.56,-0.03152,busqueda_24m
1790810557,1,donchian,60,"{""k_atr"": 2.0, ""n"": 55}",trail2R,reducido50,todos,ambos,33291,-0.0906,-18443.07,-0.09222,busqueda_24m
1790810557,1,donchian,60,"{""k_atr"": 2.0, ""n"": 55}",trail2R,reducido50,todos,long,17717,-0.13003,-14405.57,-0.07035,busqueda_24m
1790810557,1,donchian,60,"{""k_atr"": 2.0, ""n"": 55}",trail2R,reducido50,todos,short,15574,-0.04576,-4037.49,-0.02705,busqueda_24m
1790810557,1,donchian,60,"{""k_atr"": 2.0, ""n"": 55}",trail3R,reducido50,todos,ambos,33291,-0.08855,-18322.02,-0.08486,busqueda_24m
1790810557,1,donchian,60,"{""k_atr"": 2.0, ""n"": 55}",trail3R,reducido50,todos,long,17717,-0.13899,-15115.14,-0.06859,busqueda_24m
1790810557,1,donchian,60,"{""k_atr"": 2.0, ""n"": 55}",trail3R,reducido50,todos,short,15574,-0.03118,-3206.88,-0.02027,busqueda_24m
1790810557,1,donchian,60,"{""k_atr"": 2.0, ""n"": 55}",obj3R_be,reducido50,todos,ambos,33291,-0.10292,-20477.72,-0.09906,busqueda_24m
1790810557,1,donchian,60,"{""k_atr"": 2.0, ""n"": 55}",obj3R_be,reducido50,todos,long,17717,-0.13916,-14891.21,-0.07541,busqueda_24m
1790810557,1,donchian,60,"{""k_atr"": 2.0, ""n"": 55}",obj3R_be,reducido50,todos,short,15574,-0.0617,-5586.5,-0.04161,busqueda_24m
1790810557,1,donchian,60,"{""k_atr"": 2.0, ""n"": 55}",obj5pct,reducido50,todos,ambos,33291,-0.05978,-11276.26,-0.28795,busqueda_24m
1790810557,1,donchian,60,"{""k_atr"": 2.0, ""n"": 55}",obj5pct,reducido50,todos,long,17717,-0.06474,-6498.03,-0.19034,busqueda_24m
1790810557,1,donchian,60,"{""k_atr"": 2.0, ""n"": 55}",obj5pct,reducido50,todos,short,15574,-0.05413,-4778.22,-0.23627,busqueda_24m
1790810557,1,donchian,60,"{""k_atr"": 2.0, ""n"": 55}",obj10pct,reducido50,todos,ambos,33291,-0.07017,-13554.48,-0.20239,busqueda_24m
1790810557,1,donchian,60,"{""k_atr"": 2.0, ""n"": 55}",obj10pct,reducido50,todos,long,17717,-0.0801,-8442.33,-0.1422,busqueda_24m
1790810557,1,donchian,60,"{""k_atr"": 2.0, ""n"": 55}",obj10pct,reducido50,todos,short,15574,-0.05888,-5112.15,-0.15877,busqueda_24m
1790810557,1,donchian,60,"{""k_atr"": 2.0, ""n"": 55}",obj20pct,reducido50,todos,ambos,33291,-0.08831,-17215.72,-0.16126,busqueda_24m
1790810557,1,donchian,60,"{""k_atr"": 2.0, ""n"": 55}",obj20pct,reducido50,todos,long,17717,-0.09928,-10674.08,-0.11456,busqueda_24m
1790810557,1,donchian,60,"{""k_atr"": 2.0, ""n"": 55}",obj20pct,reducido50,todos,short,15574,-0.07582,-6541.64,-0.12154,busqueda_24m
1790810557,1,donchian,60,"{""k_atr"": 2.0, ""n"": 55}",obj30pct,reducido50,todos,ambos,33291,-0.09063,-17816.42,-0.13207,busqueda_24m
1790810557,1,donchian,60,"{""k_atr"": 2.0, ""n"": 55}",obj30pct,reducido50,todos,long,17717,-0.10904,-11810.4,-0.10126,busqueda_24m
1790810557,1,donchian,60,"{""k_atr"": 2.0, ""n"": 55}",obj30pct,reducido50,todos,short,15574,-0.06968,-6006.02,-0.08277,busqueda_24m
1790810557,1,donchian,60,"{""k_atr"": 2.0, ""n"": 55}",obj50pct,reducido50,todos,ambos,33291,-0.08967,-18467.89,-0.10729,busqueda_24m
1790810557,1,donchian,60,"{""k_atr"": 2.0, ""n"": 55}",obj50pct,reducido50,todos,long,17717,-0.1242,-13847.79,-0.09197,busqueda_24m
1790810557,1,donchian,60,"{""k_atr"": 2.0, ""n"": 55}",obj50pct,reducido50,todos,short,15574,-0.05038,-4620.1,-0.04473,busqueda_24m
1790810557,1,rsi2,60,"{""k_atr"": 2.0, ""sma_filtro"": 200, ""umbral"": 5.0}",obj1R,reducido50,todos,ambos,26324,-0.05478,-6403.97,-0.0567,busqueda_24m
1790810557,1,rsi2,60,"{""k_atr"": 2.0, ""sma_filtro"": 200, ""umbral"": 5.0}",obj1R,reducido50,todos,long,11129,-0.07246,-2815.85,-0.03904,busqueda_24m
1790810557,1,rsi2,60,"{""k_atr"": 2.0, ""sma_filtro"": 200, ""umbral"": 5.0}",obj1R,reducido50,todos,short,15195,-0.04183,-3588.12,-0.0388,busqueda_24m
1790810557,1,rsi2,60,"{""k_atr"": 2.0, ""sma_filtro"": 200, ""umbral"": 5.0}",obj2R,reducido50,todos,ambos,26324,-0.04921,-6788.29,-0.04533,busqueda_24m
1790810557,1,rsi2,60,"{""k_atr"": 2.0, ""sma_filtro"": 200, ""umbral"": 5.0}",obj2R,reducido50,todos,long,11129,-0.06783,-2946.58,-0.03058,busqueda_24m
1790810557,1,rsi2,60,"{""k_atr"": 2.0, ""sma_filtro"": 200, ""umbral"": 5.0}",obj2R,reducido50,todos,short,15195,-0.03558,-3841.71,-0.0299,busqueda_24m
1790810557,1,rsi2,60,"{""k_atr"": 2.0, ""sma_filtro"": 200, ""umbral"": 5.0}",obj3R,reducido50,todos,ambos,26324,-0.04091,-6640.86,-0.03962,busqueda_24m
1790810557,1,rsi2,60,"{""k_atr"": 2.0, ""sma_filtro"": 200, ""umbral"": 5.0}",obj3R,reducido50,todos,long,11129,-0.07562,-3598.34,-0.03374,busqueda_24m
1790810557,1,rsi2,60,"{""k_atr"": 2.0, ""sma_filtro"": 200, ""umbral"": 5.0}",obj3R,reducido50,todos,short,15195,-0.01549,-3042.52,-0.02107,busqueda_24m
1790810557,1,rsi2,60,"{""k_atr"": 2.0, ""sma_filtro"": 200, ""umbral"": 5.0}",trail2R,reducido50,todos,ambos,26324,-0.03239,-6845.48,-0.04117,busqueda_24m
1790810557,1,rsi2,60,"{""k_atr"": 2.0, ""sma_filtro"": 200, ""umbral"": 5.0}",trail2R,reducido50,todos,long,11129,-0.06833,-3701.42,-0.03519,busqueda_24m
1790810557,1,rsi2,60,"{""k_atr"": 2.0, ""sma_filtro"": 200, ""umbral"": 5.0}",trail2R,reducido50,todos,short,15195,-0.00606,-3144.06,-0.02248,busqueda_24m
1790810557,1,rsi2,60,"{""k_atr"": 2.0, ""sma_filtro"": 200, ""umbral"": 5.0}",trail3R,reducido50,todos,ambos,26324,-0.02692,-6711.1,-0.03822,busqueda_24m
1790810557,1,rsi2,60,"{""k_atr"": 2.0, ""sma_filtro"": 200, ""umbral"": 5.0}",trail3R,reducido50,todos,long,11129,-0.07492,-4461.68,-0.04102,busqueda_24m
1790810557,1,rsi2,60,"{""k_atr"": 2.0, ""sma_filtro"": 200, ""umbral"": 5.0}",trail3R,reducido50,todos,short,15195,0.00824,-2249.42,-0.01511,busqueda_24m
1790810557,1,rsi2,60,"{""k_atr"": 2.0, ""sma_filtro"": 200, ""umbral"": 5.0}",obj3R_be,reducido50,todos,ambos,26324,-0.04582,-7358.0,-0.04597,busqueda_24m
1790810557,1,rsi2,60,"{""k_atr"": 2.0, ""sma_filtro"": 200, ""umbral"": 5.0}",obj3R_be,reducido50,todos,long,11129,-0.07766,-3929.08,-0.03879,busqueda_24m
1790810557,1,rsi2,60,"{""k_atr"": 2.0, ""sma_filtro"": 200, ""umbral"": 5.0}",obj3R_be,reducido50,todos,short,15195,-0.0225,-3428.92,-0.02486,busqueda_24m
1790810557,1,rsi2,60,"{""k_atr"": 2.0, ""sma_filtro"": 200, ""umbral"": 5.0}",obj5pct,reducido50,todos,ambos,26324,-0.04651,-6011.86,-0.21826,busqueda_24m
1790810557,1,rsi2,60,"{""k_atr"": 2.0, ""sma_filtro"": 200, ""umbral"": 5.0}",obj5pct,reducido50,todos,long,11129,-0.04257,-2353.31,-0.13623,busqueda_24m
1790810557,1,rsi2,60,"{""k_atr"": 2.0, ""sma_filtro"": 200, ""umbral"": 5.0}",obj5pct,reducido50,todos,short,15195,-0.0494,-3658.55,-0.16623,busqueda_24m
1790810557,1,rsi2,60,"{""k_atr"": 2.0, ""sma_filtro"": 200, ""umbral"": 5.0}",obj10pct,reducido50,todos,ambos,26324,-0.04636,-5772.2,-0.12786,busqueda_24m
1790810557,1,rsi2,60,"{""k_atr"": 2.0, ""sma_filtro"": 200, ""umbral"": 5.0}",obj10pct,reducido50,todos,long,11129,-0.05003,-2505.69,-0.08691,busqueda_24m
1790810557,1,rsi2,60,"{""k_atr"": 2.0, ""sma_filtro"": 200, ""umbral"": 5.0}",obj10pct,reducido50,todos,short,15195,-0.04367,-3266.51,-0.0912,busqueda_24m
1790810557,1,rsi2,60,"{""k_atr"": 2.0, ""sma_filtro"": 200, ""umbral"": 5.0}",obj20pct,reducido50,todos,ambos,26324,-0.03997,-4329.23,-0.05908,busqueda_24m
1790810557,1,rsi2,60,"{""k_atr"": 2.0, ""sma_filtro"": 200, ""umbral"": 5.0}",obj20pct,reducido50,todos,long,11129,-0.05095,-2253.3,-0.04905,busqueda_24m
1790810557,1,rsi2,60,"{""k_atr"": 2.0, ""sma_filtro"": 200, ""umbral"": 5.0}",obj20pct,reducido50,todos,short,15195,-0.03193,-2075.93,-0.03466,busqueda_24m
1790810557,1,rsi2,60,"{""k_atr"": 2.0, ""sma_filtro"": 200, ""umbral"": 5.0}",obj30pct,reducido50,todos,ambos,26324,-0.03855,-4170.31,-0.0436,busqueda_24m
1790810557,1,rsi2,60,"{""k_atr"": 2.0, ""sma_filtro"": 200, ""umbral"": 5.0}",obj30pct,reducido50,todos,long,11129,-0.05681,-2663.3,-0.04466,busqueda_24m
1790810557,1,rsi2,60,"{""k_atr"": 2.0, ""sma_filtro"": 200, ""umbral"": 5.0}",obj30pct,reducido50,todos,short,15195,-0.02518,-1507.01,-0.01872,busqueda_24m
1790810557,1,rsi2,60,"{""k_atr"": 2.0, ""sma_filtro"": 200, ""umbral"": 5.0}",obj50pct,reducido50,todos,ambos,26324,-0.03222,-4340.31,-0.03315,busqueda_24m
1790810557,1,rsi2,60,"{""k_atr"": 2.0, ""sma_filtro"": 200, ""umbral"": 5.0}",obj50pct,reducido50,todos,long,11129,-0.05834,-2875.78,-0.0369,busqueda_24m
1790810557,1,rsi2,60,"{""k_atr"": 2.0, ""sma_filtro"": 200, ""umbral"": 5.0}",obj50pct,reducido50,todos,short,15195,-0.01308,-1464.52,-0.01273,busqueda_24m
1790810557,1,rsi2,60,"{""k_atr"": 2.0, ""sma_filtro"": 200, ""umbral"": 5.0}",obj1R,reducido50,todos,ambos,26324,-0.077,-13460.03,-0.12386,busqueda_24m
1790810557,1,rsi2,60,"{""k_atr"": 2.0, ""sma_filtro"": 200, ""umbral"": 5.0}",obj1R,reducido50,todos,long,15195,-0.0963,-7935.08,-0.08839,busqueda_24m
1790810557,1,rsi2,60,"{""k_atr"": 2.0, ""sma_filtro"": 200, ""umbral"": 5.0}",obj1R,reducido50,todos,short,11129,-0.05064,-5524.96,-0.08125,busqueda_24m
1790810557,1,rsi2,60,"{""k_atr"": 2.0, ""sma_filtro"": 200, ""umbral"": 5.0}",obj2R,reducido50,todos,ambos,26324,-0.07178,-14243.87,-0.09335,busqueda_24m
1790810557,1,rsi2,60,"{""k_atr"": 2.0, ""sma_filtro"": 200, ""umbral"": 5.0}",obj2R,reducido50,todos,long,15195,-0.0876,-8208.87,-0.06608,busqueda_24m
1790810557,1,rsi2,60,"{""k_atr"": 2.0, ""sma_filtro"": 200, ""umbral"": 5.0}",obj2R,reducido50,todos,short,11129,-0.05018,-6034.99,-0.06155,busqueda_24m
1790810557,1,rsi2,60,"{""k_atr"": 2.0, ""sma_filtro"": 200, ""umbral"": 5.0}",obj3R,reducido50,todos,ambos,26324,-0.064,-13350.53,-0.0805,busqueda_24m
1790810557,1,rsi2,60,"{""k_atr"": 2.0, ""sma_filtro"": 200, ""umbral"": 5.0}",obj3R,reducido50,todos,long,15195,-0.07642,-7845.47,-0.05936,busqueda_24m
1790810557,1,rsi2,60,"{""k_atr"": 2.0, ""sma_filtro"": 200, ""umbral"": 5.0}",obj3R,reducido50,todos,short,11129,-0.04705,-5505.07,-0.04986,busqueda_24m
1790810557,1,rsi2,60,"{""k_atr"": 2.0, ""sma_filtro"": 200, ""umbral"": 5.0}",trail2R,reducido50,todos,ambos,26324,-0.04469,-11185.94,-0.06219,busqueda_24m
1790810557,1,rsi2,60,"{""k_atr"": 2.0, ""sma_filtro"": 200, ""umbral"": 5.0}",trail2R,reducido50,todos,long,15195,-0.05647,-6882.82,-0.05049,busqueda_24m
1790810557,1,rsi2,60,"{""k_atr"": 2.0, ""sma_filtro"": 200, ""umbral"": 5.0}",trail2R,reducido50,todos,short,11129,-0.0286,-4303.11,-0.03379,busqueda_24m
1790810557,1,rsi2,60,"{""k_atr"": 2.0, ""sma_filtro"": 200, ""umbral"": 5.0}",trail3R,reducido50,todos,ambos,26324,-0.04886,-11740.89,-0.06317,busqueda_24m
1790810557,1,rsi2,60,"{""k_atr"": 2.0, ""sma_filtro"": 200, ""umbral"": 5.0}",trail3R,reducido50,todos,long,15195,-0.05528,-6808.37,-0.04635,busqueda_24m
1790810557,1,rsi2,60,"{""k_atr"": 2.0, ""sma_filtro"": 200, ""umbral"": 5.0}",trail3R,reducido50,todos,short,11129,-0.0401,-4932.52,-0.03901,busqueda_24m
1790810557,1,rsi2,60,"{""k_atr"": 2.0, ""sma_filtro"": 200, ""umbral"": 5.0}",obj3R_be,reducido50,todos,ambos,26324,-0.06295,-13431.19,-0.08368,busqueda_24m
1790810557,1,rsi2,60,"{""k_atr"": 2.0, ""sma_filtro"": 200, ""umbral"": 5.0}",obj3R_be,reducido50,todos,long,15195,-0.07763,-8190.17,-0.06431,busqueda_24m
1790810557,1,rsi2,60,"{""k_atr"": 2.0, ""sma_filtro"": 200, ""umbral"": 5.0}",obj3R_be,reducido50,todos,short,11129,-0.0429,-5241.02,-0.04909,busqueda_24m
1790810557,1,rsi2,60,"{""k_atr"": 2.0, ""sma_filtro"": 200, ""umbral"": 5.0}",obj5pct,reducido50,todos,ambos,26324,-0.07737,-11209.57,-0.4269,busqueda_24m
1790810557,1,rsi2,60,"{""k_atr"": 2.0, ""sma_filtro"": 200, ""umbral"": 5.0}",obj5pct,reducido50,todos,long,15195,-0.08755,-6985.67,-0.3174,busqueda_24m
1790810557,1,rsi2,60,"{""k_atr"": 2.0, ""sma_filtro"": 200, ""umbral"": 5.0}",obj5pct,reducido50,todos,short,11129,-0.06348,-4223.89,-0.2617,busqueda_24m
1790810557,1,rsi2,60,"{""k_atr"": 2.0, ""sma_filtro"": 200, ""umbral"": 5.0}",obj10pct,reducido50,todos,ambos,26324,-0.07357,-10253.14,-0.244,busqueda_24m
1790810557,1,rsi2,60,"{""k_atr"": 2.0, ""sma_filtro"": 200, ""umbral"": 5.0}",obj10pct,reducido50,todos,long,15195,-0.08911,-6863.35,-0.19163,busqueda_24m
1790810557,1,rsi2,60,"{""k_atr"": 2.0, ""sma_filtro"": 200, ""umbral"": 5.0}",obj10pct,reducido50,todos,short,11129,-0.05234,-3389.79,-0.13807,busqueda_24m
1790810557,1,rsi2,60,"{""k_atr"": 2.0, ""sma_filtro"": 200, ""umbral"": 5.0}",obj20pct,reducido50,todos,ambos,26324,-0.07156,-9784.67,-0.13795,busqueda_24m
1790810557,1,rsi2,60,"{""k_atr"": 2.0, ""sma_filtro"": 200, ""umbral"": 5.0}",obj20pct,reducido50,todos,long,15195,-0.09001,-6680.92,-0.10937,busqueda_24m
1790810557,1,rsi2,60,"{""k_atr"": 2.0, ""sma_filtro"": 200, ""umbral"": 5.0}",obj20pct,reducido50,todos,short,11129,-0.04637,-3103.75,-0.0757,busqueda_24m
1790810557,1,rsi2,60,"{""k_atr"": 2.0, ""sma_filtro"": 200, ""umbral"": 5.0}",obj30pct,reducido50,todos,ambos,26324,-0.0696,-9775.98,-0.10376,busqueda_24m
1790810557,1,rsi2,60,"{""k_atr"": 2.0, ""sma_filtro"": 200, ""umbral"": 5.0}",obj30pct,reducido50,todos,long,15195,-0.088,-6463.73,-0.08161,busqueda_24m
1790810557,1,rsi2,60,"{""k_atr"": 2.0, ""sma_filtro"": 200, ""umbral"": 5.0}",obj30pct,reducido50,todos,short,11129,-0.04448,-3312.25,-0.05731,busqueda_24m
1790810557,1,rsi2,60,"{""k_atr"": 2.0, ""sma_filtro"": 200, ""umbral"": 5.0}",obj50pct,reducido50,todos,ambos,26324,-0.06451,-10689.71,-0.08366,busqueda_24m
1790810557,1,rsi2,60,"{""k_atr"": 2.0, ""sma_filtro"": 200, ""umbral"": 5.0}",obj50pct,reducido50,todos,long,15195,-0.07927,-6210.16,-0.05878,busqueda_24m
1790810557,1,rsi2,60,"{""k_atr"": 2.0, ""sma_filtro"": 200, ""umbral"": 5.0}",obj50pct,reducido50,todos,short,11129,-0.04436,-4479.55,-0.05473,busqueda_24m
1790810557,1,rsi2,60,"{""k_atr"": 2.0, ""sma_filtro"": 200, ""umbral"": 10.0}",obj1R,reducido50,todos,ambos,56744,-0.0559,-18513.63,-0.08967,busqueda_24m
1790810557,1,rsi2,60,"{""k_atr"": 2.0, ""sma_filtro"": 200, ""umbral"": 10.0}",obj1R,reducido50,todos,long,24339,-0.07608,-9328.12,-0.07022,busqueda_24m
1790810557,1,rsi2,60,"{""k_atr"": 2.0, ""sma_filtro"": 200, ""umbral"": 10.0}",obj1R,reducido50,todos,short,32405,-0.04075,-9185.51,-0.05211,busqueda_24m
1790810557,1,rsi2,60,"{""k_atr"": 2.0, ""sma_filtro"": 200, ""umbral"": 10.0}",obj2R,reducido50,todos,ambos,56744,-0.04996,-18819.23,-0.06643,busqueda_24m
1790810557,1,rsi2,60,"{""k_atr"": 2.0, ""sma_filtro"": 200, ""umbral"": 10.0}",obj2R,reducido50,todos,long,24339,-0.07848,-10585.75,-0.05722,busqueda_24m
1790810557,1,rsi2,60,"{""k_atr"": 2.0, ""sma_filtro"": 200, ""umbral"": 10.0}",obj2R,reducido50,todos,short,32405,-0.02854,-8233.48,-0.03287,busqueda_24m
1790810557,1,rsi2,60,"{""k_atr"": 2.0, ""sma_filtro"": 200, ""umbral"": 10.0}",obj3R,reducido50,todos,ambos,56744,-0.04469,-19279.35,-0.06141,busqueda_24m
1790810557,1,rsi2,60,"{""k_atr"": 2.0, ""sma_filtro"": 200, ""umbral"": 10.0}",obj3R,reducido50,todos,long,24339,-0.08469,-11753.39,-0.05776,busqueda_24m
1790810557,1,rsi2,60,"{""k_atr"": 2.0, ""sma_filtro"": 200, ""umbral"": 10.0}",obj3R,reducido50,todos,short,32405,-0.01464,-7525.96,-0.02725,busqueda_24m
1790810557,1,rsi2,60,"{""k_atr"": 2.0, ""sma_filtro"": 200, ""umbral"": 10.0}",trail2R,reducido50,todos,ambos,56744,-0.02915,-16794.06,-0.05304,busqueda_24m
1790810557,1,rsi2,60,"{""k_atr"": 2.0, ""sma_filtro"": 200, ""umbral"": 10.0}",trail2R,reducido50,todos,long,24339,-0.06817,-10161.61,-0.05236,busqueda_24m
1790810557,1,rsi2,60,"{""k_atr"": 2.0, ""sma_filtro"": 200, ""umbral"": 10.0}",trail2R,reducido50,todos,short,32405,0.00016,-6632.46,-0.02409,busqueda_24m
1790810557,1,rsi2,60,"{""k_atr"": 2.0, ""sma_filtro"": 200, ""umbral"": 10.0}",trail3R,reducido50,todos,ambos,56744,-0.02268,-16027.25,-0.04651,busqueda_24m
1790810557,1,rsi2,60,"{""k_atr"": 2.0, ""sma_filtro"": 200, ""umbral"": 10.0}",trail3R,reducido50,todos,long,24339,-0.07523,-11749.15,-0.05782,busqueda_24m
1790810557,1,rsi2,60,"{""k_atr"": 2.0, ""sma_filtro"": 200, ""umbral"": 10.0}",trail3R,reducido50,todos,short,32405,0.01679,-4278.1,-0.01409,busqueda_24m
1790810557,1,rsi2,60,"{""k_atr"": 2.0, ""sma_filtro"": 200, ""umbral"": 10.0}",obj3R_be,reducido50,todos,ambos,56744,-0.0479,-20251.67,-0.06822,busqueda_24m
1790810557,1,rsi2,60,"{""k_atr"": 2.0, ""sma_filtro"": 200, ""umbral"": 10.0}",obj3R_be,reducido50,todos,long,24339,-0.08373,-11851.17,-0.06194,busqueda_24m
1790810557,1,rsi2,60,"{""k_atr"": 2.0, ""sma_filtro"": 200, ""umbral"": 10.0}",obj3R_be,reducido50,todos,short,32405,-0.021,-8400.5,-0.03217,busqueda_24m
1790810557,1,rsi2,60,"{""k_atr"": 2.0, ""sma_filtro"": 200, ""umbral"": 10.0}",obj5pct,reducido50,todos,ambos,56744,-0.05176,-14949.54,-0.29535,busqueda_24m
1790810557,1,rsi2,60,"{""k_atr"": 2.0, ""sma_filtro"": 200, ""umbral"": 10.0}",obj5pct,reducido50,todos,long,24339,-0.04699,-5723.1,-0.18618,busqueda_24m
1790810557,1,rsi2,60,"{""k_atr"": 2.0, ""sma_filtro"": 200, ""umbral"": 10.0}",obj5pct,reducido50,todos,short,32405,-0.05535,-9226.44,-0.21988,busqueda_24m
1790810557,1,rsi2,60,"{""k_atr"": 2.0, ""sma_filtro"": 200, ""umbral"": 10.0}",obj10pct,reducido50,todos,ambos,56744,-0.05228,-15015.7,-0.17256,busqueda_24m
1790810557,1,rsi2,60,"{""k_atr"": 2.0, ""sma_filtro"": 200, ""umbral"": 10.0}",obj10pct,reducido50,todos,long,24339,-0.05081,-5771.85,-0.10931,busqueda_24m
1790810557,1,rsi2,60,"{""k_atr"": 2.0, ""sma_filtro"": 200, ""umbral"": 10.0}",obj10pct,reducido50,todos,short,32405,-0.05339,-9243.84,-0.12681,busqueda_24m
1790810557,1,rsi2,60,"{""k_atr"": 2.0, ""sma_filtro"": 200, ""umbral"": 10.0}",obj20pct,reducido50,todos,ambos,56744,-0.04229,-11988.98,-0.08829,busqueda_24m
1790810557,1,rsi2,60,"{""k_atr"": 2.0, ""sma_filtro"": 200, ""umbral"": 10.0}",obj20pct,reducido50,todos,long,24339,-0.05409,-6078.5,-0.0703,busqueda_24m
1790810557,1,rsi2,60,"{""k_atr"": 2.0, ""sma_filtro"": 200, ""umbral"": 10.0}",obj20pct,reducido50,todos,short,32405,-0.03344,-5910.48,-0.05151,busqueda_24m
1790810557,1,rsi2,60,"{""k_atr"": 2.0, ""sma_filtro"": 200, ""umbral"": 10.0}",obj30pct,reducido50,todos,ambos,56744,-0.03624,-11307.31,-0.06366,busqueda_24m
1790810557,1,rsi2,60,"{""k_atr"": 2.0, ""sma_filtro"": 200, ""umbral"": 10.0}",obj30pct,reducido50,todos,long,24339,-0.05407,-6535.98,-0.05741,busqueda_24m
1790810557,1,rsi2,60,"{""k_atr"": 2.0, ""sma_filtro"": 200, ""umbral"": 10.0}",obj30pct,reducido50,todos,short,32405,-0.02286,-4771.33,-0.03081,busqueda_24m
1790810557,1,rsi2,60,"{""k_atr"": 2.0, ""sma_filtro"": 200, ""umbral"": 10.0}",obj50pct,reducido50,todos,ambos,56744,-0.03247,-12749.34,-0.05207,busqueda_24m
1790810557,1,rsi2,60,"{""k_atr"": 2.0, ""sma_filtro"": 200, ""umbral"": 10.0}",obj50pct,reducido50,todos,long,24339,-0.06489,-9021.53,-0.05915,busqueda_24m
1790810557,1,rsi2,60,"{""k_atr"": 2.0, ""sma_filtro"": 200, ""umbral"": 10.0}",obj50pct,reducido50,todos,short,32405,-0.00812,-3727.82,-0.01686,busqueda_24m
1790810557,1,rsi2,60,"{""k_atr"": 2.0, ""sma_filtro"": 200, ""umbral"": 10.0}",obj1R,reducido50,todos,ambos,56744,-0.07646,-24205.86,-0.12122,busqueda_24m
1790810557,1,rsi2,60,"{""k_atr"": 2.0, ""sma_filtro"": 200, ""umbral"": 10.0}",obj1R,reducido50,todos,long,32405,-0.09816,-15441.76,-0.09026,busqueda_24m
1790810557,1,rsi2,60,"{""k_atr"": 2.0, ""sma_filtro"": 200, ""umbral"": 10.0}",obj1R,reducido50,todos,short,24339,-0.04757,-8764.1,-0.06872,busqueda_24m
1790810557,1,rsi2,60,"{""k_atr"": 2.0, ""sma_filtro"": 200, ""umbral"": 10.0}",obj2R,reducido50,todos,ambos,56744,-0.07761,-27470.4,-0.0962,busqueda_24m
1790810557,1,rsi2,60,"{""k_atr"": 2.0, ""sma_filtro"": 200, ""umbral"": 10.0}",obj2R,reducido50,todos,long,32405,-0.10123,-17531.41,-0.07356,busqueda_24m
1790810557,1,rsi2,60,"{""k_atr"": 2.0, ""sma_filtro"": 200, ""umbral"": 10.0}",obj2R,reducido50,todos,short,24339,-0.04617,-9938.98,-0.05176,busqueda_24m
1790810557,1,rsi2,60,"{""k_atr"": 2.0, ""sma_filtro"": 200, ""umbral"": 10.0}",obj3R,reducido50,todos,ambos,56744,-0.06882,-24896.29,-0.07859,busqueda_24m
1790810557,1,rsi2,60,"{""k_atr"": 2.0, ""sma_filtro"": 200, ""umbral"": 10.0}",obj3R,reducido50,todos,long,32405,-0.09033,-16125.66,-0.06139,busqueda_24m
1790810557,1,rsi2,60,"{""k_atr"": 2.0, ""sma_filtro"": 200, ""umbral"": 10.0}",obj3R,reducido50,todos,short,24339,-0.04019,-8770.63,-0.04088,busqueda_24m
1790810557,1,rsi2,60,"{""k_atr"": 2.0, ""sma_filtro"": 200, ""umbral"": 10.0}",trail2R,reducido50,todos,ambos,56744,-0.04483,-18907.39,-0.05552,busqueda_24m
1790810557,1,rsi2,60,"{""k_atr"": 2.0, ""sma_filtro"": 200, ""umbral"": 10.0}",trail2R,reducido50,todos,long,32405,-0.06705,-13466.08,-0.05126,busqueda_24m
1790810557,1,rsi2,60,"{""k_atr"": 2.0, ""sma_filtro"": 200, ""umbral"": 10.0}",trail2R,reducido50,todos,short,24339,-0.01526,-5441.31,-0.0216,busqueda_24m
1790810557,1,rsi2,60,"{""k_atr"": 2.0, ""sma_filtro"": 200, ""umbral"": 10.0}",trail3R,reducido50,todos,ambos,56744,-0.04935,-19954.16,-0.05766,busqueda_24m
1790810557,1,rsi2,60,"{""k_atr"": 2.0, ""sma_filtro"": 200, ""umbral"": 10.0}",trail3R,reducido50,todos,long,32405,-0.06841,-13434.54,-0.04804,busqueda_24m
1790810557,1,rsi2,60,"{""k_atr"": 2.0, ""sma_filtro"": 200, ""umbral"": 10.0}",trail3R,reducido50,todos,short,24339,-0.02396,-6519.62,-0.02633,busqueda_24m
1790810557,1,rsi2,60,"{""k_atr"": 2.0, ""sma_filtro"": 200, ""umbral"": 10.0}",obj3R_be,reducido50,todos,ambos,56744,-0.06768,-25068.54,-0.08169,busqueda_24m
1790810557,1,rsi2,60,"{""k_atr"": 2.0, ""sma_filtro"": 200, ""umbral"": 10.0}",obj3R_be,reducido50,todos,long,32405,-0.0894,-16437.19,-0.06516,busqueda_24m
1790810557,1,rsi2,60,"{""k_atr"": 2.0, ""sma_filtro"": 200, ""umbral"": 10.0}",obj3R_be,reducido50,todos,short,24339,-0.03875,-8631.35,-0.0416,busqueda_24m
1790810557,1,rsi2,60,"{""k_atr"": 2.0, ""sma_filtro"": 200, ""umbral"": 10.0}",obj5pct,reducido50,todos,ambos,56744,-0.07511,-23441.95,-0.54497,busqueda_24m
1790810557,1,rsi2,60,"{""k_atr"": 2.0, ""sma_filtro"": 200, ""umbral"": 10.0}",obj5pct,reducido50,todos,long,32405,-0.08625,-14745.15,-0.38735,busqueda_24m
1790810557,1,rsi2,60,"{""k_atr"": 2.0, ""sma_filtro"": 200, ""umbral"": 10.0}",obj5pct,reducido50,todos,short,24339,-0.06028,-8696.8,-0.32836,busqueda_24m
1790810557,1,rsi2,60,"{""k_atr"": 2.0, ""sma_filtro"": 200, ""umbral"": 10.0}",obj10pct,reducido50,todos,ambos,56744,-0.07433,-22107.38,-0.30227,busqueda_24m
1790810557,1,rsi2,60,"{""k_atr"": 2.0, ""sma_filtro"": 200, ""umbral"": 10.0}",obj10pct,reducido50,todos,long,32405,-0.08936,-14743.64,-0.22971,busqueda_24m
1790810557,1,rsi2,60,"{""k_atr"": 2.0, ""sma_filtro"": 200, ""umbral"": 10.0}",obj10pct,reducido50,todos,short,24339,-0.05431,-7363.73,-0.16576,busqueda_24m
1790810557,1,rsi2,60,"{""k_atr"": 2.0, ""sma_filtro"": 200, ""umbral"": 10.0}",obj20pct,reducido50,todos,ambos,56744,-0.07307,-20987.06,-0.16463,busqueda_24m
1790810557,1,rsi2,60,"{""k_atr"": 2.0, ""sma_filtro"": 200, ""umbral"": 10.0}",obj20pct,reducido50,todos,long,32405,-0.09191,-14726.89,-0.13195,busqueda_24m
1790810557,1,rsi2,60,"{""k_atr"": 2.0, ""sma_filtro"": 200, ""umbral"": 10.0}",obj20pct,reducido50,todos,short,24339,-0.048,-6260.16,-0.07922,busqueda_24m
1790810557,1,rsi2,60,"{""k_atr"": 2.0, ""sma_filtro"": 200, ""umbral"": 10.0}",obj30pct,reducido50,todos,ambos,56744,-0.07204,-20615.5,-0.11938,busqueda_24m
1790810557,1,rsi2,60,"{""k_atr"": 2.0, ""sma_filtro"": 200, ""umbral"": 10.0}",obj30pct,reducido50,todos,long,32405,-0.09616,-15360.55,-0.1029,busqueda_24m
1790810557,1,rsi2,60,"{""k_atr"": 2.0, ""sma_filtro"": 200, ""umbral"": 10.0}",obj30pct,reducido50,todos,short,24339,-0.03991,-5254.95,-0.04735,busqueda_24m
1790810557,1,rsi2,60,"{""k_atr"": 2.0, ""sma_filtro"": 200, ""umbral"": 10.0}",obj50pct,reducido50,todos,ambos,56744,-0.07142,-21248.4,-0.08982,busqueda_24m
1790810557,1,rsi2,60,"{""k_atr"": 2.0, ""sma_filtro"": 200, ""umbral"": 10.0}",obj50pct,reducido50,todos,long,32405,-0.0977,-15372.92,-0.07617,busqueda_24m
1790810557,1,rsi2,60,"{""k_atr"": 2.0, ""sma_filtro"": 200, ""umbral"": 10.0}",obj50pct,reducido50,todos,short,24339,-0.03643,-5875.48,-0.03716,busqueda_24m
1790810557,1,ema_cross,240,"{""k_atr"": 2.0, ""lenta"": 21, ""rapida"": 9}",obj1R,reducido50,todos,ambos,7384,-0.01387,-1074.21,-0.01908,busqueda_24m
1790810557,1,ema_cross,240,"{""k_atr"": 2.0, ""lenta"": 21, ""rapida"": 9}",obj1R,reducido50,todos,long,3664,-0.04852,-2284.78,-0.04362,busqueda_24m
1790810557,1,ema_cross,240,"{""k_atr"": 2.0, ""lenta"": 21, ""rapida"": 9}",obj1R,reducido50,todos,short,3720,0.02026,1210.57,0.01983,busqueda_24m
1790810557,1,ema_cross,240,"{""k_atr"": 2.0, ""lenta"": 21, ""rapida"": 9}",obj2R,reducido50,todos,ambos,7384,0.02171,1465.62,0.01649,busqueda_24m
1790810557,1,ema_cross,240,"{""k_atr"": 2.0, ""lenta"": 21, ""rapida"": 9}",obj2R,reducido50,todos,long,3664,-0.02468,-1421.69,-0.02148,busqueda_24m
1790810557,1,ema_cross,240,"{""k_atr"": 2.0, ""lenta"": 21, ""rapida"": 9}",obj2R,reducido50,todos,short,3720,0.06739,2887.32,0.03402,busqueda_24m
1790810557,1,ema_cross,240,"{""k_atr"": 2.0, ""lenta"": 21, ""rapida"": 9}",obj3R,reducido50,todos,ambos,7384,0.02193,1184.35,0.01178,busqueda_24m
1790810557,1,ema_cross,240,"{""k_atr"": 2.0, ""lenta"": 21, ""rapida"": 9}",obj3R,reducido50,todos,long,3664,-0.01519,-1097.83,-0.0154,busqueda_24m
1790810557,1,ema_cross,240,"{""k_atr"": 2.0, ""lenta"": 21, ""rapida"": 9}",obj3R,reducido50,todos,short,3720,0.05849,2282.18,0.02653,busqueda_24m
1790810557,1,ema_cross,240,"{""k_atr"": 2.0, ""lenta"": 21, ""rapida"": 9}",trail2R,reducido50,todos,ambos,7384,0.06606,4024.46,0.02933,busqueda_24m
1790810557,1,ema_cross,240,"{""k_atr"": 2.0, ""lenta"": 21, ""rapida"": 9}",trail2R,reducido50,todos,long,3664,0.02476,117.04,0.00165,busqueda_24m
1790810557,1,ema_cross,240,"{""k_atr"": 2.0, ""lenta"": 21, ""rapida"": 9}",trail2R,reducido50,todos,short,3720,0.10674,3907.42,0.03216,busqueda_24m
1790810557,1,ema_cross,240,"{""k_atr"": 2.0, ""lenta"": 21, ""rapida"": 9}",trail3R,reducido50,todos,ambos,7384,0.05368,2896.72,0.02183,busqueda_24m
1790810557,1,ema_cross,240,"{""k_atr"": 2.0, ""lenta"": 21, ""rapida"": 9}",trail3R,reducido50,todos,long,3664,0.03157,452.5,0.0058,busqueda_24m
1790810557,1,ema_cross,240,"{""k_atr"": 2.0, ""lenta"": 21, ""rapida"": 9}",trail3R,reducido50,todos,short,3720,0.07546,2444.21,0.02147,busqueda_24m
1790810557,1,ema_cross,240,"{""k_atr"": 2.0, ""lenta"": 21, ""rapida"": 9}",obj3R_be,reducido50,todos,ambos,7384,0.02898,1378.43,0.01422,busqueda_24m
1790810557,1,ema_cross,240,"{""k_atr"": 2.0, ""lenta"": 21, ""rapida"": 9}",obj3R_be,reducido50,todos,long,3664,-0.0105,-1255.75,-0.01906,busqueda_24m
1790810557,1,ema_cross,240,"{""k_atr"": 2.0, ""lenta"": 21, ""rapida"": 9}",obj3R_be,reducido50,todos,short,3720,0.06786,2634.18,0.03169,busqueda_24m
1790810557,1,ema_cross,240,"{""k_atr"": 2.0, ""lenta"": 21, ""rapida"": 9}",obj5pct,reducido50,todos,ambos,7384,-0.02583,-2089.92,-0.18837,busqueda_24m
1790810557,1,ema_cross,240,"{""k_atr"": 2.0, ""lenta"": 21, ""rapida"": 9}",obj5pct,reducido50,todos,long,3664,-0.02652,-1199.33,-0.1277,busqueda_24m
1790810557,1,ema_cross,240,"{""k_atr"": 2.0, ""lenta"": 21, ""rapida"": 9}",obj5pct,reducido50,todos,short,3720,-0.02514,-890.59,-0.10935,busqueda_24m
1790810557,1,ema_cross,240,"{""k_atr"": 2.0, ""lenta"": 21, ""rapida"": 9}",obj10pct,reducido50,todos,ambos,7384,-0.02182,-1664.01,-0.10206,busqueda_24m
1790810557,1,ema_cross,240,"{""k_atr"": 2.0, ""lenta"": 21, ""rapida"": 9}",obj10pct,reducido50,todos,long,3664,-0.02017,-914.99,-0.06019,busqueda_24m
1790810557,1,ema_cross,240,"{""k_atr"": 2.0, ""lenta"": 21, ""rapida"": 9}",obj10pct,reducido50,todos,short,3720,-0.02344,-749.02,-0.05581,busqueda_24m
1790810557,1,ema_cross,240,"{""k_atr"": 2.0, ""lenta"": 21, ""rapida"": 9}",obj20pct,reducido50,todos,ambos,7384,-0.01881,-1609.19,-0.06457,busqueda_24m
1790810557,1,ema_cross,240,"{""k_atr"": 2.0, ""lenta"": 21, ""rapida"": 9}",obj20pct,reducido50,todos,long,3664,-0.02308,-1106.26,-0.04321,busqueda_24m
1790810557,1,ema_cross,240,"{""k_atr"": 2.0, ""lenta"": 21, ""rapida"": 9}",obj20pct,reducido50,todos,short,3720,-0.0146,-502.93,-0.02148,busqueda_24m
1790810557,1,ema_cross,240,"{""k_atr"": 2.0, ""lenta"": 21, ""rapida"": 9}",obj30pct,reducido50,todos,ambos,7384,-0.02178,-2043.65,-0.06391,busqueda_24m
1790810557,1,ema_cross,240,"{""k_atr"": 2.0, ""lenta"": 21, ""rapida"": 9}",obj30pct,reducido50,todos,long,3664,-0.03137,-1595.09,-0.04675,busqueda_24m
1790810557,1,ema_cross,240,"{""k_atr"": 2.0, ""lenta"": 21, ""rapida"": 9}",obj30pct,reducido50,todos,short,3720,-0.01233,-448.56,-0.0138,busqueda_24m
1790810557,1,ema_cross,240,"{""k_atr"": 2.0, ""lenta"": 21, ""rapida"": 9}",obj50pct,reducido50,todos,ambos,7384,-0.01389,-1556.2,-0.03451,busqueda_24m
1790810557,1,ema_cross,240,"{""k_atr"": 2.0, ""lenta"": 21, ""rapida"": 9}",obj50pct,reducido50,todos,long,3664,-0.03271,-1924.21,-0.04162,busqueda_24m
1790810557,1,ema_cross,240,"{""k_atr"": 2.0, ""lenta"": 21, ""rapida"": 9}",obj50pct,reducido50,todos,short,3720,0.00465,368.02,0.00763,busqueda_24m
1790810557,1,ema_cross,240,"{""k_atr"": 2.0, ""lenta"": 21, ""rapida"": 9}",obj1R,reducido50,todos,ambos,7384,-0.05674,-5640.14,-0.10343,busqueda_24m
1790810557,1,ema_cross,240,"{""k_atr"": 2.0, ""lenta"": 21, ""rapida"": 9}",obj1R,reducido50,todos,long,3720,-0.09322,-5076.17,-0.08069,busqueda_24m
1790810557,1,ema_cross,240,"{""k_atr"": 2.0, ""lenta"": 21, ""rapida"": 9}",obj1R,reducido50,todos,short,3664,-0.0197,-563.97,-0.01065,busqueda_24m
1790810557,1,ema_cross,240,"{""k_atr"": 2.0, ""lenta"": 21, ""rapida"": 9}",obj2R,reducido50,todos,ambos,7384,-0.02326,-2843.27,-0.05379,busqueda_24m
1790810557,1,ema_cross,240,"{""k_atr"": 2.0, ""lenta"": 21, ""rapida"": 9}",obj2R,reducido50,todos,long,3720,-0.0526,-3625.12,-0.04508,busqueda_24m
1790810557,1,ema_cross,240,"{""k_atr"": 2.0, ""lenta"": 21, ""rapida"": 9}",obj2R,reducido50,todos,short,3664,0.00653,781.85,0.01006,busqueda_24m
1790810557,1,ema_cross,240,"{""k_atr"": 2.0, ""lenta"": 21, ""rapida"": 9}",obj3R,reducido50,todos,ambos,7384,-5e-05,-909.5,-0.01117,busqueda_24m
1790810557,1,ema_cross,240,"{""k_atr"": 2.0, ""lenta"": 21, ""rapida"": 9}",obj3R,reducido50,todos,long,3720,-0.03265,-2730.13,-0.03198,busqueda_24m
1790810557,1,ema_cross,240,"{""k_atr"": 2.0, ""lenta"": 21, ""rapida"": 9}",obj3R,reducido50,todos,short,3664,0.03305,1820.63,0.02149,busqueda_24m
1790810557,1,ema_cross,240,"{""k_atr"": 2.0, ""lenta"": 21, ""rapida"": 9}",trail2R,reducido50,todos,ambos,7384,0.01695,232.26,0.00203,busqueda_24m
1790810557,1,ema_cross,240,"{""k_atr"": 2.0, ""lenta"": 21, ""rapida"": 9}",trail2R,reducido50,todos,long,3720,-0.02358,-2042.08,-0.02342,busqueda_24m
1790810557,1,ema_cross,240,"{""k_atr"": 2.0, ""lenta"": 21, ""rapida"": 9}",trail2R,reducido50,todos,short,3664,0.05809,2274.34,0.02454,busqueda_24m
1790810557,1,ema_cross,240,"{""k_atr"": 2.0, ""lenta"": 21, ""rapida"": 9}",trail3R,reducido50,todos,ambos,7384,0.01554,-283.99,-0.00246,busqueda_24m
1790810557,1,ema_cross,240,"{""k_atr"": 2.0, ""lenta"": 21, ""rapida"": 9}",trail3R,reducido50,todos,long,3720,-0.01831,-2212.41,-0.02423,busqueda_24m
1790810557,1,ema_cross,240,"{""k_atr"": 2.0, ""lenta"": 21, ""rapida"": 9}",trail3R,reducido50,todos,short,3664,0.0499,1928.42,0.02053,busqueda_24m
1790810557,1,ema_cross,240,"{""k_atr"": 2.0, ""lenta"": 21, ""rapida"": 9}",obj3R_be,reducido50,todos,ambos,7384,-0.00387,-1069.4,-0.01352,busqueda_24m
1790810557,1,ema_cross,240,"{""k_atr"": 2.0, ""lenta"": 21, ""rapida"": 9}",obj3R_be,reducido50,todos,long,3720,-0.04069,-2952.55,-0.03648,busqueda_24m
1790810557,1,ema_cross,240,"{""k_atr"": 2.0, ""lenta"": 21, ""rapida"": 9}",obj3R_be,reducido50,todos,short,3664,0.0335,1883.14,0.02319,busqueda_24m
1790810557,1,ema_cross,240,"{""k_atr"": 2.0, ""lenta"": 21, ""rapida"": 9}",obj5pct,reducido50,todos,ambos,7384,-0.02952,-2395.52,-0.18504,busqueda_24m
1790810557,1,ema_cross,240,"{""k_atr"": 2.0, ""lenta"": 21, ""rapida"": 9}",obj5pct,reducido50,todos,long,3720,-0.02785,-1291.13,-0.12894,busqueda_24m
1790810557,1,ema_cross,240,"{""k_atr"": 2.0, ""lenta"": 21, ""rapida"": 9}",obj5pct,reducido50,todos,short,3664,-0.03121,-1104.39,-0.13432,busqueda_24m
1790810557,1,ema_cross,240,"{""k_atr"": 2.0, ""lenta"": 21, ""rapida"": 9}",obj10pct,reducido50,todos,ambos,7384,-0.033,-2419.02,-0.11397,busqueda_24m
1790810557,1,ema_cross,240,"{""k_atr"": 2.0, ""lenta"": 21, ""rapida"": 9}",obj10pct,reducido50,todos,long,3720,-0.0412,-1648.34,-0.09684,busqueda_24m
1790810557,1,ema_cross,240,"{""k_atr"": 2.0, ""lenta"": 21, ""rapida"": 9}",obj10pct,reducido50,todos,short,3664,-0.02468,-770.68,-0.06099,busqueda_24m
1790810557,1,ema_cross,240,"{""k_atr"": 2.0, ""lenta"": 21, ""rapida"": 9}",obj20pct,reducido50,todos,ambos,7384,-0.04094,-3056.79,-0.08919,busqueda_24m
1790810557,1,ema_cross,240,"{""k_atr"": 2.0, ""lenta"": 21, ""rapida"": 9}",obj20pct,reducido50,todos,long,3720,-0.05331,-2451.57,-0.08471,busqueda_24m
1790810557,1,ema_cross,240,"{""k_atr"": 2.0, ""lenta"": 21, ""rapida"": 9}",obj20pct,reducido50,todos,short,3664,-0.02838,-605.22,-0.0287,busqueda_24m
1790810557,1,ema_cross,240,"{""k_atr"": 2.0, ""lenta"": 21, ""rapida"": 9}",obj30pct,reducido50,todos,ambos,7384,-0.03831,-2764.73,-0.06452,busqueda_24m
1790810557,1,ema_cross,240,"{""k_atr"": 2.0, ""lenta"": 21, ""rapida"": 9}",obj30pct,reducido50,todos,long,3720,-0.05308,-2505.73,-0.06636,busqueda_24m
1790810557,1,ema_cross,240,"{""k_atr"": 2.0, ""lenta"": 21, ""rapida"": 9}",obj30pct,reducido50,todos,short,3664,-0.0233,-259.0,-0.00886,busqueda_24m
1790810557,1,ema_cross,240,"{""k_atr"": 2.0, ""lenta"": 21, ""rapida"": 9}",obj50pct,reducido50,todos,ambos,7384,-0.03757,-3311.24,-0.06683,busqueda_24m
1790810557,1,ema_cross,240,"{""k_atr"": 2.0, ""lenta"": 21, ""rapida"": 9}",obj50pct,reducido50,todos,long,3720,-0.05212,-2855.41,-0.05619,busqueda_24m
1790810557,1,ema_cross,240,"{""k_atr"": 2.0, ""lenta"": 21, ""rapida"": 9}",obj50pct,reducido50,todos,short,3664,-0.02279,-455.83,-0.01047,busqueda_24m
1790810557,1,ema_cross,240,"{""k_atr"": 2.0, ""lenta"": 50, ""rapida"": 20}",obj1R,reducido50,todos,ambos,3107,-0.00891,-688.64,-0.01923,busqueda_24m
1790810557,1,ema_cross,240,"{""k_atr"": 2.0, ""lenta"": 50, ""rapida"": 20}",obj1R,reducido50,todos,long,1531,-0.07108,-1473.17,-0.0581,busqueda_24m
1790810557,1,ema_cross,240,"{""k_atr"": 2.0, ""lenta"": 50, ""rapida"": 20}",obj1R,reducido50,todos,short,1576,0.05148,784.53,0.02477,busqueda_24m
1790810557,1,ema_cross,240,"{""k_atr"": 2.0, ""lenta"": 50, ""rapida"": 20}",obj2R,reducido50,todos,ambos,3107,0.02427,-57.08,-0.00117,busqueda_24m
1790810557,1,ema_cross,240,"{""k_atr"": 2.0, ""lenta"": 50, ""rapida"": 20}",obj2R,reducido50,todos,long,1531,-0.02726,-991.87,-0.02926,busqueda_24m
1790810557,1,ema_cross,240,"{""k_atr"": 2.0, ""lenta"": 50, ""rapida"": 20}",obj2R,reducido50,todos,short,1576,0.07432,934.78,0.0232,busqueda_24m
1790810557,1,ema_cross,240,"{""k_atr"": 2.0, ""lenta"": 50, ""rapida"": 20}",obj3R,reducido50,todos,ambos,3107,0.02964,-178.77,-0.00331,busqueda_24m
1790810557,1,ema_cross,240,"{""k_atr"": 2.0, ""lenta"": 50, ""rapida"": 20}",obj3R,reducido50,todos,long,1531,-0.00946,-733.51,-0.01966,busqueda_24m
1790810557,1,ema_cross,240,"{""k_atr"": 2.0, ""lenta"": 50, ""rapida"": 20}",obj3R,reducido50,todos,short,1576,0.06763,554.74,0.01321,busqueda_24m
1790810557,1,ema_cross,240,"{""k_atr"": 2.0, ""lenta"": 50, ""rapida"": 20}",trail2R,reducido50,todos,ambos,3107,0.07683,1298.16,0.0155,busqueda_24m
1790810557,1,ema_cross,240,"{""k_atr"": 2.0, ""lenta"": 50, ""rapida"": 20}",trail2R,reducido50,todos,long,1531,-0.00719,-719.64,-0.01878,busqueda_24m
1790810557,1,ema_cross,240,"{""k_atr"": 2.0, ""lenta"": 50, ""rapida"": 20}",trail2R,reducido50,todos,short,1576,0.15844,2017.8,0.02676,busqueda_24m
1790810557,1,ema_cross,240,"{""k_atr"": 2.0, ""lenta"": 50, ""rapida"": 20}",trail3R,reducido50,todos,ambos,3107,0.08078,1395.76,0.01603,busqueda_24m
1790810557,1,ema_cross,240,"{""k_atr"": 2.0, ""lenta"": 50, ""rapida"": 20}",trail3R,reducido50,todos,long,1531,-0.00997,-714.18,-0.01792,busqueda_24m
1790810557,1,ema_cross,240,"{""k_atr"": 2.0, ""lenta"": 50, ""rapida"": 20}",trail3R,reducido50,todos,short,1576,0.16894,2109.95,0.02682,busqueda_24m
1790810557,1,ema_cross,240,"{""k_atr"": 2.0, ""lenta"": 50, ""rapida"": 20}",obj3R_be,reducido50,todos,ambos,3107,0.02793,-380.61,-0.0074,busqueda_24m
1790810557,1,ema_cross,240,"{""k_atr"": 2.0, ""lenta"": 50, ""rapida"": 20}",obj3R_be,reducido50,todos,long,1531,-0.01441,-878.34,-0.02512,busqueda_24m
1790810557,1,ema_cross,240,"{""k_atr"": 2.0, ""lenta"": 50, ""rapida"": 20}",obj3R_be,reducido50,todos,short,1576,0.06907,497.73,0.01245,busqueda_24m
1790810557,1,ema_cross,240,"{""k_atr"": 2.0, ""lenta"": 50, ""rapida"": 20}",obj5pct,reducido50,todos,ambos,3107,-0.02806,-929.13,-0.14528,busqueda_24m
1790810557,1,ema_cross,240,"{""k_atr"": 2.0, ""lenta"": 50, ""rapida"": 20}",obj5pct,reducido50,todos,long,1531,-0.03944,-627.94,-0.12619,busqueda_24m
1790810557,1,ema_cross,240,"{""k_atr"": 2.0, ""lenta"": 50, ""rapida"": 20}",obj5pct,reducido50,todos,short,1576,-0.017,-301.19,-0.06648,busqueda_24m
1790810557,1,ema_cross,240,"{""k_atr"": 2.0, ""lenta"": 50, ""rapida"": 20}",obj10pct,reducido50,todos,ambos,3107,-0.02554,-910.81,-0.09541,busqueda_24m
1790810557,1,ema_cross,240,"{""k_atr"": 2.0, ""lenta"": 50, ""rapida"": 20}",obj10pct,reducido50,todos,long,1531,-0.04152,-754.97,-0.1003,busqueda_24m
1790810557,1,ema_cross,240,"{""k_atr"": 2.0, ""lenta"": 50, ""rapida"": 20}",obj10pct,reducido50,todos,short,1576,-0.01001,-155.85,-0.02127,busqueda_24m
1790810557,1,ema_cross,240,"{""k_atr"": 2.0, ""lenta"": 50, ""rapida"": 20}",obj20pct,reducido50,todos,ambos,3107,-0.02048,-869.94,-0.05861,busqueda_24m
1790810557,1,ema_cross,240,"{""k_atr"": 2.0, ""lenta"": 50, ""rapida"": 20}",obj20pct,reducido50,todos,long,1531,-0.0406,-854.74,-0.06937,busqueda_24m
1790810557,1,ema_cross,240,"{""k_atr"": 2.0, ""lenta"": 50, ""rapida"": 20}",obj20pct,reducido50,todos,short,1576,-0.00093,-15.2,-0.00128,busqueda_24m
1790810557,1,ema_cross,240,"{""k_atr"": 2.0, ""lenta"": 50, ""rapida"": 20}",obj30pct,reducido50,todos,ambos,3107,-0.0125,-535.25,-0.02646,busqueda_24m
1790810557,1,ema_cross,240,"{""k_atr"": 2.0, ""lenta"": 50, ""rapida"": 20}",obj30pct,reducido50,todos,long,1531,-0.03853,-889.6,-0.05408,busqueda_24m
1790810557,1,ema_cross,240,"{""k_atr"": 2.0, ""lenta"": 50, ""rapida"": 20}",obj30pct,reducido50,todos,short,1576,0.01278,354.36,0.02101,busqueda_24m
1790810557,1,ema_cross,240,"{""k_atr"": 2.0, ""lenta"": 50, ""rapida"": 20}",obj50pct,reducido50,todos,ambos,3107,-0.00286,-244.68,-0.00851,busqueda_24m
1790810557,1,ema_cross,240,"{""k_atr"": 2.0, ""lenta"": 50, ""rapida"": 20}",obj50pct,reducido50,todos,long,1531,-0.05071,-1186.03,-0.0519,busqueda_24m
1790810557,1,ema_cross,240,"{""k_atr"": 2.0, ""lenta"": 50, ""rapida"": 20}",obj50pct,reducido50,todos,short,1576,0.04362,941.35,0.03875,busqueda_24m
1790810557,1,ema_cross,240,"{""k_atr"": 2.0, ""lenta"": 50, ""rapida"": 20}",obj1R,reducido50,todos,ambos,3107,-0.06964,-2854.57,-0.08117,busqueda_24m
1790810557,1,ema_cross,240,"{""k_atr"": 2.0, ""lenta"": 50, ""rapida"": 20}",obj1R,reducido50,todos,long,1576,-0.1378,-2961.48,-0.09104,busqueda_24m
1790810557,1,ema_cross,240,"{""k_atr"": 2.0, ""lenta"": 50, ""rapida"": 20}",obj1R,reducido50,todos,short,1531,0.00052,106.91,0.00421,busqueda_24m
1790810557,1,ema_cross,240,"{""k_atr"": 2.0, ""lenta"": 50, ""rapida"": 20}",obj2R,reducido50,todos,ambos,3107,-0.05559,-2339.98,-0.07024,busqueda_24m
1790810557,1,ema_cross,240,"{""k_atr"": 2.0, ""lenta"": 50, ""rapida"": 20}",obj2R,reducido50,todos,long,1576,-0.15154,-3317.42,-0.08351,busqueda_24m
1790810557,1,ema_cross,240,"{""k_atr"": 2.0, ""lenta"": 50, ""rapida"": 20}",obj2R,reducido50,todos,short,1531,0.04317,977.44,0.02692,busqueda_24m
1790810557,1,ema_cross,240,"{""k_atr"": 2.0, ""lenta"": 50, ""rapida"": 20}",obj3R,reducido50,todos,ambos,3107,-0.0432,-2063.29,-0.05244,busqueda_24m
1790810557,1,ema_cross,240,"{""k_atr"": 2.0, ""lenta"": 50, ""rapida"": 20}",obj3R,reducido50,todos,long,1576,-0.14725,-3326.3,-0.0782,busqueda_24m
1790810557,1,ema_cross,240,"{""k_atr"": 2.0, ""lenta"": 50, ""rapida"": 20}",obj3R,reducido50,todos,short,1531,0.0639,1263.01,0.03098,busqueda_24m
1790810557,1,ema_cross,240,"{""k_atr"": 2.0, ""lenta"": 50, ""rapida"": 20}",trail2R,reducido50,todos,ambos,3107,-0.0263,-1530.45,-0.03059,busqueda_24m
1790810557,1,ema_cross,240,"{""k_atr"": 2.0, ""lenta"": 50, ""rapida"": 20}",trail2R,reducido50,todos,long,1576,-0.12509,-2935.2,-0.07133,busqueda_24m
1790810557,1,ema_cross,240,"{""k_atr"": 2.0, ""lenta"": 50, ""rapida"": 20}",trail2R,reducido50,todos,short,1531,0.07539,1404.76,0.03376,busqueda_24m
1790810557,1,ema_cross,240,"{""k_atr"": 2.0, ""lenta"": 50, ""rapida"": 20}",trail3R,reducido50,todos,ambos,3107,-0.02499,-1573.57,-0.02799,busqueda_24m
1790810557,1,ema_cross,240,"{""k_atr"": 2.0, ""lenta"": 50, ""rapida"": 20}",trail3R,reducido50,todos,long,1576,-0.14882,-3351.95,-0.07378,busqueda_24m
1790810557,1,ema_cross,240,"{""k_atr"": 2.0, ""lenta"": 50, ""rapida"": 20}",trail3R,reducido50,todos,short,1531,0.10247,1778.39,0.03622,busqueda_24m
1790810557,1,ema_cross,240,"{""k_atr"": 2.0, ""lenta"": 50, ""rapida"": 20}",obj3R_be,reducido50,todos,ambos,3107,-0.03775,-1927.25,-0.04903,busqueda_24m
1790810557,1,ema_cross,240,"{""k_atr"": 2.0, ""lenta"": 50, ""rapida"": 20}",obj3R_be,reducido50,todos,long,1576,-0.13763,-3179.17,-0.07846,busqueda_24m
1790810557,1,ema_cross,240,"{""k_atr"": 2.0, ""lenta"": 50, ""rapida"": 20}",obj3R_be,reducido50,todos,short,1531,0.06507,1251.92,0.03191,busqueda_24m
1790810557,1,ema_cross,240,"{""k_atr"": 2.0, ""lenta"": 50, ""rapida"": 20}",obj5pct,reducido50,todos,ambos,3107,-0.02846,-980.5,-0.14927,busqueda_24m
1790810557,1,ema_cross,240,"{""k_atr"": 2.0, ""lenta"": 50, ""rapida"": 20}",obj5pct,reducido50,todos,long,1576,-0.0296,-560.51,-0.11878,busqueda_24m
1790810557,1,ema_cross,240,"{""k_atr"": 2.0, ""lenta"": 50, ""rapida"": 20}",obj5pct,reducido50,todos,short,1531,-0.02728,-419.99,-0.09242,busqueda_24m
1790810557,1,ema_cross,240,"{""k_atr"": 2.0, ""lenta"": 50, ""rapida"": 20}",obj10pct,reducido50,todos,ambos,3107,-0.03455,-1100.93,-0.09915,busqueda_24m
1790810557,1,ema_cross,240,"{""k_atr"": 2.0, ""lenta"": 50, ""rapida"": 20}",obj10pct,reducido50,todos,long,1576,-0.03117,-582.83,-0.07141,busqueda_24m
1790810557,1,ema_cross,240,"{""k_atr"": 2.0, ""lenta"": 50, ""rapida"": 20}",obj10pct,reducido50,todos,short,1531,-0.03802,-518.1,-0.06858,busqueda_24m
1790810557,1,ema_cross,240,"{""k_atr"": 2.0, ""lenta"": 50, ""rapida"": 20}",obj20pct,reducido50,todos,ambos,3107,-0.04616,-1478.25,-0.07752,busqueda_24m
1790810557,1,ema_cross,240,"{""k_atr"": 2.0, ""lenta"": 50, ""rapida"": 20}",obj20pct,reducido50,todos,long,1576,-0.05212,-1068.0,-0.06835,busqueda_24m
1790810557,1,ema_cross,240,"{""k_atr"": 2.0, ""lenta"": 50, ""rapida"": 20}",obj20pct,reducido50,todos,short,1531,-0.04002,-410.25,-0.03584,busqueda_24m
1790810557,1,ema_cross,240,"{""k_atr"": 2.0, ""lenta"": 50, ""rapida"": 20}",obj30pct,reducido50,todos,ambos,3107,-0.06409,-2157.46,-0.08909,busqueda_24m
1790810557,1,ema_cross,240,"{""k_atr"": 2.0, ""lenta"": 50, ""rapida"": 20}",obj30pct,reducido50,todos,long,1576,-0.07656,-1492.88,-0.07467,busqueda_24m
1790810557,1,ema_cross,240,"{""k_atr"": 2.0, ""lenta"": 50, ""rapida"": 20}",obj30pct,reducido50,todos,short,1531,-0.05126,-664.58,-0.04262,busqueda_24m
1790810557,1,ema_cross,240,"{""k_atr"": 2.0, ""lenta"": 50, ""rapida"": 20}",obj50pct,reducido50,todos,ambos,3107,-0.05247,-1907.61,-0.06433,busqueda_24m
1790810557,1,ema_cross,240,"{""k_atr"": 2.0, ""lenta"": 50, ""rapida"": 20}",obj50pct,reducido50,todos,long,1576,-0.10803,-2189.06,-0.08291,busqueda_24m
1790810557,1,ema_cross,240,"{""k_atr"": 2.0, ""lenta"": 50, ""rapida"": 20}",obj50pct,reducido50,todos,short,1531,0.00472,281.45,0.01294,busqueda_24m
1790810557,1,ema_cross,240,"{""k_atr"": 2.0, ""lenta"": 200, ""rapida"": 50}",obj1R,reducido50,todos,ambos,917,-0.0378,-690.8,-0.04351,busqueda_24m
1790810557,1,ema_cross,240,"{""k_atr"": 2.0, ""lenta"": 200, ""rapida"": 50}",obj1R,reducido50,todos,long,453,-0.05865,-307.25,-0.02828,busqueda_24m
1790810557,1,ema_cross,240,"{""k_atr"": 2.0, ""lenta"": 200, ""rapida"": 50}",obj1R,reducido50,todos,short,464,-0.01743,-383.55,-0.03113,busqueda_24m
1790810557,1,ema_cross,240,"{""k_atr"": 2.0, ""lenta"": 200, ""rapida"": 50}",obj2R,reducido50,todos,ambos,917,-0.07789,-1006.09,-0.05003,busqueda_24m
1790810557,1,ema_cross,240,"{""k_atr"": 2.0, ""lenta"": 200, ""rapida"": 50}",obj2R,reducido50,todos,long,453,-0.08106,-93.76,-0.0061,busqueda_24m
1790810557,1,ema_cross,240,"{""k_atr"": 2.0, ""lenta"": 200, ""rapida"": 50}",obj2R,reducido50,todos,short,464,-0.0748,-912.33,-0.06568,busqueda_24m
1790810557,1,ema_cross,240,"{""k_atr"": 2.0, ""lenta"": 200, ""rapida"": 50}",obj3R,reducido50,todos,ambos,917,-0.06287,-827.75,-0.03826,busqueda_24m
1790810557,1,ema_cross,240,"{""k_atr"": 2.0, ""lenta"": 200, ""rapida"": 50}",obj3R,reducido50,todos,long,453,-0.05777,49.26,0.00295,busqueda_24m
1790810557,1,ema_cross,240,"{""k_atr"": 2.0, ""lenta"": 200, ""rapida"": 50}",obj3R,reducido50,todos,short,464,-0.06786,-877.01,-0.06155,busqueda_24m
1790810557,1,ema_cross,240,"{""k_atr"": 2.0, ""lenta"": 200, ""rapida"": 50}",trail2R,reducido50,todos,ambos,917,-0.0331,-473.7,-0.02075,busqueda_24m
1790810557,1,ema_cross,240,"{""k_atr"": 2.0, ""lenta"": 200, ""rapida"": 50}",trail2R,reducido50,todos,long,453,-0.00775,414.53,0.0226,busqueda_24m
1790810557,1,ema_cross,240,"{""k_atr"": 2.0, ""lenta"": 200, ""rapida"": 50}",trail2R,reducido50,todos,short,464,-0.05785,-888.23,-0.06516,busqueda_24m
1790810557,1,ema_cross,240,"{""k_atr"": 2.0, ""lenta"": 200, ""rapida"": 50}",trail3R,reducido50,todos,ambos,917,-0.05144,-666.27,-0.02837,busqueda_24m
1790810557,1,ema_cross,240,"{""k_atr"": 2.0, ""lenta"": 200, ""rapida"": 50}",trail3R,reducido50,todos,long,453,-0.03568,324.73,0.01693,busqueda_24m
1790810557,1,ema_cross,240,"{""k_atr"": 2.0, ""lenta"": 200, ""rapida"": 50}",trail3R,reducido50,todos,short,464,-0.06682,-991.0,-0.07373,busqueda_24m
1790810557,1,ema_cross,240,"{""k_atr"": 2.0, ""lenta"": 200, ""rapida"": 50}",obj3R_be,reducido50,todos,ambos,917,-0.07037,-947.14,-0.04608,busqueda_24m
1790810557,1,ema_cross,240,"{""k_atr"": 2.0, ""lenta"": 200, ""rapida"": 50}",obj3R_be,reducido50,todos,long,453,-0.07006,-106.0,-0.00697,busqueda_24m
1790810557,1,ema_cross,240,"{""k_atr"": 2.0, ""lenta"": 200, ""rapida"": 50}",obj3R_be,reducido50,todos,short,464,-0.07067,-841.15,-0.06008,busqueda_24m
1790810557,1,ema_cross,240,"{""k_atr"": 2.0, ""lenta"": 200, ""rapida"": 50}",obj5pct,reducido50,todos,ambos,917,-0.03618,-421.8,-0.1249,busqueda_24m
1790810557,1,ema_cross,240,"{""k_atr"": 2.0, ""lenta"": 200, ""rapida"": 50}",obj5pct,reducido50,todos,long,453,-0.03716,-202.56,-0.08797,busqueda_24m
1790810557,1,ema_cross,240,"{""k_atr"": 2.0, ""lenta"": 200, ""rapida"": 50}",obj5pct,reducido50,todos,short,464,-0.03523,-219.24,-0.08481,busqueda_24m
1790810557,1,ema_cross,240,"{""k_atr"": 2.0, ""lenta"": 200, ""rapida"": 50}",obj10pct,reducido50,todos,ambos,917,-0.02239,-260.88,-0.05464,busqueda_24m
1790810557,1,ema_cross,240,"{""k_atr"": 2.0, ""lenta"": 200, ""rapida"": 50}",obj10pct,reducido50,todos,long,453,-0.02756,-143.51,-0.04337,busqueda_24m
1790810557,1,ema_cross,240,"{""k_atr"": 2.0, ""lenta"": 200, ""rapida"": 50}",obj10pct,reducido50,todos,short,464,-0.01735,-117.37,-0.03253,busqueda_24m
1790810557,1,ema_cross,240,"{""k_atr"": 2.0, ""lenta"": 200, ""rapida"": 50}",obj20pct,reducido50,todos,ambos,917,-0.01762,-237.12,-0.03356,busqueda_24m
1790810557,1,ema_cross,240,"{""k_atr"": 2.0, ""lenta"": 200, ""rapida"": 50}",obj20pct,reducido50,todos,long,453,-0.02662,-119.51,-0.02364,busqueda_24m
1790810557,1,ema_cross,240,"{""k_atr"": 2.0, ""lenta"": 200, ""rapida"": 50}",obj20pct,reducido50,todos,short,464,-0.00884,-117.61,-0.02186,busqueda_24m
1790810557,1,ema_cross,240,"{""k_atr"": 2.0, ""lenta"": 200, ""rapida"": 50}",obj30pct,reducido50,todos,ambos,917,-0.01432,-185.47,-0.02017,busqueda_24m
1790810557,1,ema_cross,240,"{""k_atr"": 2.0, ""lenta"": 200, ""rapida"": 50}",obj30pct,reducido50,todos,long,453,-0.01813,-81.89,-0.01224,busqueda_24m
1790810557,1,ema_cross,240,"{""k_atr"": 2.0, ""lenta"": 200, ""rapida"": 50}",obj30pct,reducido50,todos,short,464,-0.01059,-103.58,-0.01483,busqueda_24m
1790810557,1,ema_cross,240,"{""k_atr"": 2.0, ""lenta"": 200, ""rapida"": 50}",obj50pct,reducido50,todos,ambos,917,-0.01037,-166.16,-0.01296,busqueda_24m
1790810557,1,ema_cross,240,"{""k_atr"": 2.0, ""lenta"": 200, ""rapida"": 50}",obj50pct,reducido50,todos,long,453,-0.05127,-253.81,-0.029,busqueda_24m
1790810557,1,ema_cross,240,"{""k_atr"": 2.0, ""lenta"": 200, ""rapida"": 50}",obj50pct,reducido50,todos,short,464,0.02956,87.65,0.00867,busqueda_24m
1790810557,1,ema_cross,240,"{""k_atr"": 2.0, ""lenta"": 200, ""rapida"": 50}",obj1R,reducido50,todos,ambos,917,-0.01958,213.98,0.01313,busqueda_24m
1790810557,1,ema_cross,240,"{""k_atr"": 2.0, ""lenta"": 200, ""rapida"": 50}",obj1R,reducido50,todos,long,464,-0.04295,49.39,0.00376,busqueda_24m
1790810557,1,ema_cross,240,"{""k_atr"": 2.0, ""lenta"": 200, ""rapida"": 50}",obj1R,reducido50,todos,short,453,0.00435,164.59,0.01539,busqueda_24m
1790810557,1,ema_cross,240,"{""k_atr"": 2.0, ""lenta"": 200, ""rapida"": 50}",obj2R,reducido50,todos,ambos,917,-0.09698,-810.93,-0.04327,busqueda_24m
1790810557,1,ema_cross,240,"{""k_atr"": 2.0, ""lenta"": 200, ""rapida"": 50}",obj2R,reducido50,todos,long,464,-0.14218,-772.55,-0.04759,busqueda_24m
1790810557,1,ema_cross,240,"{""k_atr"": 2.0, ""lenta"": 200, ""rapida"": 50}",obj2R,reducido50,todos,short,453,-0.05068,-38.39,-0.00283,busqueda_24m
1790810557,1,ema_cross,240,"{""k_atr"": 2.0, ""lenta"": 200, ""rapida"": 50}",obj3R,reducido50,todos,ambos,917,-0.09355,-714.9,-0.03641,busqueda_24m
1790810557,1,ema_cross,240,"{""k_atr"": 2.0, ""lenta"": 200, ""rapida"": 50}",obj3R,reducido50,todos,long,464,-0.16825,-817.21,-0.04726,busqueda_24m
1790810557,1,ema_cross,240,"{""k_atr"": 2.0, ""lenta"": 200, ""rapida"": 50}",obj3R,reducido50,todos,short,453,-0.01704,102.3,0.00703,busqueda_24m
1790810557,1,ema_cross,240,"{""k_atr"": 2.0, ""lenta"": 200, ""rapida"": 50}",trail2R,reducido50,todos,ambos,917,-0.06117,-601.35,-0.0284,busqueda_24m
1790810557,1,ema_cross,240,"{""k_atr"": 2.0, ""lenta"": 200, ""rapida"": 50}",trail2R,reducido50,todos,long,464,-0.16255,-901.46,-0.05596,busqueda_24m
1790810557,1,ema_cross,240,"{""k_atr"": 2.0, ""lenta"": 200, ""rapida"": 50}",trail2R,reducido50,todos,short,453,0.04267,300.11,0.01684,busqueda_24m
1790810557,1,ema_cross,240,"{""k_atr"": 2.0, ""lenta"": 200, ""rapida"": 50}",trail3R,reducido50,todos,ambos,917,-0.06509,-658.71,-0.03033,busqueda_24m
1790810557,1,ema_cross,240,"{""k_atr"": 2.0, ""lenta"": 200, ""rapida"": 50}",trail3R,reducido50,todos,long,464,-0.15667,-881.93,-0.0509,busqueda_24m
1790810557,1,ema_cross,240,"{""k_atr"": 2.0, ""lenta"": 200, ""rapida"": 50}",trail3R,reducido50,todos,short,453,0.02871,223.22,0.01261,busqueda_24m
1790810557,1,ema_cross,240,"{""k_atr"": 2.0, ""lenta"": 200, ""rapida"": 50}",obj3R_be,reducido50,todos,ambos,917,-0.09565,-836.88,-0.0446,busqueda_24m
1790810557,1,ema_cross,240,"{""k_atr"": 2.0, ""lenta"": 200, ""rapida"": 50}",obj3R_be,reducido50,todos,long,464,-0.148,-758.76,-0.04605,busqueda_24m
1790810557,1,ema_cross,240,"{""k_atr"": 2.0, ""lenta"": 200, ""rapida"": 50}",obj3R_be,reducido50,todos,short,453,-0.04203,-78.12,-0.00569,busqueda_24m
1790810557,1,ema_cross,240,"{""k_atr"": 2.0, ""lenta"": 200, ""rapida"": 50}",obj5pct,reducido50,todos,ambos,917,-0.03217,-285.67,-0.07887,busqueda_24m
1790810557,1,ema_cross,240,"{""k_atr"": 2.0, ""lenta"": 200, ""rapida"": 50}",obj5pct,reducido50,todos,long,464,-0.04053,-218.29,-0.07026,busqueda_24m
1790810557,1,ema_cross,240,"{""k_atr"": 2.0, ""lenta"": 200, ""rapida"": 50}",obj5pct,reducido50,todos,short,453,-0.02362,-67.38,-0.03571,busqueda_24m
1790810557,1,ema_cross,240,"{""k_atr"": 2.0, ""lenta"": 200, ""rapida"": 50}",obj10pct,reducido50,todos,ambos,917,-0.031,-227.92,-0.04674,busqueda_24m
1790810557,1,ema_cross,240,"{""k_atr"": 2.0, ""lenta"": 200, ""rapida"": 50}",obj10pct,reducido50,todos,long,464,-0.04168,-199.11,-0.04844,busqueda_24m
1790810557,1,ema_cross,240,"{""k_atr"": 2.0, ""lenta"": 200, ""rapida"": 50}",obj10pct,reducido50,todos,short,453,-0.02006,-28.81,-0.01068,busqueda_24m
1790810557,1,ema_cross,240,"{""k_atr"": 2.0, ""lenta"": 200, ""rapida"": 50}",obj20pct,reducido50,todos,ambos,917,-0.0469,-262.77,-0.03774,busqueda_24m
1790810557,1,ema_cross,240,"{""k_atr"": 2.0, ""lenta"": 200, ""rapida"": 50}",obj20pct,reducido50,todos,long,464,-0.04013,-150.86,-0.02698,busqueda_24m
1790810557,1,ema_cross,240,"{""k_atr"": 2.0, ""lenta"": 200, ""rapida"": 50}",obj20pct,reducido50,todos,short,453,-0.05384,-111.91,-0.02618,busqueda_24m
1790810557,1,ema_cross,240,"{""k_atr"": 2.0, ""lenta"": 200, ""rapida"": 50}",obj30pct,reducido50,todos,ambos,917,-0.02282,17.08,0.00195,busqueda_24m
1790810557,1,ema_cross,240,"{""k_atr"": 2.0, ""lenta"": 200, ""rapida"": 50}",obj30pct,reducido50,todos,long,464,-0.01549,-10.74,-0.00156,busqueda_24m
1790810557,1,ema_cross,240,"{""k_atr"": 2.0, ""lenta"": 200, ""rapida"": 50}",obj30pct,reducido50,todos,short,453,-0.03032,27.82,0.00499,busqueda_24m
1790810557,1,ema_cross,240,"{""k_atr"": 2.0, ""lenta"": 200, ""rapida"": 50}",obj50pct,reducido50,todos,ambos,917,-0.02624,-31.12,-0.00237,busqueda_24m
1790810557,1,ema_cross,240,"{""k_atr"": 2.0, ""lenta"": 200, ""rapida"": 50}",obj50pct,reducido50,todos,long,464,-0.0495,-93.7,-0.00874,busqueda_24m
1790810557,1,ema_cross,240,"{""k_atr"": 2.0, ""lenta"": 200, ""rapida"": 50}",obj50pct,reducido50,todos,short,453,-0.00242,62.58,0.00752,busqueda_24m
1790810557,1,donchian,240,"{""k_atr"": 2.0, ""n"": 20}",obj1R,reducido50,todos,ambos,15188,0.0059,-1504.9,-0.00929,busqueda_24m
1790810557,1,donchian,240,"{""k_atr"": 2.0, ""n"": 20}",obj1R,reducido50,todos,long,7131,-0.05216,-5161.04,-0.05406,busqueda_24m
1790810557,1,donchian,240,"{""k_atr"": 2.0, ""n"": 20}",obj1R,reducido50,todos,short,8057,0.05729,3656.14,0.0251,busqueda_24m
1790810557,1,donchian,240,"{""k_atr"": 2.0, ""n"": 20}",obj2R,reducido50,todos,ambos,15188,0.03294,1863.43,0.00808,busqueda_24m
1790810557,1,donchian,240,"{""k_atr"": 2.0, ""n"": 20}",obj2R,reducido50,todos,long,7131,-0.03274,-3406.92,-0.02636,busqueda_24m
1790810557,1,donchian,240,"{""k_atr"": 2.0, ""n"": 20}",obj2R,reducido50,todos,short,8057,0.09107,5270.35,0.02547,busqueda_24m
1790810557,1,donchian,240,"{""k_atr"": 2.0, ""n"": 20}",obj3R,reducido50,todos,ambos,15188,0.02843,-604.42,-0.00238,busqueda_24m
1790810557,1,donchian,240,"{""k_atr"": 2.0, ""n"": 20}",obj3R,reducido50,todos,long,7131,-0.01171,-1622.57,-0.01118,busqueda_24m
1790810557,1,donchian,240,"{""k_atr"": 2.0, ""n"": 20}",obj3R,reducido50,todos,short,8057,0.06395,1018.15,0.00463,busqueda_24m
1790810557,1,donchian,240,"{""k_atr"": 2.0, ""n"": 20}",trail2R,reducido50,todos,ambos,15188,0.0587,2520.8,0.007,busqueda_24m
1790810557,1,donchian,240,"{""k_atr"": 2.0, ""n"": 20}",trail2R,reducido50,todos,long,7131,4e-05,-985.37,-0.0065,busqueda_24m
1790810557,1,donchian,240,"{""k_atr"": 2.0, ""n"": 20}",trail2R,reducido50,todos,short,8057,0.11061,3506.16,0.01065,busqueda_24m
1790810557,1,donchian,240,"{""k_atr"": 2.0, ""n"": 20}",trail3R,reducido50,todos,ambos,15188,0.03439,-1473.65,-0.00441,busqueda_24m
1790810557,1,donchian,240,"{""k_atr"": 2.0, ""n"": 20}",trail3R,reducido50,todos,long,7131,-0.00232,-583.12,-0.00374,busqueda_24m
1790810557,1,donchian,240,"{""k_atr"": 2.0, ""n"": 20}",trail3R,reducido50,todos,short,8057,0.06688,-890.53,-0.00296,busqueda_24m
1790810557,1,donchian,240,"{""k_atr"": 2.0, ""n"": 20}",obj3R_be,reducido50,todos,ambos,15188,0.0354,282.73,0.00117,busqueda_24m
1790810557,1,donchian,240,"{""k_atr"": 2.0, ""n"": 20}",obj3R_be,reducido50,todos,long,7131,-0.00861,-1662.03,-0.01248,busqueda_24m
1790810557,1,donchian,240,"{""k_atr"": 2.0, ""n"": 20}",obj3R_be,reducido50,todos,short,8057,0.07434,1944.76,0.00927,busqueda_24m
1790810557,1,donchian,240,"{""k_atr"": 2.0, ""n"": 20}",obj5pct,reducido50,todos,ambos,15188,-0.03081,-6035.23,-0.17986,busqueda_24m
1790810557,1,donchian,240,"{""k_atr"": 2.0, ""n"": 20}",obj5pct,reducido50,todos,long,7131,-0.03735,-2902.96,-0.17589,busqueda_24m
1790810557,1,donchian,240,"{""k_atr"": 2.0, ""n"": 20}",obj5pct,reducido50,todos,short,8057,-0.02503,-3132.27,-0.10442,busqueda_24m
1790810557,1,donchian,240,"{""k_atr"": 2.0, ""n"": 20}",obj10pct,reducido50,todos,ambos,15188,-0.02613,-5025.92,-0.10685,busqueda_24m
1790810557,1,donchian,240,"{""k_atr"": 2.0, ""n"": 20}",obj10pct,reducido50,todos,long,7131,-0.04048,-3147.65,-0.11205,busqueda_24m
1790810557,1,donchian,240,"{""k_atr"": 2.0, ""n"": 20}",obj10pct,reducido50,todos,short,8057,-0.01343,-1878.27,-0.04634,busqueda_24m
1790810557,1,donchian,240,"{""k_atr"": 2.0, ""n"": 20}",obj20pct,reducido50,todos,ambos,15188,-0.0105,-2600.83,-0.03699,busqueda_24m
1790810557,1,donchian,240,"{""k_atr"": 2.0, ""n"": 20}",obj20pct,reducido50,todos,long,7131,-0.02874,-2638.8,-0.05632,busqueda_24m
1790810557,1,donchian,240,"{""k_atr"": 2.0, ""n"": 20}",obj20pct,reducido50,todos,short,8057,0.00564,37.96,0.00065,busqueda_24m
1790810557,1,donchian,240,"{""k_atr"": 2.0, ""n"": 20}",obj30pct,reducido50,todos,ambos,15188,-0.00728,-1694.71,-0.01826,busqueda_24m
1790810557,1,donchian,240,"{""k_atr"": 2.0, ""n"": 20}",obj30pct,reducido50,todos,long,7131,-0.0344,-3022.76,-0.04816,busqueda_24m
1790810557,1,donchian,240,"{""k_atr"": 2.0, ""n"": 20}",obj30pct,reducido50,todos,short,8057,0.01673,1328.05,0.0172,busqueda_24m
1790810557,1,donchian,240,"{""k_atr"": 2.0, ""n"": 20}",obj50pct,reducido50,todos,ambos,15188,0.00596,471.67,0.00351,busqueda_24m
1790810557,1,donchian,240,"{""k_atr"": 2.0, ""n"": 20}",obj50pct,reducido50,todos,long,7131,-0.03875,-3666.87,-0.04269,busqueda_24m
1790810557,1,donchian,240,"{""k_atr"": 2.0, ""n"": 20}",obj50pct,reducido50,todos,short,8057,0.04554,4138.54,0.03579,busqueda_24m
1790810557,1,donchian,240,"{""k_atr"": 2.0, ""n"": 20}",obj1R,reducido50,todos,ambos,15188,-0.07567,-13019.04,-0.0754,busqueda_24m
1790810557,1,donchian,240,"{""k_atr"": 2.0, ""n"": 20}",obj1R,reducido50,todos,long,8057,-0.12709,-12721.77,-0.07994,busqueda_24m
1790810557,1,donchian,240,"{""k_atr"": 2.0, ""n"": 20}",obj1R,reducido50,todos,short,7131,-0.01758,-297.27,-0.00305,busqueda_24m
1790810557,1,donchian,240,"{""k_atr"": 2.0, ""n"": 20}",obj2R,reducido50,todos,ambos,15188,-0.08313,-15217.02,-0.08081,busqueda_24m
1790810557,1,donchian,240,"{""k_atr"": 2.0, ""n"": 20}",obj2R,reducido50,todos,long,8057,-0.15215,-15602.95,-0.07745,busqueda_24m
1790810557,1,donchian,240,"{""k_atr"": 2.0, ""n"": 20}",obj2R,reducido50,todos,short,7131,-0.00515,385.93,0.00259,busqueda_24m
1790810557,1,donchian,240,"{""k_atr"": 2.0, ""n"": 20}",obj3R,reducido50,todos,ambos,15188,-0.06824,-13434.63,-0.07763,busqueda_24m
1790810557,1,donchian,240,"{""k_atr"": 2.0, ""n"": 20}",obj3R,reducido50,todos,long,8057,-0.15438,-16434.77,-0.07794,busqueda_24m
1790810557,1,donchian,240,"{""k_atr"": 2.0, ""n"": 20}",obj3R,reducido50,todos,short,7131,0.02908,3000.14,0.0178,busqueda_24m
1790810557,1,donchian,240,"{""k_atr"": 2.0, ""n"": 20}",trail2R,reducido50,todos,ambos,15188,-0.04365,-9705.94,-0.0463,busqueda_24m
1790810557,1,donchian,240,"{""k_atr"": 2.0, ""n"": 20}",trail2R,reducido50,todos,long,8057,-0.12264,-13655.05,-0.06661,busqueda_24m
1790810557,1,donchian,240,"{""k_atr"": 2.0, ""n"": 20}",trail2R,reducido50,todos,short,7131,0.0456,3949.11,0.02413,busqueda_24m
1790810557,1,donchian,240,"{""k_atr"": 2.0, ""n"": 20}",trail3R,reducido50,todos,ambos,15188,-0.05694,-12928.8,-0.05698,busqueda_24m
1790810557,1,donchian,240,"{""k_atr"": 2.0, ""n"": 20}",trail3R,reducido50,todos,long,8057,-0.1443,-16238.32,-0.07301,busqueda_24m
1790810557,1,donchian,240,"{""k_atr"": 2.0, ""n"": 20}",trail3R,reducido50,todos,short,7131,0.04176,3309.52,0.01963,busqueda_24m
1790810557,1,donchian,240,"{""k_atr"": 2.0, ""n"": 20}",obj3R_be,reducido50,todos,ambos,15188,-0.05335,-10447.32,-0.06277,busqueda_24m
1790810557,1,donchian,240,"{""k_atr"": 2.0, ""n"": 20}",obj3R_be,reducido50,todos,long,8057,-0.13533,-14376.9,-0.07225,busqueda_24m
1790810557,1,donchian,240,"{""k_atr"": 2.0, ""n"": 20}",obj3R_be,reducido50,todos,short,7131,0.03926,3929.58,0.02423,busqueda_24m
1790810557,1,donchian,240,"{""k_atr"": 2.0, ""n"": 20}",obj5pct,reducido50,todos,ambos,15188,-0.03134,-5708.19,-0.19478,busqueda_24m
1790810557,1,donchian,240,"{""k_atr"": 2.0, ""n"": 20}",obj5pct,reducido50,todos,long,8057,-0.029,-3137.97,-0.13359,busqueda_24m
1790810557,1,donchian,240,"{""k_atr"": 2.0, ""n"": 20}",obj5pct,reducido50,todos,short,7131,-0.03397,-2570.22,-0.14309,busqueda_24m
1790810557,1,donchian,240,"{""k_atr"": 2.0, ""n"": 20}",obj10pct,reducido50,todos,ambos,15188,-0.04225,-7333.74,-0.13876,busqueda_24m
1790810557,1,donchian,240,"{""k_atr"": 2.0, ""n"": 20}",obj10pct,reducido50,todos,long,8057,-0.04067,-4350.5,-0.09693,busqueda_24m
1790810557,1,donchian,240,"{""k_atr"": 2.0, ""n"": 20}",obj10pct,reducido50,todos,short,7131,-0.04404,-2983.23,-0.10513,busqueda_24m
1790810557,1,donchian,240,"{""k_atr"": 2.0, ""n"": 20}",obj20pct,reducido50,todos,ambos,15188,-0.06346,-11032.13,-0.12443,busqueda_24m
1790810557,1,donchian,240,"{""k_atr"": 2.0, ""n"": 20}",obj20pct,reducido50,todos,long,8057,-0.07106,-7574.24,-0.09877,busqueda_24m
1790810557,1,donchian,240,"{""k_atr"": 2.0, ""n"": 20}",obj20pct,reducido50,todos,short,7131,-0.05487,-3457.89,-0.07571,busqueda_24m
1790810557,1,donchian,240,"{""k_atr"": 2.0, ""n"": 20}",obj30pct,reducido50,todos,ambos,15188,-0.06559,-11622.31,-0.10422,busqueda_24m
1790810557,1,donchian,240,"{""k_atr"": 2.0, ""n"": 20}",obj30pct,reducido50,todos,long,8057,-0.08776,-9401.29,-0.09732,busqueda_24m
1790810557,1,donchian,240,"{""k_atr"": 2.0, ""n"": 20}",obj30pct,reducido50,todos,short,7131,-0.04055,-2221.03,-0.03765,busqueda_24m
1790810557,1,donchian,240,"{""k_atr"": 2.0, ""n"": 20}",obj50pct,reducido50,todos,ambos,15188,-0.07672,-13856.91,-0.0966,busqueda_24m
1790810557,1,donchian,240,"{""k_atr"": 2.0, ""n"": 20}",obj50pct,reducido50,todos,long,8057,-0.119,-12426.07,-0.09774,busqueda_24m
1790810557,1,donchian,240,"{""k_atr"": 2.0, ""n"": 20}",obj50pct,reducido50,todos,short,7131,-0.02895,-1430.84,-0.01721,busqueda_24m
1790810557,1,donchian,240,"{""k_atr"": 2.0, ""n"": 55}",obj1R,reducido50,todos,ambos,7906,0.01621,299.96,0.00287,busqueda_24m
1790810557,1,donchian,240,"{""k_atr"": 2.0, ""n"": 55}",obj1R,reducido50,todos,long,3646,-0.04592,-2047.69,-0.03783,busqueda_24m
1790810557,1,donchian,240,"{""k_atr"": 2.0, ""n"": 55}",obj1R,reducido50,todos,short,4260,0.06939,2347.65,0.02556,busqueda_24m
1790810557,1,donchian,240,"{""k_atr"": 2.0, ""n"": 55}",obj2R,reducido50,todos,ambos,7906,0.01864,-742.68,-0.00495,busqueda_24m
1790810557,1,donchian,240,"{""k_atr"": 2.0, ""n"": 55}",obj2R,reducido50,todos,long,3646,-0.03696,-1345.17,-0.01827,busqueda_24m
1790810557,1,donchian,240,"{""k_atr"": 2.0, ""n"": 55}",obj2R,reducido50,todos,short,4260,0.06623,602.49,0.0045,busqueda_24m
1790810557,1,donchian,240,"{""k_atr"": 2.0, ""n"": 55}",obj3R,reducido50,todos,ambos,7906,0.00399,-3238.51,-0.02078,busqueda_24m
1790810557,1,donchian,240,"{""k_atr"": 2.0, ""n"": 55}",obj3R,reducido50,todos,long,3646,-0.02805,-1032.63,-0.01283,busqueda_24m
1790810557,1,donchian,240,"{""k_atr"": 2.0, ""n"": 55}",obj3R,reducido50,todos,short,4260,0.03142,-2205.88,-0.01605,busqueda_24m
1790810557,1,donchian,240,"{""k_atr"": 2.0, ""n"": 55}",trail2R,reducido50,todos,ambos,7906,0.00724,-3533.97,-0.02191,busqueda_24m
1790810557,1,donchian,240,"{""k_atr"": 2.0, ""n"": 55}",trail2R,reducido50,todos,long,3646,-0.0318,-1323.19,-0.01714,busqueda_24m
1790810557,1,donchian,240,"{""k_atr"": 2.0, ""n"": 55}",trail2R,reducido50,todos,short,4260,0.04065,-2210.78,-0.01557,busqueda_24m
1790810557,1,donchian,240,"{""k_atr"": 2.0, ""n"": 55}",trail3R,reducido50,todos,ambos,7906,-0.01908,-6088.01,-0.03787,busqueda_24m
1790810557,1,donchian,240,"{""k_atr"": 2.0, ""n"": 55}",trail3R,reducido50,todos,long,3646,-0.03722,-1386.59,-0.01691,busqueda_24m
1790810557,1,donchian,240,"{""k_atr"": 2.0, ""n"": 55}",trail3R,reducido50,todos,short,4260,-0.00356,-4701.42,-0.03358,busqueda_24m
1790810557,1,donchian,240,"{""k_atr"": 2.0, ""n"": 55}",obj3R_be,reducido50,todos,ambos,7906,0.01111,-2526.12,-0.01748,busqueda_24m
1790810557,1,donchian,240,"{""k_atr"": 2.0, ""n"": 55}",obj3R_be,reducido50,todos,long,3646,-0.02735,-1000.26,-0.01389,busqueda_24m
1790810557,1,donchian,240,"{""k_atr"": 2.0, ""n"": 55}",obj3R_be,reducido50,todos,short,4260,0.04402,-1525.86,-0.01191,busqueda_24m
1790810557,1,donchian,240,"{""k_atr"": 2.0, ""n"": 55}",obj5pct,reducido50,todos,ambos,7906,-0.02939,-3245.75,-0.12522,busqueda_24m
1790810557,1,donchian,240,"{""k_atr"": 2.0, ""n"": 55}",obj5pct,reducido50,todos,long,3646,-0.03204,-1281.3,-0.14994,busqueda_24m
1790810557,1,donchian,240,"{""k_atr"": 2.0, ""n"": 55}",obj5pct,reducido50,todos,short,4260,-0.02712,-1964.45,-0.07991,busqueda_24m
1790810557,1,donchian,240,"{""k_atr"": 2.0, ""n"": 55}",obj10pct,reducido50,todos,ambos,7906,-0.02498,-2790.26,-0.07933,busqueda_24m
1790810557,1,donchian,240,"{""k_atr"": 2.0, ""n"": 55}",obj10pct,reducido50,todos,long,3646,-0.03513,-1388.33,-0.08845,busqueda_24m
1790810557,1,donchian,240,"{""k_atr"": 2.0, ""n"": 55}",obj10pct,reducido50,todos,short,4260,-0.0163,-1401.93,-0.04413,busqueda_24m
1790810557,1,donchian,240,"{""k_atr"": 2.0, ""n"": 55}",obj20pct,reducido50,todos,ambos,7906,-0.00082,-485.45,-0.01027,busqueda_24m
1790810557,1,donchian,240,"{""k_atr"": 2.0, ""n"": 55}",obj20pct,reducido50,todos,long,3646,-0.01776,-751.03,-0.02889,busqueda_24m
1790810557,1,donchian,240,"{""k_atr"": 2.0, ""n"": 55}",obj20pct,reducido50,todos,short,4260,0.01367,265.58,0.00658,busqueda_24m
1790810557,1,donchian,240,"{""k_atr"": 2.0, ""n"": 55}",obj30pct,reducido50,todos,ambos,7906,0.00315,216.95,0.00364,busqueda_24m
1790810557,1,donchian,240,"{""k_atr"": 2.0, ""n"": 55}",obj30pct,reducido50,todos,long,3646,-0.0296,-1174.89,-0.03403,busqueda_24m
1790810557,1,donchian,240,"{""k_atr"": 2.0, ""n"": 55}",obj30pct,reducido50,todos,short,4260,0.03117,1391.85,0.02768,busqueda_24m
1790810557,1,donchian,240,"{""k_atr"": 2.0, ""n"": 55}",obj50pct,reducido50,todos,ambos,7906,0.01667,1559.62,0.01852,busqueda_24m
1790810557,1,donchian,240,"{""k_atr"": 2.0, ""n"": 55}",obj50pct,reducido50,todos,long,3646,-0.04248,-1634.0,-0.03519,busqueda_24m
1790810557,1,donchian,240,"{""k_atr"": 2.0, ""n"": 55}",obj50pct,reducido50,todos,short,4260,0.0673,3193.62,0.04404,busqueda_24m
1790810557,1,donchian,240,"{""k_atr"": 2.0, ""n"": 55}",obj1R,reducido50,todos,ambos,7906,-0.08332,-7098.68,-0.06236,busqueda_24m
1790810557,1,donchian,240,"{""k_atr"": 2.0, ""n"": 55}",obj1R,reducido50,todos,long,4260,-0.13596,-6454.97,-0.06292,busqueda_24m
1790810557,1,donchian,240,"{""k_atr"": 2.0, ""n"": 55}",obj1R,reducido50,todos,short,3646,-0.02182,-643.71,-0.0116,busqueda_24m
1790810557,1,donchian,240,"{""k_atr"": 2.0, ""n"": 55}",obj2R,reducido50,todos,ambos,7906,-0.09683,-8897.16,-0.05808,busqueda_24m
1790810557,1,donchian,240,"{""k_atr"": 2.0, ""n"": 55}",obj2R,reducido50,todos,long,4260,-0.15354,-7568.05,-0.05634,busqueda_24m
1790810557,1,donchian,240,"{""k_atr"": 2.0, ""n"": 55}",obj2R,reducido50,todos,short,3646,-0.03058,-1329.1,-0.01448,busqueda_24m
1790810557,1,donchian,240,"{""k_atr"": 2.0, ""n"": 55}",obj3R,reducido50,todos,ambos,7906,-0.09371,-9002.58,-0.05787,busqueda_24m
1790810557,1,donchian,240,"{""k_atr"": 2.0, ""n"": 55}",obj3R,reducido50,todos,long,4260,-0.16224,-8370.06,-0.05929,busqueda_24m
1790810557,1,donchian,240,"{""k_atr"": 2.0, ""n"": 55}",obj3R,reducido50,todos,short,3646,-0.01365,-632.52,-0.00635,busqueda_24m
1790810557,1,donchian,240,"{""k_atr"": 2.0, ""n"": 55}",trail2R,reducido50,todos,ambos,7906,-0.06122,-6196.43,-0.04172,busqueda_24m
1790810557,1,donchian,240,"{""k_atr"": 2.0, ""n"": 55}",trail2R,reducido50,todos,long,4260,-0.11572,-6127.89,-0.04275,busqueda_24m
1790810557,1,donchian,240,"{""k_atr"": 2.0, ""n"": 55}",trail2R,reducido50,todos,short,3646,0.00246,-68.55,-0.00078,busqueda_24m
1790810557,1,donchian,240,"{""k_atr"": 2.0, ""n"": 55}",trail3R,reducido50,todos,ambos,7906,-0.07533,-8323.74,-0.05184,busqueda_24m
1790810557,1,donchian,240,"{""k_atr"": 2.0, ""n"": 55}",trail3R,reducido50,todos,long,4260,-0.14177,-7879.51,-0.05153,busqueda_24m
1790810557,1,donchian,240,"{""k_atr"": 2.0, ""n"": 55}",trail3R,reducido50,todos,short,3646,0.0023,-444.23,-0.00463,busqueda_24m
1790810557,1,donchian,240,"{""k_atr"": 2.0, ""n"": 55}",obj3R_be,reducido50,todos,ambos,7906,-0.07404,-6980.38,-0.04716,busqueda_24m
1790810557,1,donchian,240,"{""k_atr"": 2.0, ""n"": 55}",obj3R_be,reducido50,todos,long,4260,-0.13838,-7091.39,-0.05285,busqueda_24m
1790810557,1,donchian,240,"{""k_atr"": 2.0, ""n"": 55}",obj3R_be,reducido50,todos,short,3646,0.00113,111.01,0.00116,busqueda_24m
1790810557,1,donchian,240,"{""k_atr"": 2.0, ""n"": 55}",obj5pct,reducido50,todos,ambos,7906,-0.02901,-2728.35,-0.15253,busqueda_24m
1790810557,1,donchian,240,"{""k_atr"": 2.0, ""n"": 55}",obj5pct,reducido50,todos,long,4260,-0.02496,-1510.03,-0.09873,busqueda_24m
1790810557,1,donchian,240,"{""k_atr"": 2.0, ""n"": 55}",obj5pct,reducido50,todos,short,3646,-0.03375,-1218.32,-0.12814,busqueda_24m
1790810557,1,donchian,240,"{""k_atr"": 2.0, ""n"": 55}",obj10pct,reducido50,todos,ambos,7906,-0.03937,-3681.09,-0.11225,busqueda_24m
1790810557,1,donchian,240,"{""k_atr"": 2.0, ""n"": 55}",obj10pct,reducido50,todos,long,4260,-0.03846,-2351.49,-0.07874,busqueda_24m
1790810557,1,donchian,240,"{""k_atr"": 2.0, ""n"": 55}",obj10pct,reducido50,todos,short,3646,-0.04043,-1329.6,-0.09834,busqueda_24m
1790810557,1,donchian,240,"{""k_atr"": 2.0, ""n"": 55}",obj20pct,reducido50,todos,ambos,7906,-0.065,-6190.52,-0.11525,busqueda_24m
1790810557,1,donchian,240,"{""k_atr"": 2.0, ""n"": 55}",obj20pct,reducido50,todos,long,4260,-0.08074,-4773.35,-0.09822,busqueda_24m
1790810557,1,donchian,240,"{""k_atr"": 2.0, ""n"": 55}",obj20pct,reducido50,todos,short,3646,-0.04662,-1417.17,-0.06198,busqueda_24m
1790810557,1,donchian,240,"{""k_atr"": 2.0, ""n"": 55}",obj30pct,reducido50,todos,ambos,7906,-0.06837,-6681.32,-0.0979,busqueda_24m
1790810557,1,donchian,240,"{""k_atr"": 2.0, ""n"": 55}",obj30pct,reducido50,todos,long,4260,-0.10449,-6044.33,-0.09897,busqueda_24m
1790810557,1,donchian,240,"{""k_atr"": 2.0, ""n"": 55}",obj30pct,reducido50,todos,short,3646,-0.02617,-636.98,-0.02079,busqueda_24m
1790810557,1,donchian,240,"{""k_atr"": 2.0, ""n"": 55}",obj50pct,reducido50,todos,ambos,7906,-0.08762,-8588.22,-0.09524,busqueda_24m
1790810557,1,donchian,240,"{""k_atr"": 2.0, ""n"": 55}",obj50pct,reducido50,todos,long,4260,-0.13889,-7625.14,-0.09534,busqueda_24m
1790810557,1,donchian,240,"{""k_atr"": 2.0, ""n"": 55}",obj50pct,reducido50,todos,short,3646,-0.02772,-963.08,-0.02154,busqueda_24m
1790810557,1,rsi2,240,"{""k_atr"": 2.0, ""sma_filtro"": 200, ""umbral"": 5.0}",obj1R,reducido50,todos,ambos,6932,-0.07009,-4551.88,-0.04787,busqueda_24m
1790810557,1,rsi2,240,"{""k_atr"": 2.0, ""sma_filtro"": 200, ""umbral"": 5.0}",obj1R,reducido50,todos,long,2635,-0.15715,-5139.58,-0.07837,busqueda_24m
1790810557,1,rsi2,240,"{""k_atr"": 2.0, ""sma_filtro"": 200, ""umbral"": 5.0}",obj1R,reducido50,todos,short,4297,-0.01671,587.7,0.00799,busqueda_24m
1790810557,1,rsi2,240,"{""k_atr"": 2.0, ""sma_filtro"": 200, ""umbral"": 5.0}",obj2R,reducido50,todos,ambos,6932,-0.07751,-5302.89,-0.0431,busqueda_24m
1790810557,1,rsi2,240,"{""k_atr"": 2.0, ""sma_filtro"": 200, ""umbral"": 5.0}",obj2R,reducido50,todos,long,2635,-0.17199,-5749.03,-0.07007,busqueda_24m
1790810557,1,rsi2,240,"{""k_atr"": 2.0, ""sma_filtro"": 200, ""umbral"": 5.0}",obj2R,reducido50,todos,short,4297,-0.01957,446.14,0.00434,busqueda_24m
1790810557,1,rsi2,240,"{""k_atr"": 2.0, ""sma_filtro"": 200, ""umbral"": 5.0}",obj3R,reducido50,todos,ambos,6932,-0.0571,-3650.83,-0.02671,busqueda_24m
1790810557,1,rsi2,240,"{""k_atr"": 2.0, ""sma_filtro"": 200, ""umbral"": 5.0}",obj3R,reducido50,todos,long,2635,-0.1832,-6046.95,-0.06884,busqueda_24m
1790810557,1,rsi2,240,"{""k_atr"": 2.0, ""sma_filtro"": 200, ""umbral"": 5.0}",obj3R,reducido50,todos,short,4297,0.02022,2396.12,0.02011,busqueda_24m
1790810557,1,rsi2,240,"{""k_atr"": 2.0, ""sma_filtro"": 200, ""umbral"": 5.0}",trail2R,reducido50,todos,ambos,6932,-0.02483,-2560.83,-0.01426,busqueda_24m
1790810557,1,rsi2,240,"{""k_atr"": 2.0, ""sma_filtro"": 200, ""umbral"": 5.0}",trail2R,reducido50,todos,long,2635,-0.17059,-6020.47,-0.0699,busqueda_24m
1790810557,1,rsi2,240,"{""k_atr"": 2.0, ""sma_filtro"": 200, ""umbral"": 5.0}",trail2R,reducido50,todos,short,4297,0.06456,3459.65,0.02226,busqueda_24m
1790810557,1,rsi2,240,"{""k_atr"": 2.0, ""sma_filtro"": 200, ""umbral"": 5.0}",trail3R,reducido50,todos,ambos,6932,-0.01617,-2145.37,-0.01143,busqueda_24m
1790810557,1,rsi2,240,"{""k_atr"": 2.0, ""sma_filtro"": 200, ""umbral"": 5.0}",trail3R,reducido50,todos,long,2635,-0.17026,-6398.59,-0.07025,busqueda_24m
1790810557,1,rsi2,240,"{""k_atr"": 2.0, ""sma_filtro"": 200, ""umbral"": 5.0}",trail3R,reducido50,todos,short,4297,0.07832,4253.22,0.02557,busqueda_24m
1790810557,1,rsi2,240,"{""k_atr"": 2.0, ""sma_filtro"": 200, ""umbral"": 5.0}",obj3R_be,reducido50,todos,ambos,6932,-0.05442,-3482.69,-0.02612,busqueda_24m
1790810557,1,rsi2,240,"{""k_atr"": 2.0, ""sma_filtro"": 200, ""umbral"": 5.0}",obj3R_be,reducido50,todos,long,2635,-0.17198,-5660.85,-0.06744,busqueda_24m
1790810557,1,rsi2,240,"{""k_atr"": 2.0, ""sma_filtro"": 200, ""umbral"": 5.0}",obj3R_be,reducido50,todos,short,4297,0.01767,2178.17,0.01894,busqueda_24m
1790810557,1,rsi2,240,"{""k_atr"": 2.0, ""sma_filtro"": 200, ""umbral"": 5.0}",obj5pct,reducido50,todos,ambos,6932,-0.02137,-1354.5,-0.10519,busqueda_24m
1790810557,1,rsi2,240,"{""k_atr"": 2.0, ""sma_filtro"": 200, ""umbral"": 5.0}",obj5pct,reducido50,todos,long,2635,-0.02667,-573.05,-0.07041,busqueda_24m
1790810557,1,rsi2,240,"{""k_atr"": 2.0, ""sma_filtro"": 200, ""umbral"": 5.0}",obj5pct,reducido50,todos,short,4297,-0.01811,-781.45,-0.07763,busqueda_24m
1790810557,1,rsi2,240,"{""k_atr"": 2.0, ""sma_filtro"": 200, ""umbral"": 5.0}",obj10pct,reducido50,todos,ambos,6932,-0.02614,-1070.69,-0.05049,busqueda_24m
1790810557,1,rsi2,240,"{""k_atr"": 2.0, ""sma_filtro"": 200, ""umbral"": 5.0}",obj10pct,reducido50,todos,long,2635,-0.04774,-928.33,-0.06343,busqueda_24m
1790810557,1,rsi2,240,"{""k_atr"": 2.0, ""sma_filtro"": 200, ""umbral"": 5.0}",obj10pct,reducido50,todos,short,4297,-0.0129,-142.36,-0.00922,busqueda_24m
1790810557,1,rsi2,240,"{""k_atr"": 2.0, ""sma_filtro"": 200, ""umbral"": 5.0}",obj20pct,reducido50,todos,ambos,6932,-0.04334,-1810.05,-0.04633,busqueda_24m
1790810557,1,rsi2,240,"{""k_atr"": 2.0, ""sma_filtro"": 200, ""umbral"": 5.0}",obj20pct,reducido50,todos,long,2635,-0.07478,-1559.96,-0.05999,busqueda_24m
1790810557,1,rsi2,240,"{""k_atr"": 2.0, ""sma_filtro"": 200, ""umbral"": 5.0}",obj20pct,reducido50,todos,short,4297,-0.02407,-250.09,-0.00851,busqueda_24m
1790810557,1,rsi2,240,"{""k_atr"": 2.0, ""sma_filtro"": 200, ""umbral"": 5.0}",obj30pct,reducido50,todos,ambos,6932,-0.05592,-2649.64,-0.04915,busqueda_24m
1790810557,1,rsi2,240,"{""k_atr"": 2.0, ""sma_filtro"": 200, ""umbral"": 5.0}",obj30pct,reducido50,todos,long,2635,-0.1038,-2551.57,-0.07488,busqueda_24m
1790810557,1,rsi2,240,"{""k_atr"": 2.0, ""sma_filtro"": 200, ""umbral"": 5.0}",obj30pct,reducido50,todos,short,4297,-0.02656,-98.07,-0.00232,busqueda_24m
1790810557,1,rsi2,240,"{""k_atr"": 2.0, ""sma_filtro"": 200, ""umbral"": 5.0}",obj50pct,reducido50,todos,ambos,6932,-0.07102,-3853.25,-0.04932,busqueda_24m
1790810557,1,rsi2,240,"{""k_atr"": 2.0, ""sma_filtro"": 200, ""umbral"": 5.0}",obj50pct,reducido50,todos,long,2635,-0.12748,-3524.46,-0.07178,busqueda_24m
1790810557,1,rsi2,240,"{""k_atr"": 2.0, ""sma_filtro"": 200, ""umbral"": 5.0}",obj50pct,reducido50,todos,short,4297,-0.0364,-328.79,-0.00521,busqueda_24m
1790810557,1,rsi2,240,"{""k_atr"": 2.0, ""sma_filtro"": 200, ""umbral"": 5.0}",obj1R,reducido50,todos,ambos,6932,-0.00754,-3374.96,-0.03519,busqueda_24m
1790810557,1,rsi2,240,"{""k_atr"": 2.0, ""sma_filtro"": 200, ""umbral"": 5.0}",obj1R,reducido50,todos,long,4297,-0.05518,-4096.81,-0.05537,busqueda_24m
1790810557,1,rsi2,240,"{""k_atr"": 2.0, ""sma_filtro"": 200, ""umbral"": 5.0}",obj1R,reducido50,todos,short,2635,0.07015,721.85,0.01109,busqueda_24m
1790810557,1,rsi2,240,"{""k_atr"": 2.0, ""sma_filtro"": 200, ""umbral"": 5.0}",obj2R,reducido50,todos,ambos,6932,-0.00638,-4294.72,-0.03487,busqueda_24m
1790810557,1,rsi2,240,"{""k_atr"": 2.0, ""sma_filtro"": 200, ""umbral"": 5.0}",obj2R,reducido50,todos,long,4297,-0.05911,-4638.72,-0.05142,busqueda_24m
1790810557,1,rsi2,240,"{""k_atr"": 2.0, ""sma_filtro"": 200, ""umbral"": 5.0}",obj2R,reducido50,todos,short,2635,0.07962,344.01,0.0039,busqueda_24m
1790810557,1,rsi2,240,"{""k_atr"": 2.0, ""sma_filtro"": 200, ""umbral"": 5.0}",obj3R,reducido50,todos,ambos,6932,-0.01095,-5591.57,-0.04537,busqueda_24m
1790810557,1,rsi2,240,"{""k_atr"": 2.0, ""sma_filtro"": 200, ""umbral"": 5.0}",obj3R,reducido50,todos,long,4297,-0.06501,-5207.67,-0.05206,busqueda_24m
1790810557,1,rsi2,240,"{""k_atr"": 2.0, ""sma_filtro"": 200, ""umbral"": 5.0}",obj3R,reducido50,todos,short,2635,0.0772,-383.89,-0.005,busqueda_24m
1790810557,1,rsi2,240,"{""k_atr"": 2.0, ""sma_filtro"": 200, ""umbral"": 5.0}",trail2R,reducido50,todos,ambos,6932,0.00861,-4747.2,-0.03767,busqueda_24m
1790810557,1,rsi2,240,"{""k_atr"": 2.0, ""sma_filtro"": 200, ""umbral"": 5.0}",trail2R,reducido50,todos,long,4297,-0.02943,-4063.41,-0.0414,busqueda_24m
1790810557,1,rsi2,240,"{""k_atr"": 2.0, ""sma_filtro"": 200, ""umbral"": 5.0}",trail2R,reducido50,todos,short,2635,0.07064,-683.79,-0.00823,busqueda_24m
1790810557,1,rsi2,240,"{""k_atr"": 2.0, ""sma_filtro"": 200, ""umbral"": 5.0}",trail3R,reducido50,todos,ambos,6932,-0.00981,-5782.76,-0.04128,busqueda_24m
1790810557,1,rsi2,240,"{""k_atr"": 2.0, ""sma_filtro"": 200, ""umbral"": 5.0}",trail3R,reducido50,todos,long,4297,-0.03847,-4086.95,-0.03571,busqueda_24m
1790810557,1,rsi2,240,"{""k_atr"": 2.0, ""sma_filtro"": 200, ""umbral"": 5.0}",trail3R,reducido50,todos,short,2635,0.03691,-1695.8,-0.01979,busqueda_24m
1790810557,1,rsi2,240,"{""k_atr"": 2.0, ""sma_filtro"": 200, ""umbral"": 5.0}",obj3R_be,reducido50,todos,ambos,6932,0.00393,-4494.63,-0.0391,busqueda_24m
1790810557,1,rsi2,240,"{""k_atr"": 2.0, ""sma_filtro"": 200, ""umbral"": 5.0}",obj3R_be,reducido50,todos,long,4297,-0.05009,-4414.27,-0.04801,busqueda_24m
1790810557,1,rsi2,240,"{""k_atr"": 2.0, ""sma_filtro"": 200, ""umbral"": 5.0}",obj3R_be,reducido50,todos,short,2635,0.09202,-80.36,-0.00109,busqueda_24m
1790810557,1,rsi2,240,"{""k_atr"": 2.0, ""sma_filtro"": 200, ""umbral"": 5.0}",obj5pct,reducido50,todos,ambos,6932,-0.03451,-2781.4,-0.17788,busqueda_24m
1790810557,1,rsi2,240,"{""k_atr"": 2.0, ""sma_filtro"": 200, ""umbral"": 5.0}",obj5pct,reducido50,todos,long,4297,-0.05,-2369.08,-0.16861,busqueda_24m
1790810557,1,rsi2,240,"{""k_atr"": 2.0, ""sma_filtro"": 200, ""umbral"": 5.0}",obj5pct,reducido50,todos,short,2635,-0.00926,-412.32,-0.05747,busqueda_24m
1790810557,1,rsi2,240,"{""k_atr"": 2.0, ""sma_filtro"": 200, ""umbral"": 5.0}",obj10pct,reducido50,todos,ambos,6932,-0.03043,-2710.91,-0.10828,busqueda_24m
1790810557,1,rsi2,240,"{""k_atr"": 2.0, ""sma_filtro"": 200, ""umbral"": 5.0}",obj10pct,reducido50,todos,long,4297,-0.05271,-2624.03,-0.11623,busqueda_24m
1790810557,1,rsi2,240,"{""k_atr"": 2.0, ""sma_filtro"": 200, ""umbral"": 5.0}",obj10pct,reducido50,todos,short,2635,0.0059,-86.88,-0.00738,busqueda_24m
1790810557,1,rsi2,240,"{""k_atr"": 2.0, ""sma_filtro"": 200, ""umbral"": 5.0}",obj20pct,reducido50,todos,ambos,6932,-0.01516,-2062.26,-0.04718,busqueda_24m
1790810557,1,rsi2,240,"{""k_atr"": 2.0, ""sma_filtro"": 200, ""umbral"": 5.0}",obj20pct,reducido50,todos,long,4297,-0.05035,-3108.55,-0.07886,busqueda_24m
1790810557,1,rsi2,240,"{""k_atr"": 2.0, ""sma_filtro"": 200, ""umbral"": 5.0}",obj20pct,reducido50,todos,short,2635,0.04224,1046.29,0.04949,busqueda_24m
1790810557,1,rsi2,240,"{""k_atr"": 2.0, ""sma_filtro"": 200, ""umbral"": 5.0}",obj30pct,reducido50,todos,ambos,6932,-0.00527,-1632.65,-0.02832,busqueda_24m
1790810557,1,rsi2,240,"{""k_atr"": 2.0, ""sma_filtro"": 200, ""umbral"": 5.0}",obj30pct,reducido50,todos,long,4297,-0.05057,-3328.48,-0.06587,busqueda_24m
1790810557,1,rsi2,240,"{""k_atr"": 2.0, ""sma_filtro"": 200, ""umbral"": 5.0}",obj30pct,reducido50,todos,short,2635,0.06859,1695.83,0.05468,busqueda_24m
1790810557,1,rsi2,240,"{""k_atr"": 2.0, ""sma_filtro"": 200, ""umbral"": 5.0}",obj50pct,reducido50,todos,ambos,6932,0.00995,-1122.37,-0.01426,busqueda_24m
1790810557,1,rsi2,240,"{""k_atr"": 2.0, ""sma_filtro"": 200, ""umbral"": 5.0}",obj50pct,reducido50,todos,long,4297,-0.04424,-3520.12,-0.05292,busqueda_24m
1790810557,1,rsi2,240,"{""k_atr"": 2.0, ""sma_filtro"": 200, ""umbral"": 5.0}",obj50pct,reducido50,todos,short,2635,0.09831,2397.74,0.05134,busqueda_24m
1790810557,1,rsi2,240,"{""k_atr"": 2.0, ""sma_filtro"": 200, ""umbral"": 10.0}",obj1R,reducido50,todos,ambos,14479,-0.05188,-7980.18,-0.04554,busqueda_24m
1790810557,1,rsi2,240,"{""k_atr"": 2.0, ""sma_filtro"": 200, ""umbral"": 10.0}",obj1R,reducido50,todos,long,5511,-0.14176,-10303.17,-0.08301,busqueda_24m
1790810557,1,rsi2,240,"{""k_atr"": 2.0, ""sma_filtro"": 200, ""umbral"": 10.0}",obj1R,reducido50,todos,short,8968,0.00334,2322.99,0.01651,busqueda_24m
1790810557,1,rsi2,240,"{""k_atr"": 2.0, ""sma_filtro"": 200, ""umbral"": 10.0}",obj2R,reducido50,todos,ambos,14479,-0.03059,-4856.39,-0.02092,busqueda_24m
1790810557,1,rsi2,240,"{""k_atr"": 2.0, ""sma_filtro"": 200, ""umbral"": 10.0}",obj2R,reducido50,todos,long,5511,-0.13657,-10129.47,-0.06396,busqueda_24m
1790810557,1,rsi2,240,"{""k_atr"": 2.0, ""sma_filtro"": 200, ""umbral"": 10.0}",obj2R,reducido50,todos,short,8968,0.03454,5273.07,0.02595,busqueda_24m
1790810557,1,rsi2,240,"{""k_atr"": 2.0, ""sma_filtro"": 200, ""umbral"": 10.0}",obj3R,reducido50,todos,ambos,14479,-0.00911,-1253.2,-0.00486,busqueda_24m
1790810557,1,rsi2,240,"{""k_atr"": 2.0, ""sma_filtro"": 200, ""umbral"": 10.0}",obj3R,reducido50,todos,long,5511,-0.13298,-9938.36,-0.0583,busqueda_24m
1790810557,1,rsi2,240,"{""k_atr"": 2.0, ""sma_filtro"": 200, ""umbral"": 10.0}",obj3R,reducido50,todos,short,8968,0.06702,8685.16,0.03823,busqueda_24m
1790810557,1,rsi2,240,"{""k_atr"": 2.0, ""sma_filtro"": 200, ""umbral"": 10.0}",trail2R,reducido50,todos,ambos,14479,0.01962,757.5,0.0023,busqueda_24m
1790810557,1,rsi2,240,"{""k_atr"": 2.0, ""sma_filtro"": 200, ""umbral"": 10.0}",trail2R,reducido50,todos,long,5511,-0.11896,-9820.47,-0.0577,busqueda_24m
1790810557,1,rsi2,240,"{""k_atr"": 2.0, ""sma_filtro"": 200, ""umbral"": 10.0}",trail2R,reducido50,todos,short,8968,0.10478,10577.97,0.03671,busqueda_24m
1790810557,1,rsi2,240,"{""k_atr"": 2.0, ""sma_filtro"": 200, ""umbral"": 10.0}",trail3R,reducido50,todos,ambos,14479,0.0245,1450.7,0.00439,busqueda_24m
1790810557,1,rsi2,240,"{""k_atr"": 2.0, ""sma_filtro"": 200, ""umbral"": 10.0}",trail3R,reducido50,todos,long,5511,-0.10621,-9448.48,-0.0532,busqueda_24m
1790810557,1,rsi2,240,"{""k_atr"": 2.0, ""sma_filtro"": 200, ""umbral"": 10.0}",trail3R,reducido50,todos,short,8968,0.10483,10899.19,0.03725,busqueda_24m
1790810557,1,rsi2,240,"{""k_atr"": 2.0, ""sma_filtro"": 200, ""umbral"": 10.0}",obj3R_be,reducido50,todos,ambos,14479,-0.01271,-2136.16,-0.00853,busqueda_24m
1790810557,1,rsi2,240,"{""k_atr"": 2.0, ""sma_filtro"": 200, ""umbral"": 10.0}",obj3R_be,reducido50,todos,long,5511,-0.13618,-10321.01,-0.06405,busqueda_24m
1790810557,1,rsi2,240,"{""k_atr"": 2.0, ""sma_filtro"": 200, ""umbral"": 10.0}",obj3R_be,reducido50,todos,short,8968,0.06316,8184.86,0.03723,busqueda_24m
1790810557,1,rsi2,240,"{""k_atr"": 2.0, ""sma_filtro"": 200, ""umbral"": 10.0}",obj5pct,reducido50,todos,ambos,14479,-0.02704,-3784.95,-0.15422,busqueda_24m
1790810557,1,rsi2,240,"{""k_atr"": 2.0, ""sma_filtro"": 200, ""umbral"": 10.0}",obj5pct,reducido50,todos,long,5511,-0.03479,-1906.34,-0.11758,busqueda_24m
1790810557,1,rsi2,240,"{""k_atr"": 2.0, ""sma_filtro"": 200, ""umbral"": 10.0}",obj5pct,reducido50,todos,short,8968,-0.02229,-1878.6,-0.10076,busqueda_24m
1790810557,1,rsi2,240,"{""k_atr"": 2.0, ""sma_filtro"": 200, ""umbral"": 10.0}",obj10pct,reducido50,todos,ambos,14479,-0.0304,-3617.61,-0.08718,busqueda_24m
1790810557,1,rsi2,240,"{""k_atr"": 2.0, ""sma_filtro"": 200, ""umbral"": 10.0}",obj10pct,reducido50,todos,long,5511,-0.05202,-2695.81,-0.09322,busqueda_24m
1790810557,1,rsi2,240,"{""k_atr"": 2.0, ""sma_filtro"": 200, ""umbral"": 10.0}",obj10pct,reducido50,todos,short,8968,-0.01712,-921.81,-0.03097,busqueda_24m
1790810557,1,rsi2,240,"{""k_atr"": 2.0, ""sma_filtro"": 200, ""umbral"": 10.0}",obj20pct,reducido50,todos,ambos,14479,-0.03668,-3977.51,-0.05549,busqueda_24m
1790810557,1,rsi2,240,"{""k_atr"": 2.0, ""sma_filtro"": 200, ""umbral"": 10.0}",obj20pct,reducido50,todos,long,5511,-0.07284,-3981.47,-0.08156,busqueda_24m
1790810557,1,rsi2,240,"{""k_atr"": 2.0, ""sma_filtro"": 200, ""umbral"": 10.0}",obj20pct,reducido50,todos,short,8968,-0.01446,3.96,8e-05,busqueda_24m
1790810557,1,rsi2,240,"{""k_atr"": 2.0, ""sma_filtro"": 200, ""umbral"": 10.0}",obj30pct,reducido50,todos,ambos,14479,-0.04193,-4713.45,-0.04792,busqueda_24m
1790810557,1,rsi2,240,"{""k_atr"": 2.0, ""sma_filtro"": 200, ""umbral"": 10.0}",obj30pct,reducido50,todos,long,5511,-0.094,-5687.38,-0.08938,busqueda_24m
1790810557,1,rsi2,240,"{""k_atr"": 2.0, ""sma_filtro"": 200, ""umbral"": 10.0}",obj30pct,reducido50,todos,short,8968,-0.00994,973.93,0.01262,busqueda_24m
1790810557,1,rsi2,240,"{""k_atr"": 2.0, ""sma_filtro"": 200, ""umbral"": 10.0}",obj50pct,reducido50,todos,ambos,14479,-0.04425,-5313.66,-0.03755,busqueda_24m
1790810557,1,rsi2,240,"{""k_atr"": 2.0, ""sma_filtro"": 200, ""umbral"": 10.0}",obj50pct,reducido50,todos,long,5511,-0.11491,-7358.37,-0.08118,busqueda_24m
1790810557,1,rsi2,240,"{""k_atr"": 2.0, ""sma_filtro"": 200, ""umbral"": 10.0}",obj50pct,reducido50,todos,short,8968,-0.00083,2044.71,0.01732,busqueda_24m
1790810557,1,rsi2,240,"{""k_atr"": 2.0, ""sma_filtro"": 200, ""umbral"": 10.0}",obj1R,reducido50,todos,ambos,14479,-0.02236,-7120.37,-0.04019,busqueda_24m
1790810557,1,rsi2,240,"{""k_atr"": 2.0, ""sma_filtro"": 200, ""umbral"": 10.0}",obj1R,reducido50,todos,long,8968,-0.07661,-10039.96,-0.07147,busqueda_24m
1790810557,1,rsi2,240,"{""k_atr"": 2.0, ""sma_filtro"": 200, ""umbral"": 10.0}",obj1R,reducido50,todos,short,5511,0.06593,2919.59,0.02389,busqueda_24m
1790810557,1,rsi2,240,"{""k_atr"": 2.0, ""sma_filtro"": 200, ""umbral"": 10.0}",obj2R,reducido50,todos,ambos,14479,-0.01574,-7356.26,-0.03129,busqueda_24m
1790810557,1,rsi2,240,"{""k_atr"": 2.0, ""sma_filtro"": 200, ""umbral"": 10.0}",obj2R,reducido50,todos,long,8968,-0.08197,-11171.6,-0.06488,busqueda_24m
1790810557,1,rsi2,240,"{""k_atr"": 2.0, ""sma_filtro"": 200, ""umbral"": 10.0}",obj2R,reducido50,todos,short,5511,0.09204,3815.34,0.02163,busqueda_24m
1790810557,1,rsi2,240,"{""k_atr"": 2.0, ""sma_filtro"": 200, ""umbral"": 10.0}",obj3R,reducido50,todos,ambos,14479,-0.0228,-10469.22,-0.0456,busqueda_24m
1790810557,1,rsi2,240,"{""k_atr"": 2.0, ""sma_filtro"": 200, ""umbral"": 10.0}",obj3R,reducido50,todos,long,8968,-0.09522,-13141.7,-0.07135,busqueda_24m
1790810557,1,rsi2,240,"{""k_atr"": 2.0, ""sma_filtro"": 200, ""umbral"": 10.0}",obj3R,reducido50,todos,short,5511,0.09505,2672.48,0.01748,busqueda_24m
1790810557,1,rsi2,240,"{""k_atr"": 2.0, ""sma_filtro"": 200, ""umbral"": 10.0}",trail2R,reducido50,todos,ambos,14479,-0.00391,-8759.77,-0.03929,busqueda_24m
1790810557,1,rsi2,240,"{""k_atr"": 2.0, ""sma_filtro"": 200, ""umbral"": 10.0}",trail2R,reducido50,todos,long,8968,-0.0578,-10490.62,-0.05788,busqueda_24m
1790810557,1,rsi2,240,"{""k_atr"": 2.0, ""sma_filtro"": 200, ""umbral"": 10.0}",trail2R,reducido50,todos,short,5511,0.08379,1730.85,0.01184,busqueda_24m
1790810557,1,rsi2,240,"{""k_atr"": 2.0, ""sma_filtro"": 200, ""umbral"": 10.0}",trail3R,reducido50,todos,ambos,14479,-0.02194,-11330.45,-0.04711,busqueda_24m
1790810557,1,rsi2,240,"{""k_atr"": 2.0, ""sma_filtro"": 200, ""umbral"": 10.0}",trail3R,reducido50,todos,long,8968,-0.06769,-10762.91,-0.05259,busqueda_24m
1790810557,1,rsi2,240,"{""k_atr"": 2.0, ""sma_filtro"": 200, ""umbral"": 10.0}",trail3R,reducido50,todos,short,5511,0.05252,-567.53,-0.00387,busqueda_24m
1790810557,1,rsi2,240,"{""k_atr"": 2.0, ""sma_filtro"": 200, ""umbral"": 10.0}",obj3R_be,reducido50,todos,ambos,14479,-0.00739,-7733.3,-0.03587,busqueda_24m
1790810557,1,rsi2,240,"{""k_atr"": 2.0, ""sma_filtro"": 200, ""umbral"": 10.0}",obj3R_be,reducido50,todos,long,8968,-0.07583,-10945.6,-0.06494,busqueda_24m
1790810557,1,rsi2,240,"{""k_atr"": 2.0, ""sma_filtro"": 200, ""umbral"": 10.0}",obj3R_be,reducido50,todos,short,5511,0.10399,3212.3,0.02166,busqueda_24m
1790810557,1,rsi2,240,"{""k_atr"": 2.0, ""sma_filtro"": 200, ""umbral"": 10.0}",obj5pct,reducido50,todos,ambos,14479,-0.03541,-6046.24,-0.23125,busqueda_24m
1790810557,1,rsi2,240,"{""k_atr"": 2.0, ""sma_filtro"": 200, ""umbral"": 10.0}",obj5pct,reducido50,todos,long,8968,-0.04718,-4796.3,-0.20283,busqueda_24m
1790810557,1,rsi2,240,"{""k_atr"": 2.0, ""sma_filtro"": 200, ""umbral"": 10.0}",obj5pct,reducido50,todos,short,5511,-0.01626,-1249.94,-0.10214,busqueda_24m
1790810557,1,rsi2,240,"{""k_atr"": 2.0, ""sma_filtro"": 200, ""umbral"": 10.0}",obj10pct,reducido50,todos,ambos,14479,-0.03792,-6962.01,-0.16188,busqueda_24m
1790810557,1,rsi2,240,"{""k_atr"": 2.0, ""sma_filtro"": 200, ""umbral"": 10.0}",obj10pct,reducido50,todos,long,8968,-0.05575,-5979.05,-0.15094,busqueda_24m
1790810557,1,rsi2,240,"{""k_atr"": 2.0, ""sma_filtro"": 200, ""umbral"": 10.0}",obj10pct,reducido50,todos,short,5511,-0.0089,-982.96,-0.04815,busqueda_24m
1790810557,1,rsi2,240,"{""k_atr"": 2.0, ""sma_filtro"": 200, ""umbral"": 10.0}",obj20pct,reducido50,todos,ambos,14479,-0.02682,-6199.45,-0.08232,busqueda_24m
1790810557,1,rsi2,240,"{""k_atr"": 2.0, ""sma_filtro"": 200, ""umbral"": 10.0}",obj20pct,reducido50,todos,long,8968,-0.05513,-6828.02,-0.09844,busqueda_24m
1790810557,1,rsi2,240,"{""k_atr"": 2.0, ""sma_filtro"": 200, ""umbral"": 10.0}",obj20pct,reducido50,todos,short,5511,0.01925,628.57,0.01687,busqueda_24m
1790810557,1,rsi2,240,"{""k_atr"": 2.0, ""sma_filtro"": 200, ""umbral"": 10.0}",obj30pct,reducido50,todos,ambos,14479,-0.02236,-5572.57,-0.05538,busqueda_24m
1790810557,1,rsi2,240,"{""k_atr"": 2.0, ""sma_filtro"": 200, ""umbral"": 10.0}",obj30pct,reducido50,todos,long,8968,-0.05873,-7409.3,-0.0809,busqueda_24m
1790810557,1,rsi2,240,"{""k_atr"": 2.0, ""sma_filtro"": 200, ""umbral"": 10.0}",obj30pct,reducido50,todos,short,5511,0.03682,1836.73,0.034,busqueda_24m
1790810557,1,rsi2,240,"{""k_atr"": 2.0, ""sma_filtro"": 200, ""umbral"": 10.0}",obj50pct,reducido50,todos,ambos,14479,-0.01125,-4461.21,-0.0314,busqueda_24m
1790810557,1,rsi2,240,"{""k_atr"": 2.0, ""sma_filtro"": 200, ""umbral"": 10.0}",obj50pct,reducido50,todos,long,8968,-0.06206,-8350.4,-0.06695,busqueda_24m
1790810557,1,rsi2,240,"{""k_atr"": 2.0, ""sma_filtro"": 200, ""umbral"": 10.0}",obj50pct,reducido50,todos,short,5511,0.07143,3889.2,0.04599,busqueda_24m
1790810557,1,ema_cross,1440,"{""k_atr"": 2.0, ""lenta"": 21, ""rapida"": 9}",obj1R,reducido50,todos,ambos,1165,-0.00366,-456.01,-0.01283,busqueda_24m
1790810557,1,ema_cross,1440,"{""k_atr"": 2.0, ""lenta"": 21, ""rapida"": 9}",obj1R,reducido50,todos,long,575,-0.01092,-468.96,-0.01724,busqueda_24m
1790810557,1,ema_cross,1440,"{""k_atr"": 2.0, ""lenta"": 21, ""rapida"": 9}",obj1R,reducido50,todos,short,590,0.00343,12.95,0.0004,busqueda_24m
1790810557,1,ema_cross,1440,"{""k_atr"": 2.0, ""lenta"": 21, ""rapida"": 9}",obj2R,reducido50,todos,ambos,1165,0.0001,-259.97,-0.0053,busqueda_24m
1790810557,1,ema_cross,1440,"{""k_atr"": 2.0, ""lenta"": 21, ""rapida"": 9}",obj2R,reducido50,todos,long,575,0.00072,152.75,0.00442,busqueda_24m
1790810557,1,ema_cross,1440,"{""k_atr"": 2.0, ""lenta"": 21, ""rapida"": 9}",obj2R,reducido50,todos,short,590,-0.0005,-412.72,-0.01046,busqueda_24m
1790810557,1,ema_cross,1440,"{""k_atr"": 2.0, ""lenta"": 21, ""rapida"": 9}",obj3R,reducido50,todos,ambos,1165,0.03919,1064.73,0.0185,busqueda_24m
1790810557,1,ema_cross,1440,"{""k_atr"": 2.0, ""lenta"": 21, ""rapida"": 9}",obj3R,reducido50,todos,long,575,0.04308,1026.9,0.02557,busqueda_24m
1790810557,1,ema_cross,1440,"{""k_atr"": 2.0, ""lenta"": 21, ""rapida"": 9}",obj3R,reducido50,todos,short,590,0.0354,37.82,0.00081,busqueda_24m
1790810557,1,ema_cross,1440,"{""k_atr"": 2.0, ""lenta"": 21, ""rapida"": 9}",trail2R,reducido50,todos,ambos,1165,0.03662,338.14,0.00589,busqueda_24m
1790810557,1,ema_cross,1440,"{""k_atr"": 2.0, ""lenta"": 21, ""rapida"": 9}",trail2R,reducido50,todos,long,575,0.0202,238.9,0.00669,busqueda_24m
1790810557,1,ema_cross,1440,"{""k_atr"": 2.0, ""lenta"": 21, ""rapida"": 9}",trail2R,reducido50,todos,short,590,0.05262,99.24,0.00205,busqueda_24m
1790810557,1,ema_cross,1440,"{""k_atr"": 2.0, ""lenta"": 21, ""rapida"": 9}",trail3R,reducido50,todos,ambos,1165,0.0602,992.59,0.01839,busqueda_24m
1790810557,1,ema_cross,1440,"{""k_atr"": 2.0, ""lenta"": 21, ""rapida"": 9}",trail3R,reducido50,todos,long,575,0.09704,1259.08,0.03008,busqueda_24m
1790810557,1,ema_cross,1440,"{""k_atr"": 2.0, ""lenta"": 21, ""rapida"": 9}",trail3R,reducido50,todos,short,590,0.0243,-266.49,-0.0071,busqueda_24m
1790810557,1,ema_cross,1440,"{""k_atr"": 2.0, ""lenta"": 21, ""rapida"": 9}",obj3R_be,reducido50,todos,ambos,1165,0.03629,844.0,0.01515,busqueda_24m
1790810557,1,ema_cross,1440,"{""k_atr"": 2.0, ""lenta"": 21, ""rapida"": 9}",obj3R_be,reducido50,todos,long,575,0.02957,740.98,0.01926,busqueda_24m
1790810557,1,ema_cross,1440,"{""k_atr"": 2.0, ""lenta"": 21, ""rapida"": 9}",obj3R_be,reducido50,todos,short,590,0.04283,103.02,0.00222,busqueda_24m
1790810557,1,ema_cross,1440,"{""k_atr"": 2.0, ""lenta"": 21, ""rapida"": 9}",obj5pct,reducido50,todos,ambos,1165,-0.01422,-464.02,-0.08668,busqueda_24m
1790810557,1,ema_cross,1440,"{""k_atr"": 2.0, ""lenta"": 21, ""rapida"": 9}",obj5pct,reducido50,todos,long,575,-0.00762,-147.59,-0.03977,busqueda_24m
1790810557,1,ema_cross,1440,"{""k_atr"": 2.0, ""lenta"": 21, ""rapida"": 9}",obj5pct,reducido50,todos,short,590,-0.02065,-316.43,-0.07946,busqueda_24m
1790810557,1,ema_cross,1440,"{""k_atr"": 2.0, ""lenta"": 21, ""rapida"": 9}",obj10pct,reducido50,todos,ambos,1165,-0.01585,-563.92,-0.07543,busqueda_24m
1790810557,1,ema_cross,1440,"{""k_atr"": 2.0, ""lenta"": 21, ""rapida"": 9}",obj10pct,reducido50,todos,long,575,-0.00241,-141.5,-0.02615,busqueda_24m
1790810557,1,ema_cross,1440,"{""k_atr"": 2.0, ""lenta"": 21, ""rapida"": 9}",obj10pct,reducido50,todos,short,590,-0.02896,-422.42,-0.07592,busqueda_24m
1790810557,1,ema_cross,1440,"{""k_atr"": 2.0, ""lenta"": 21, ""rapida"": 9}",obj20pct,reducido50,todos,ambos,1165,-0.00788,-416.62,-0.03877,busqueda_24m
1790810557,1,ema_cross,1440,"{""k_atr"": 2.0, ""lenta"": 21, ""rapida"": 9}",obj20pct,reducido50,todos,long,575,0.00954,1.53,0.00019,busqueda_24m
1790810557,1,ema_cross,1440,"{""k_atr"": 2.0, ""lenta"": 21, ""rapida"": 9}",obj20pct,reducido50,todos,short,590,-0.02486,-418.16,-0.04979,busqueda_24m
1790810557,1,ema_cross,1440,"{""k_atr"": 2.0, ""lenta"": 21, ""rapida"": 9}",obj30pct,reducido50,todos,ambos,1165,-0.0093,-413.25,-0.02877,busqueda_24m
1790810557,1,ema_cross,1440,"{""k_atr"": 2.0, ""lenta"": 21, ""rapida"": 9}",obj30pct,reducido50,todos,long,575,-0.00806,-256.22,-0.02113,busqueda_24m
1790810557,1,ema_cross,1440,"{""k_atr"": 2.0, ""lenta"": 21, ""rapida"": 9}",obj30pct,reducido50,todos,short,590,-0.0105,-157.03,-0.01503,busqueda_24m
1790810557,1,ema_cross,1440,"{""k_atr"": 2.0, ""lenta"": 21, ""rapida"": 9}",obj50pct,reducido50,todos,ambos,1165,-0.0064,-350.64,-0.01826,busqueda_24m
1790810557,1,ema_cross,1440,"{""k_atr"": 2.0, ""lenta"": 21, ""rapida"": 9}",obj50pct,reducido50,todos,long,575,-0.01708,-460.03,-0.0281,busqueda_24m
1790810557,1,ema_cross,1440,"{""k_atr"": 2.0, ""lenta"": 21, ""rapida"": 9}",obj50pct,reducido50,todos,short,590,0.00401,109.38,0.00688,busqueda_24m
1790810557,1,ema_cross,1440,"{""k_atr"": 2.0, ""lenta"": 21, ""rapida"": 9}",obj1R,reducido50,todos,ambos,1165,-0.0339,-646.05,-0.02218,busqueda_24m
1790810557,1,ema_cross,1440,"{""k_atr"": 2.0, ""lenta"": 21, ""rapida"": 9}",obj1R,reducido50,todos,long,590,-0.06146,-848.74,-0.02717,busqueda_24m
1790810557,1,ema_cross,1440,"{""k_atr"": 2.0, ""lenta"": 21, ""rapida"": 9}",obj1R,reducido50,todos,short,575,-0.00562,202.69,0.00723,busqueda_24m
1790810557,1,ema_cross,1440,"{""k_atr"": 2.0, ""lenta"": 21, ""rapida"": 9}",obj2R,reducido50,todos,ambos,1165,-0.05978,-1863.79,-0.05247,busqueda_24m
1790810557,1,ema_cross,1440,"{""k_atr"": 2.0, ""lenta"": 21, ""rapida"": 9}",obj2R,reducido50,todos,long,590,-0.07348,-1570.09,-0.04491,busqueda_24m
1790810557,1,ema_cross,1440,"{""k_atr"": 2.0, ""lenta"": 21, ""rapida"": 9}",obj2R,reducido50,todos,short,575,-0.04573,-293.71,-0.00829,busqueda_24m
1790810557,1,ema_cross,1440,"{""k_atr"": 2.0, ""lenta"": 21, ""rapida"": 9}",obj3R,reducido50,todos,ambos,1165,-0.04927,-1250.78,-0.02284,busqueda_24m
1790810557,1,ema_cross,1440,"{""k_atr"": 2.0, ""lenta"": 21, ""rapida"": 9}",obj3R,reducido50,todos,long,590,-0.05283,-811.49,-0.02037,busqueda_24m
1790810557,1,ema_cross,1440,"{""k_atr"": 2.0, ""lenta"": 21, ""rapida"": 9}",obj3R,reducido50,todos,short,575,-0.04561,-439.29,-0.00864,busqueda_24m
1790810557,1,ema_cross,1440,"{""k_atr"": 2.0, ""lenta"": 21, ""rapida"": 9}",trail2R,reducido50,todos,ambos,1165,-0.02352,-881.95,-0.01376,busqueda_24m
1790810557,1,ema_cross,1440,"{""k_atr"": 2.0, ""lenta"": 21, ""rapida"": 9}",trail2R,reducido50,todos,long,590,-0.06894,-1217.8,-0.03287,busqueda_24m
1790810557,1,ema_cross,1440,"{""k_atr"": 2.0, ""lenta"": 21, ""rapida"": 9}",trail2R,reducido50,todos,short,575,0.02308,335.85,0.00553,busqueda_24m
1790810557,1,ema_cross,1440,"{""k_atr"": 2.0, ""lenta"": 21, ""rapida"": 9}",trail3R,reducido50,todos,ambos,1165,-0.0323,-1096.52,-0.0192,busqueda_24m
1790810557,1,ema_cross,1440,"{""k_atr"": 2.0, ""lenta"": 21, ""rapida"": 9}",trail3R,reducido50,todos,long,590,-0.04515,-893.43,-0.02113,busqueda_24m
1790810557,1,ema_cross,1440,"{""k_atr"": 2.0, ""lenta"": 21, ""rapida"": 9}",trail3R,reducido50,todos,short,575,-0.0191,-203.09,-0.00425,busqueda_24m
1790810557,1,ema_cross,1440,"{""k_atr"": 2.0, ""lenta"": 21, ""rapida"": 9}",obj3R_be,reducido50,todos,ambos,1165,-0.04803,-1236.12,-0.02351,busqueda_24m
1790810557,1,ema_cross,1440,"{""k_atr"": 2.0, ""lenta"": 21, ""rapida"": 9}",obj3R_be,reducido50,todos,long,590,-0.05622,-928.18,-0.02421,busqueda_24m
1790810557,1,ema_cross,1440,"{""k_atr"": 2.0, ""lenta"": 21, ""rapida"": 9}",obj3R_be,reducido50,todos,short,575,-0.03961,-307.94,-0.00634,busqueda_24m
1790810557,1,ema_cross,1440,"{""k_atr"": 2.0, ""lenta"": 21, ""rapida"": 9}",obj5pct,reducido50,todos,ambos,1165,-0.00942,-248.59,-0.0518,busqueda_24m
1790810557,1,ema_cross,1440,"{""k_atr"": 2.0, ""lenta"": 21, ""rapida"": 9}",obj5pct,reducido50,todos,long,590,-0.00189,-55.93,-0.01638,busqueda_24m
1790810557,1,ema_cross,1440,"{""k_atr"": 2.0, ""lenta"": 21, ""rapida"": 9}",obj5pct,reducido50,todos,short,575,-0.01715,-192.65,-0.05841,busqueda_24m
1790810557,1,ema_cross,1440,"{""k_atr"": 2.0, ""lenta"": 21, ""rapida"": 9}",obj10pct,reducido50,todos,ambos,1165,-0.01356,-342.34,-0.04817,busqueda_24m
1790810557,1,ema_cross,1440,"{""k_atr"": 2.0, ""lenta"": 21, ""rapida"": 9}",obj10pct,reducido50,todos,long,590,0.00078,75.29,0.01549,busqueda_24m
1790810557,1,ema_cross,1440,"{""k_atr"": 2.0, ""lenta"": 21, ""rapida"": 9}",obj10pct,reducido50,todos,short,575,-0.02826,-417.63,-0.08154,busqueda_24m
1790810557,1,ema_cross,1440,"{""k_atr"": 2.0, ""lenta"": 21, ""rapida"": 9}",obj20pct,reducido50,todos,ambos,1165,-0.01934,-353.74,-0.03281,busqueda_24m
1790810557,1,ema_cross,1440,"{""k_atr"": 2.0, ""lenta"": 21, ""rapida"": 9}",obj20pct,reducido50,todos,long,590,-0.00576,84.81,0.01077,busqueda_24m
1790810557,1,ema_cross,1440,"{""k_atr"": 2.0, ""lenta"": 21, ""rapida"": 9}",obj20pct,reducido50,todos,short,575,-0.03327,-438.56,-0.05767,busqueda_24m
1790810557,1,ema_cross,1440,"{""k_atr"": 2.0, ""lenta"": 21, ""rapida"": 9}",obj30pct,reducido50,todos,ambos,1165,-0.03514,-832.48,-0.05647,busqueda_24m
1790810557,1,ema_cross,1440,"{""k_atr"": 2.0, ""lenta"": 21, ""rapida"": 9}",obj30pct,reducido50,todos,long,590,-0.02365,-174.75,-0.01562,busqueda_24m
1790810557,1,ema_cross,1440,"{""k_atr"": 2.0, ""lenta"": 21, ""rapida"": 9}",obj30pct,reducido50,todos,short,575,-0.04694,-657.73,-0.06393,busqueda_24m
1790810557,1,ema_cross,1440,"{""k_atr"": 2.0, ""lenta"": 21, ""rapida"": 9}",obj50pct,reducido50,todos,ambos,1165,-0.05117,-1406.76,-0.06851,busqueda_24m
1790810557,1,ema_cross,1440,"{""k_atr"": 2.0, ""lenta"": 21, ""rapida"": 9}",obj50pct,reducido50,todos,long,590,-0.055,-771.84,-0.04767,busqueda_24m
1790810557,1,ema_cross,1440,"{""k_atr"": 2.0, ""lenta"": 21, ""rapida"": 9}",obj50pct,reducido50,todos,short,575,-0.04724,-634.92,-0.04425,busqueda_24m
1790810557,1,ema_cross,1440,"{""k_atr"": 2.0, ""lenta"": 50, ""rapida"": 20}",obj1R,reducido50,todos,ambos,497,-0.01908,-36.88,-0.00172,busqueda_24m
1790810557,1,ema_cross,1440,"{""k_atr"": 2.0, ""lenta"": 50, ""rapida"": 20}",obj1R,reducido50,todos,long,248,-0.06491,-302.8,-0.02161,busqueda_24m
1790810557,1,ema_cross,1440,"{""k_atr"": 2.0, ""lenta"": 50, ""rapida"": 20}",obj1R,reducido50,todos,short,249,0.02656,265.93,0.01436,busqueda_24m
1790810557,1,ema_cross,1440,"{""k_atr"": 2.0, ""lenta"": 50, ""rapida"": 20}",obj2R,reducido50,todos,ambos,497,-0.0186,-78.96,-0.00296,busqueda_24m
1790810557,1,ema_cross,1440,"{""k_atr"": 2.0, ""lenta"": 50, ""rapida"": 20}",obj2R,reducido50,todos,long,248,-0.11635,-559.97,-0.02882,busqueda_24m
1790810557,1,ema_cross,1440,"{""k_atr"": 2.0, ""lenta"": 50, ""rapida"": 20}",obj2R,reducido50,todos,short,249,0.07875,481.01,0.02421,busqueda_24m
1790810557,1,ema_cross,1440,"{""k_atr"": 2.0, ""lenta"": 50, ""rapida"": 20}",obj3R,reducido50,todos,ambos,497,0.0647,1073.14,0.03621,busqueda_24m
1790810557,1,ema_cross,1440,"{""k_atr"": 2.0, ""lenta"": 50, ""rapida"": 20}",obj3R,reducido50,todos,long,248,0.00255,375.74,0.01712,busqueda_24m
1790810557,1,ema_cross,1440,"{""k_atr"": 2.0, ""lenta"": 50, ""rapida"": 20}",obj3R,reducido50,todos,short,249,0.12659,697.4,0.03138,busqueda_24m
1790810557,1,ema_cross,1440,"{""k_atr"": 2.0, ""lenta"": 50, ""rapida"": 20}",trail2R,reducido50,todos,ambos,497,0.02808,214.33,0.00834,busqueda_24m
1790810557,1,ema_cross,1440,"{""k_atr"": 2.0, ""lenta"": 50, ""rapida"": 20}",trail2R,reducido50,todos,long,248,-0.03605,-216.74,-0.01092,busqueda_24m
1790810557,1,ema_cross,1440,"{""k_atr"": 2.0, ""lenta"": 50, ""rapida"": 20}",trail2R,reducido50,todos,short,249,0.09195,431.07,0.02424,busqueda_24m
1790810557,1,ema_cross,1440,"{""k_atr"": 2.0, ""lenta"": 50, ""rapida"": 20}",trail3R,reducido50,todos,ambos,497,0.01752,190.17,0.00709,busqueda_24m
1790810557,1,ema_cross,1440,"{""k_atr"": 2.0, ""lenta"": 50, ""rapida"": 20}",trail3R,reducido50,todos,long,248,-0.05831,-214.04,-0.00998,busqueda_24m
1790810557,1,ema_cross,1440,"{""k_atr"": 2.0, ""lenta"": 50, ""rapida"": 20}",trail3R,reducido50,todos,short,249,0.09304,404.21,0.02362,busqueda_24m
1790810557,1,ema_cross,1440,"{""k_atr"": 2.0, ""lenta"": 50, ""rapida"": 20}",obj3R_be,reducido50,todos,ambos,497,0.02835,369.41,0.01302,busqueda_24m
1790810557,1,ema_cross,1440,"{""k_atr"": 2.0, ""lenta"": 50, ""rapida"": 20}",obj3R_be,reducido50,todos,long,248,-0.05047,-56.14,-0.00274,busqueda_24m
1790810557,1,ema_cross,1440,"{""k_atr"": 2.0, ""lenta"": 50, ""rapida"": 20}",obj3R_be,reducido50,todos,short,249,0.10684,425.55,0.01945,busqueda_24m
1790810557,1,ema_cross,1440,"{""k_atr"": 2.0, ""lenta"": 50, ""rapida"": 20}",obj5pct,reducido50,todos,ambos,497,-0.02189,-224.56,-0.07282,busqueda_24m
1790810557,1,ema_cross,1440,"{""k_atr"": 2.0, ""lenta"": 50, ""rapida"": 20}",obj5pct,reducido50,todos,long,248,-0.00531,12.53,0.00834,busqueda_24m
1790810557,1,ema_cross,1440,"{""k_atr"": 2.0, ""lenta"": 50, ""rapida"": 20}",obj5pct,reducido50,todos,short,249,-0.0384,-237.09,-0.08738,busqueda_24m
1790810557,1,ema_cross,1440,"{""k_atr"": 2.0, ""lenta"": 50, ""rapida"": 20}",obj10pct,reducido50,todos,ambos,497,-0.0208,-221.71,-0.05154,busqueda_24m
1790810557,1,ema_cross,1440,"{""k_atr"": 2.0, ""lenta"": 50, ""rapida"": 20}",obj10pct,reducido50,todos,long,248,0.00076,46.56,0.01983,busqueda_24m
1790810557,1,ema_cross,1440,"{""k_atr"": 2.0, ""lenta"": 50, ""rapida"": 20}",obj10pct,reducido50,todos,short,249,-0.04227,-268.28,-0.07273,busqueda_24m
1790810557,1,ema_cross,1440,"{""k_atr"": 2.0, ""lenta"": 50, ""rapida"": 20}",obj20pct,reducido50,todos,ambos,497,-0.02544,-310.44,-0.05066,busqueda_24m
1790810557,1,ema_cross,1440,"{""k_atr"": 2.0, ""lenta"": 50, ""rapida"": 20}",obj20pct,reducido50,todos,long,248,-0.00457,-10.54,-0.00265,busqueda_24m
1790810557,1,ema_cross,1440,"{""k_atr"": 2.0, ""lenta"": 50, ""rapida"": 20}",obj20pct,reducido50,todos,short,249,-0.04623,-299.9,-0.0596,busqueda_24m
1790810557,1,ema_cross,1440,"{""k_atr"": 2.0, ""lenta"": 50, ""rapida"": 20}",obj30pct,reducido50,todos,ambos,497,-0.01849,-177.91,-0.02395,busqueda_24m
1790810557,1,ema_cross,1440,"{""k_atr"": 2.0, ""lenta"": 50, ""rapida"": 20}",obj30pct,reducido50,todos,long,248,-0.01189,-63.69,-0.01182,busqueda_24m
1790810557,1,ema_cross,1440,"{""k_atr"": 2.0, ""lenta"": 50, ""rapida"": 20}",obj30pct,reducido50,todos,short,249,-0.02506,-114.21,-0.0197,busqueda_24m
1790810557,1,ema_cross,1440,"{""k_atr"": 2.0, ""lenta"": 50, ""rapida"": 20}",obj50pct,reducido50,todos,ambos,497,-0.03093,-325.12,-0.03091,busqueda_24m
1790810557,1,ema_cross,1440,"{""k_atr"": 2.0, ""lenta"": 50, ""rapida"": 20}",obj50pct,reducido50,todos,long,248,-0.03942,-150.61,-0.01935,busqueda_24m
1790810557,1,ema_cross,1440,"{""k_atr"": 2.0, ""lenta"": 50, ""rapida"": 20}",obj50pct,reducido50,todos,short,249,-0.02247,-174.52,-0.02052,busqueda_24m
1790810557,1,ema_cross,1440,"{""k_atr"": 2.0, ""lenta"": 50, ""rapida"": 20}",obj1R,reducido50,todos,ambos,497,-0.03482,-738.24,-0.04002,busqueda_24m
1790810557,1,ema_cross,1440,"{""k_atr"": 2.0, ""lenta"": 50, ""rapida"": 20}",obj1R,reducido50,todos,long,249,-0.10165,-860.62,-0.05181,busqueda_24m
1790810557,1,ema_cross,1440,"{""k_atr"": 2.0, ""lenta"": 50, ""rapida"": 20}",obj1R,reducido50,todos,short,248,0.03227,122.38,0.00844,busqueda_24m
1790810557,1,ema_cross,1440,"{""k_atr"": 2.0, ""lenta"": 50, ""rapida"": 20}",obj2R,reducido50,todos,ambos,497,-0.07163,-1153.42,-0.05043,busqueda_24m
1790810557,1,ema_cross,1440,"{""k_atr"": 2.0, ""lenta"": 50, ""rapida"": 20}",obj2R,reducido50,todos,long,249,-0.13109,-1076.5,-0.05558,busqueda_24m
1790810557,1,ema_cross,1440,"{""k_atr"": 2.0, ""lenta"": 50, ""rapida"": 20}",obj2R,reducido50,todos,short,248,-0.01194,-76.92,-0.00387,busqueda_24m
1790810557,1,ema_cross,1440,"{""k_atr"": 2.0, ""lenta"": 50, ""rapida"": 20}",obj3R,reducido50,todos,ambos,497,-0.03119,-682.84,-0.02046,busqueda_24m
1790810557,1,ema_cross,1440,"{""k_atr"": 2.0, ""lenta"": 50, ""rapida"": 20}",obj3R,reducido50,todos,long,249,-0.08364,-656.7,-0.02813,busqueda_24m
1790810557,1,ema_cross,1440,"{""k_atr"": 2.0, ""lenta"": 50, ""rapida"": 20}",obj3R,reducido50,todos,short,248,0.02148,-26.14,-0.00086,busqueda_24m
1790810557,1,ema_cross,1440,"{""k_atr"": 2.0, ""lenta"": 50, ""rapida"": 20}",trail2R,reducido50,todos,ambos,497,0.04551,178.68,0.00508,busqueda_24m
1790810557,1,ema_cross,1440,"{""k_atr"": 2.0, ""lenta"": 50, ""rapida"": 20}",trail2R,reducido50,todos,long,249,-0.05061,-222.5,-0.00888,busqueda_24m
1790810557,1,ema_cross,1440,"{""k_atr"": 2.0, ""lenta"": 50, ""rapida"": 20}",trail2R,reducido50,todos,short,248,0.14201,401.18,0.01404,busqueda_24m
1790810557,1,ema_cross,1440,"{""k_atr"": 2.0, ""lenta"": 50, ""rapida"": 20}",trail3R,reducido50,todos,ambos,497,0.0657,538.02,0.01334,busqueda_24m
1790810557,1,ema_cross,1440,"{""k_atr"": 2.0, ""lenta"": 50, ""rapida"": 20}",trail3R,reducido50,todos,long,249,0.01461,288.82,0.00844,busqueda_24m
1790810557,1,ema_cross,1440,"{""k_atr"": 2.0, ""lenta"": 50, ""rapida"": 20}",trail3R,reducido50,todos,short,248,0.117,249.2,0.00993,busqueda_24m
1790810557,1,ema_cross,1440,"{""k_atr"": 2.0, ""lenta"": 50, ""rapida"": 20}",obj3R_be,reducido50,todos,ambos,497,-0.0273,-635.88,-0.01931,busqueda_24m
1790810557,1,ema_cross,1440,"{""k_atr"": 2.0, ""lenta"": 50, ""rapida"": 20}",obj3R_be,reducido50,todos,long,249,-0.0868,-632.49,-0.02748,busqueda_24m
1790810558,1,ema_cross,1440,"{""k_atr"": 2.0, ""lenta"": 50, ""rapida"": 20}",obj3R_be,reducido50,todos,short,248,0.03245,-3.39,-0.00011,busqueda_24m
1790810558,1,ema_cross,1440,"{""k_atr"": 2.0, ""lenta"": 50, ""rapida"": 20}",obj5pct,reducido50,todos,ambos,497,-0.00925,-79.97,-0.03351,busqueda_24m
1790810558,1,ema_cross,1440,"{""k_atr"": 2.0, ""lenta"": 50, ""rapida"": 20}",obj5pct,reducido50,todos,long,249,-0.00244,-2.58,-0.00162,busqueda_24m
1790810558,1,ema_cross,1440,"{""k_atr"": 2.0, ""lenta"": 50, ""rapida"": 20}",obj5pct,reducido50,todos,short,248,-0.01608,-77.39,-0.04314,busqueda_24m
1790810558,1,ema_cross,1440,"{""k_atr"": 2.0, ""lenta"": 50, ""rapida"": 20}",obj10pct,reducido50,todos,ambos,497,-0.00793,-71.55,-0.0197,busqueda_24m
1790810558,1,ema_cross,1440,"{""k_atr"": 2.0, ""lenta"": 50, ""rapida"": 20}",obj10pct,reducido50,todos,long,249,0.00102,32.47,0.01328,busqueda_24m
1790810558,1,ema_cross,1440,"{""k_atr"": 2.0, ""lenta"": 50, ""rapida"": 20}",obj10pct,reducido50,todos,short,248,-0.01692,-104.02,-0.03718,busqueda_24m
1790810558,1,ema_cross,1440,"{""k_atr"": 2.0, ""lenta"": 50, ""rapida"": 20}",obj20pct,reducido50,todos,ambos,497,-0.02323,-357.68,-0.05873,busqueda_24m
1790810558,1,ema_cross,1440,"{""k_atr"": 2.0, ""lenta"": 50, ""rapida"": 20}",obj20pct,reducido50,todos,long,249,-0.01053,-108.42,-0.02454,busqueda_24m
1790810558,1,ema_cross,1440,"{""k_atr"": 2.0, ""lenta"": 50, ""rapida"": 20}",obj20pct,reducido50,todos,short,248,-0.03598,-249.26,-0.05692,busqueda_24m
1790810558,1,ema_cross,1440,"{""k_atr"": 2.0, ""lenta"": 50, ""rapida"": 20}",obj30pct,reducido50,todos,ambos,497,-0.02367,-396.8,-0.04924,busqueda_24m
1790810558,1,ema_cross,1440,"{""k_atr"": 2.0, ""lenta"": 50, ""rapida"": 20}",obj30pct,reducido50,todos,long,249,-0.01121,-84.92,-0.01432,busqueda_24m
1790810558,1,ema_cross,1440,"{""k_atr"": 2.0, ""lenta"": 50, ""rapida"": 20}",obj30pct,reducido50,todos,short,248,-0.03618,-311.88,-0.05527,busqueda_24m
1790810558,1,ema_cross,1440,"{""k_atr"": 2.0, ""lenta"": 50, ""rapida"": 20}",obj50pct,reducido50,todos,ambos,497,-0.02057,-396.16,-0.0352,busqueda_24m
1790810558,1,ema_cross,1440,"{""k_atr"": 2.0, ""lenta"": 50, ""rapida"": 20}",obj50pct,reducido50,todos,long,249,-0.02922,-199.68,-0.02486,busqueda_24m
1790810558,1,ema_cross,1440,"{""k_atr"": 2.0, ""lenta"": 50, ""rapida"": 20}",obj50pct,reducido50,todos,short,248,-0.01188,-196.49,-0.02449,busqueda_24m
1790810558,1,ema_cross,1440,"{""k_atr"": 2.0, ""lenta"": 200, ""rapida"": 50}",obj1R,reducido50,todos,ambos,110,0.14494,559.59,0.05703,busqueda_24m
1790810558,1,ema_cross,1440,"{""k_atr"": 2.0, ""lenta"": 200, ""rapida"": 50}",obj1R,reducido50,todos,long,52,0.15469,221.18,0.03812,busqueda_24m
1790810558,1,ema_cross,1440,"{""k_atr"": 2.0, ""lenta"": 200, ""rapida"": 50}",obj1R,reducido50,todos,short,58,0.13621,338.41,0.04256,busqueda_24m
1790810558,1,ema_cross,1440,"{""k_atr"": 2.0, ""lenta"": 200, ""rapida"": 50}",obj2R,reducido50,todos,ambos,110,0.15435,619.79,0.05715,busqueda_24m
1790810558,1,ema_cross,1440,"{""k_atr"": 2.0, ""lenta"": 200, ""rapida"": 50}",obj2R,reducido50,todos,long,52,0.12616,153.48,0.0213,busqueda_24m
1790810558,1,ema_cross,1440,"{""k_atr"": 2.0, ""lenta"": 200, ""rapida"": 50}",obj2R,reducido50,todos,short,58,0.17962,466.31,0.05642,busqueda_24m
1790810558,1,ema_cross,1440,"{""k_atr"": 2.0, ""lenta"": 200, ""rapida"": 50}",obj3R,reducido50,todos,ambos,110,0.14023,505.94,0.04446,busqueda_24m
1790810558,1,ema_cross,1440,"{""k_atr"": 2.0, ""lenta"": 200, ""rapida"": 50}",obj3R,reducido50,todos,long,52,0.11639,74.3,0.0088,busqueda_24m
1790810558,1,ema_cross,1440,"{""k_atr"": 2.0, ""lenta"": 200, ""rapida"": 50}",obj3R,reducido50,todos,short,58,0.16161,431.65,0.05491,busqueda_24m
1790810558,1,ema_cross,1440,"{""k_atr"": 2.0, ""lenta"": 200, ""rapida"": 50}",trail2R,reducido50,todos,ambos,110,0.15579,537.84,0.0491,busqueda_24m
1790810558,1,ema_cross,1440,"{""k_atr"": 2.0, ""lenta"": 200, ""rapida"": 50}",trail2R,reducido50,todos,long,52,0.15295,110.64,0.01405,busqueda_24m
1790810558,1,ema_cross,1440,"{""k_atr"": 2.0, ""lenta"": 200, ""rapida"": 50}",trail2R,reducido50,todos,short,58,0.15834,427.2,0.05449,busqueda_24m
1790810558,1,ema_cross,1440,"{""k_atr"": 2.0, ""lenta"": 200, ""rapida"": 50}",trail3R,reducido50,todos,ambos,110,0.32491,929.86,0.05517,busqueda_24m
1790810558,1,ema_cross,1440,"{""k_atr"": 2.0, ""lenta"": 200, ""rapida"": 50}",trail3R,reducido50,todos,long,52,0.52773,532.85,0.0352,busqueda_24m
1790810558,1,ema_cross,1440,"{""k_atr"": 2.0, ""lenta"": 200, ""rapida"": 50}",trail3R,reducido50,todos,short,58,0.14307,397.0,0.05222,busqueda_24m
1790810558,1,ema_cross,1440,"{""k_atr"": 2.0, ""lenta"": 200, ""rapida"": 50}",obj3R_be,reducido50,todos,ambos,110,0.17835,648.16,0.05924,busqueda_24m
1790810558,1,ema_cross,1440,"{""k_atr"": 2.0, ""lenta"": 200, ""rapida"": 50}",obj3R_be,reducido50,todos,long,52,0.19854,217.86,0.02778,busqueda_24m
1790810558,1,ema_cross,1440,"{""k_atr"": 2.0, ""lenta"": 200, ""rapida"": 50}",obj3R_be,reducido50,todos,short,58,0.16025,430.3,0.05473,busqueda_24m
1790810558,1,ema_cross,1440,"{""k_atr"": 2.0, ""lenta"": 200, ""rapida"": 50}",obj5pct,reducido50,todos,ambos,110,-0.00527,21.24,0.02359,busqueda_24m
1790810558,1,ema_cross,1440,"{""k_atr"": 2.0, ""lenta"": 200, ""rapida"": 50}",obj5pct,reducido50,todos,long,52,0.00409,18.42,0.03495,busqueda_24m
1790810558,1,ema_cross,1440,"{""k_atr"": 2.0, ""lenta"": 200, ""rapida"": 50}",obj5pct,reducido50,todos,short,58,-0.01367,2.81,0.00378,busqueda_24m
1790810558,1,ema_cross,1440,"{""k_atr"": 2.0, ""lenta"": 200, ""rapida"": 50}",obj10pct,reducido50,todos,ambos,110,-0.002,20.32,0.01314,busqueda_24m
1790810558,1,ema_cross,1440,"{""k_atr"": 2.0, ""lenta"": 200, ""rapida"": 50}",obj10pct,reducido50,todos,long,52,0.00999,4.1,0.00366,busqueda_24m
1790810558,1,ema_cross,1440,"{""k_atr"": 2.0, ""lenta"": 200, ""rapida"": 50}",obj10pct,reducido50,todos,short,58,-0.01275,16.22,0.0146,busqueda_24m
1790810558,1,ema_cross,1440,"{""k_atr"": 2.0, ""lenta"": 200, ""rapida"": 50}",obj20pct,reducido50,todos,ambos,110,0.0156,106.14,0.05086,busqueda_24m
1790810558,1,ema_cross,1440,"{""k_atr"": 2.0, ""lenta"": 200, ""rapida"": 50}",obj20pct,reducido50,todos,long,52,0.03627,53.0,0.03803,busqueda_24m
1790810558,1,ema_cross,1440,"{""k_atr"": 2.0, ""lenta"": 200, ""rapida"": 50}",obj20pct,reducido50,todos,short,58,-0.00292,53.14,0.03279,busqueda_24m
1790810558,1,ema_cross,1440,"{""k_atr"": 2.0, ""lenta"": 200, ""rapida"": 50}",obj30pct,reducido50,todos,ambos,110,0.02654,120.2,0.04295,busqueda_24m
1790810558,1,ema_cross,1440,"{""k_atr"": 2.0, ""lenta"": 200, ""rapida"": 50}",obj30pct,reducido50,todos,long,52,0.05245,67.28,0.03686,busqueda_24m
1790810558,1,ema_cross,1440,"{""k_atr"": 2.0, ""lenta"": 200, ""rapida"": 50}",obj30pct,reducido50,todos,short,58,0.00331,52.92,0.02368,busqueda_24m
1790810558,1,ema_cross,1440,"{""k_atr"": 2.0, ""lenta"": 200, ""rapida"": 50}",obj50pct,reducido50,todos,ambos,110,0.05536,241.41,0.06207,busqueda_24m
1790810558,1,ema_cross,1440,"{""k_atr"": 2.0, ""lenta"": 200, ""rapida"": 50}",obj50pct,reducido50,todos,long,52,0.06717,89.29,0.03344,busqueda_24m
1790810558,1,ema_cross,1440,"{""k_atr"": 2.0, ""lenta"": 200, ""rapida"": 50}",obj50pct,reducido50,todos,short,58,0.04478,152.12,0.05198,busqueda_24m
1790810558,1,ema_cross,1440,"{""k_atr"": 2.0, ""lenta"": 200, ""rapida"": 50}",obj1R,reducido50,todos,ambos,110,-0.2111,-792.05,-0.10049,busqueda_24m
1790810558,1,ema_cross,1440,"{""k_atr"": 2.0, ""lenta"": 200, ""rapida"": 50}",obj1R,reducido50,todos,long,58,-0.27129,-601.22,-0.10099,busqueda_24m
1790810558,1,ema_cross,1440,"{""k_atr"": 2.0, ""lenta"": 200, ""rapida"": 50}",obj1R,reducido50,todos,short,52,-0.14396,-190.83,-0.03512,busqueda_24m
1790810558,1,ema_cross,1440,"{""k_atr"": 2.0, ""lenta"": 200, ""rapida"": 50}",obj2R,reducido50,todos,ambos,110,-0.25521,-985.61,-0.11297,busqueda_24m
1790810558,1,ema_cross,1440,"{""k_atr"": 2.0, ""lenta"": 200, ""rapida"": 50}",obj2R,reducido50,todos,long,58,-0.28253,-654.64,-0.10075,busqueda_24m
1790810558,1,ema_cross,1440,"{""k_atr"": 2.0, ""lenta"": 200, ""rapida"": 50}",obj2R,reducido50,todos,short,52,-0.22474,-330.97,-0.05448,busqueda_24m
1790810558,1,ema_cross,1440,"{""k_atr"": 2.0, ""lenta"": 200, ""rapida"": 50}",obj3R,reducido50,todos,ambos,110,-0.2563,-973.84,-0.11172,busqueda_24m
1790810558,1,ema_cross,1440,"{""k_atr"": 2.0, ""lenta"": 200, ""rapida"": 50}",obj3R,reducido50,todos,long,58,-0.28543,-657.69,-0.10224,busqueda_24m
1790810558,1,ema_cross,1440,"{""k_atr"": 2.0, ""lenta"": 200, ""rapida"": 50}",obj3R,reducido50,todos,short,52,-0.2238,-316.15,-0.04965,busqueda_24m
1790810558,1,ema_cross,1440,"{""k_atr"": 2.0, ""lenta"": 200, ""rapida"": 50}",trail2R,reducido50,todos,ambos,110,-0.28332,-1065.71,-0.12878,busqueda_24m
1790810558,1,ema_cross,1440,"{""k_atr"": 2.0, ""lenta"": 200, ""rapida"": 50}",trail2R,reducido50,todos,long,58,-0.30372,-693.32,-0.11389,busqueda_24m
1790810558,1,ema_cross,1440,"{""k_atr"": 2.0, ""lenta"": 200, ""rapida"": 50}",trail2R,reducido50,todos,short,52,-0.26056,-372.38,-0.06335,busqueda_24m
1790810558,1,ema_cross,1440,"{""k_atr"": 2.0, ""lenta"": 200, ""rapida"": 50}",trail3R,reducido50,todos,ambos,110,-0.29497,-1122.28,-0.14055,busqueda_24m
1790810558,1,ema_cross,1440,"{""k_atr"": 2.0, ""lenta"": 200, ""rapida"": 50}",trail3R,reducido50,todos,long,58,-0.32102,-727.02,-0.12346,busqueda_24m
1790810558,1,ema_cross,1440,"{""k_atr"": 2.0, ""lenta"": 200, ""rapida"": 50}",trail3R,reducido50,todos,short,52,-0.26591,-395.26,-0.06958,busqueda_24m
1790810558,1,ema_cross,1440,"{""k_atr"": 2.0, ""lenta"": 200, ""rapida"": 50}",obj3R_be,reducido50,todos,ambos,110,-0.26855,-998.67,-0.11497,busqueda_24m
1790810558,1,ema_cross,1440,"{""k_atr"": 2.0, ""lenta"": 200, ""rapida"": 50}",obj3R_be,reducido50,todos,long,58,-0.28543,-657.69,-0.10224,busqueda_24m
1790810558,1,ema_cross,1440,"{""k_atr"": 2.0, ""lenta"": 200, ""rapida"": 50}",obj3R_be,reducido50,todos,short,52,-0.24972,-340.98,-0.05388,busqueda_24m
1790810558,1,ema_cross,1440,"{""k_atr"": 2.0, ""lenta"": 200, ""rapida"": 50}",obj5pct,reducido50,todos,ambos,110,0.00132,23.96,0.02636,busqueda_24m
1790810558,1,ema_cross,1440,"{""k_atr"": 2.0, ""lenta"": 200, ""rapida"": 50}",obj5pct,reducido50,todos,long,58,-0.01028,4.56,0.0064,busqueda_24m
1790810558,1,ema_cross,1440,"{""k_atr"": 2.0, ""lenta"": 200, ""rapida"": 50}",obj5pct,reducido50,todos,short,52,0.01427,19.41,0.03434,busqueda_24m
1790810558,1,ema_cross,1440,"{""k_atr"": 2.0, ""lenta"": 200, ""rapida"": 50}",obj10pct,reducido50,todos,ambos,110,0.00113,23.26,0.01468,busqueda_24m
1790810558,1,ema_cross,1440,"{""k_atr"": 2.0, ""lenta"": 200, ""rapida"": 50}",obj10pct,reducido50,todos,long,58,-0.0144,-4.02,-0.00329,busqueda_24m
1790810558,1,ema_cross,1440,"{""k_atr"": 2.0, ""lenta"": 200, ""rapida"": 50}",obj10pct,reducido50,todos,short,52,0.01844,27.28,0.02709,busqueda_24m
1790810558,1,ema_cross,1440,"{""k_atr"": 2.0, ""lenta"": 200, ""rapida"": 50}",obj20pct,reducido50,todos,ambos,110,-0.06515,-195.29,-0.06842,busqueda_24m
1790810558,1,ema_cross,1440,"{""k_atr"": 2.0, ""lenta"": 200, ""rapida"": 50}",obj20pct,reducido50,todos,long,58,-0.07513,-109.48,-0.05254,busqueda_24m
1790810558,1,ema_cross,1440,"{""k_atr"": 2.0, ""lenta"": 200, ""rapida"": 50}",obj20pct,reducido50,todos,short,52,-0.05402,-85.81,-0.04389,busqueda_24m
1790810558,1,ema_cross,1440,"{""k_atr"": 2.0, ""lenta"": 200, ""rapida"": 50}",obj30pct,reducido50,todos,ambos,110,-0.06389,-170.26,-0.04948,busqueda_24m
1790810558,1,ema_cross,1440,"{""k_atr"": 2.0, ""lenta"": 200, ""rapida"": 50}",obj30pct,reducido50,todos,long,58,-0.09377,-146.4,-0.0536,busqueda_24m
1790810558,1,ema_cross,1440,"{""k_atr"": 2.0, ""lenta"": 200, ""rapida"": 50}",obj30pct,reducido50,todos,short,52,-0.03056,-23.86,-0.01139,busqueda_24m
1790810558,1,ema_cross,1440,"{""k_atr"": 2.0, ""lenta"": 200, ""rapida"": 50}",obj50pct,reducido50,todos,ambos,110,-0.07221,-150.57,-0.0347,busqueda_24m
1790810558,1,ema_cross,1440,"{""k_atr"": 2.0, ""lenta"": 200, ""rapida"": 50}",obj50pct,reducido50,todos,long,58,-0.07577,-109.92,-0.03297,busqueda_24m
1790810558,1,ema_cross,1440,"{""k_atr"": 2.0, ""lenta"": 200, ""rapida"": 50}",obj50pct,reducido50,todos,short,52,-0.06824,-40.65,-0.01462,busqueda_24m
1790810558,1,donchian,1440,"{""k_atr"": 2.0, ""n"": 20}",obj1R,reducido50,todos,ambos,2461,-0.01797,-2373.0,-0.02467,busqueda_24m
1790810558,1,donchian,1440,"{""k_atr"": 2.0, ""n"": 20}",obj1R,reducido50,todos,long,1021,-0.03215,-678.2,-0.01492,busqueda_24m
1790810558,1,donchian,1440,"{""k_atr"": 2.0, ""n"": 20}",obj1R,reducido50,todos,short,1440,-0.00792,-1694.8,-0.01942,busqueda_24m
1790810558,1,donchian,1440,"{""k_atr"": 2.0, ""n"": 20}",obj2R,reducido50,todos,ambos,2461,-0.0404,-5754.92,-0.0619,busqueda_24m
1790810558,1,donchian,1440,"{""k_atr"": 2.0, ""n"": 20}",obj2R,reducido50,todos,long,1021,-0.02391,-377.78,-0.00641,busqueda_24m
1790810558,1,donchian,1440,"{""k_atr"": 2.0, ""n"": 20}",obj2R,reducido50,todos,short,1440,-0.05209,-5377.14,-0.07017,busqueda_24m
1790810558,1,donchian,1440,"{""k_atr"": 2.0, ""n"": 20}",obj3R,reducido50,todos,ambos,2461,-0.03624,-6183.39,-0.06335,busqueda_24m
1790810558,1,donchian,1440,"{""k_atr"": 2.0, ""n"": 20}",obj3R,reducido50,todos,long,1021,-0.00724,-224.24,-0.00342,busqueda_24m
1790810558,1,donchian,1440,"{""k_atr"": 2.0, ""n"": 20}",obj3R,reducido50,todos,short,1440,-0.0568,-5959.15,-0.07606,busqueda_24m
1790810558,1,donchian,1440,"{""k_atr"": 2.0, ""n"": 20}",trail2R,reducido50,todos,ambos,2461,-0.05793,-7428.43,-0.08173,busqueda_24m
1790810558,1,donchian,1440,"{""k_atr"": 2.0, ""n"": 20}",trail2R,reducido50,todos,long,1021,-0.03173,-815.78,-0.01434,busqueda_24m
1790810558,1,donchian,1440,"{""k_atr"": 2.0, ""n"": 20}",trail2R,reducido50,todos,short,1440,-0.0765,-6612.65,-0.08835,busqueda_24m
1790810558,1,donchian,1440,"{""k_atr"": 2.0, ""n"": 20}",trail3R,reducido50,todos,ambos,2461,-0.02844,-5892.08,-0.05653,busqueda_24m
1790810558,1,donchian,1440,"{""k_atr"": 2.0, ""n"": 20}",trail3R,reducido50,todos,long,1021,0.03364,732.75,0.00963,busqueda_24m
1790810558,1,donchian,1440,"{""k_atr"": 2.0, ""n"": 20}",trail3R,reducido50,todos,short,1440,-0.07245,-6624.83,-0.08841,busqueda_24m
1790810558,1,donchian,1440,"{""k_atr"": 2.0, ""n"": 20}",obj3R_be,reducido50,todos,ambos,2461,-0.04666,-6850.84,-0.07441,busqueda_24m
1790810558,1,donchian,1440,"{""k_atr"": 2.0, ""n"": 20}",obj3R_be,reducido50,todos,long,1021,-0.02536,-670.51,-0.01139,busqueda_24m
1790810558,1,donchian,1440,"{""k_atr"": 2.0, ""n"": 20}",obj3R_be,reducido50,todos,short,1440,-0.06176,-6180.33,-0.08125,busqueda_24m
1790810558,1,donchian,1440,"{""k_atr"": 2.0, ""n"": 20}",obj5pct,reducido50,todos,ambos,2461,-0.01593,-1285.85,-0.10904,busqueda_24m
1790810558,1,donchian,1440,"{""k_atr"": 2.0, ""n"": 20}",obj5pct,reducido50,todos,long,1021,-0.01474,-364.02,-0.06957,busqueda_24m
1790810558,1,donchian,1440,"{""k_atr"": 2.0, ""n"": 20}",obj5pct,reducido50,todos,short,1440,-0.01678,-921.83,-0.08669,busqueda_24m
1790810558,1,donchian,1440,"{""k_atr"": 2.0, ""n"": 20}",obj10pct,reducido50,todos,ambos,2461,-0.01143,-966.07,-0.06086,busqueda_24m
1790810558,1,donchian,1440,"{""k_atr"": 2.0, ""n"": 20}",obj10pct,reducido50,todos,long,1021,-0.00628,-147.99,-0.02035,busqueda_24m
1790810558,1,donchian,1440,"{""k_atr"": 2.0, ""n"": 20}",obj10pct,reducido50,todos,short,1440,-0.01508,-818.08,-0.05755,busqueda_24m
1790810558,1,donchian,1440,"{""k_atr"": 2.0, ""n"": 20}",obj20pct,reducido50,todos,ambos,2461,0.00239,13.53,0.00062,busqueda_24m
1790810558,1,donchian,1440,"{""k_atr"": 2.0, ""n"": 20}",obj20pct,reducido50,todos,long,1021,0.01196,289.93,0.02627,busqueda_24m
1790810558,1,donchian,1440,"{""k_atr"": 2.0, ""n"": 20}",obj20pct,reducido50,todos,short,1440,-0.0044,-276.4,-0.01426,busqueda_24m
1790810558,1,donchian,1440,"{""k_atr"": 2.0, ""n"": 20}",obj30pct,reducido50,todos,ambos,2461,0.00963,853.07,0.0299,busqueda_24m
1790810558,1,donchian,1440,"{""k_atr"": 2.0, ""n"": 20}",obj30pct,reducido50,todos,long,1021,0.00858,247.99,0.01601,busqueda_24m
1790810558,1,donchian,1440,"{""k_atr"": 2.0, ""n"": 20}",obj30pct,reducido50,todos,short,1440,0.01038,605.09,0.02438,busqueda_24m
1790810558,1,donchian,1440,"{""k_atr"": 2.0, ""n"": 20}",obj50pct,reducido50,todos,ambos,2461,0.01477,1774.22,0.04331,busqueda_24m
1790810558,1,donchian,1440,"{""k_atr"": 2.0, ""n"": 20}",obj50pct,reducido50,todos,long,1021,-0.01622,-300.41,-0.01346,busqueda_24m
1790810558,1,donchian,1440,"{""k_atr"": 2.0, ""n"": 20}",obj50pct,reducido50,todos,short,1440,0.03675,2074.63,0.05792,busqueda_24m
1790810558,1,donchian,1440,"{""k_atr"": 2.0, ""n"": 20}",obj1R,reducido50,todos,ambos,2461,-0.04058,-4023.43,-0.04764,busqueda_24m
1790810558,1,donchian,1440,"{""k_atr"": 2.0, ""n"": 20}",obj1R,reducido50,todos,long,1440,-0.06683,-3807.78,-0.05068,busqueda_24m
1790810558,1,donchian,1440,"{""k_atr"": 2.0, ""n"": 20}",obj1R,reducido50,todos,short,1021,-0.00355,-215.65,-0.00455,busqueda_24m
1790810558,1,donchian,1440,"{""k_atr"": 2.0, ""n"": 20}",obj2R,reducido50,todos,ambos,2461,-0.03304,-4314.23,-0.05089,busqueda_24m
1790810558,1,donchian,1440,"{""k_atr"": 2.0, ""n"": 20}",obj2R,reducido50,todos,long,1440,-0.06717,-4396.63,-0.05164,busqueda_24m
1790810558,1,donchian,1440,"{""k_atr"": 2.0, ""n"": 20}",obj2R,reducido50,todos,short,1021,0.0151,82.4,0.00146,busqueda_24m
1790810558,1,donchian,1440,"{""k_atr"": 2.0, ""n"": 20}",obj3R,reducido50,todos,ambos,2461,-0.03053,-4272.11,-0.04927,busqueda_24m
1790810558,1,donchian,1440,"{""k_atr"": 2.0, ""n"": 20}",obj3R,reducido50,todos,long,1440,-0.06047,-3861.44,-0.04239,busqueda_24m
1790810558,1,donchian,1440,"{""k_atr"": 2.0, ""n"": 20}",obj3R,reducido50,todos,short,1021,0.01171,-410.67,-0.00611,busqueda_24m
1790810558,1,donchian,1440,"{""k_atr"": 2.0, ""n"": 20}",trail2R,reducido50,todos,ambos,2461,-0.00164,-3165.09,-0.02908,busqueda_24m
1790810558,1,donchian,1440,"{""k_atr"": 2.0, ""n"": 20}",trail2R,reducido50,todos,long,1440,-0.04519,-3269.49,-0.03142,busqueda_24m
1790810558,1,donchian,1440,"{""k_atr"": 2.0, ""n"": 20}",trail2R,reducido50,todos,short,1021,0.05977,104.4,0.00155,busqueda_24m
1790810558,1,donchian,1440,"{""k_atr"": 2.0, ""n"": 20}",trail3R,reducido50,todos,ambos,2461,-0.00078,-3246.64,-0.02789,busqueda_24m
1790810558,1,donchian,1440,"{""k_atr"": 2.0, ""n"": 20}",trail3R,reducido50,todos,long,1440,-0.0294,-2865.91,-0.02469,busqueda_24m
1790810558,1,donchian,1440,"{""k_atr"": 2.0, ""n"": 20}",trail3R,reducido50,todos,short,1021,0.03959,-380.72,-0.00618,busqueda_24m
1790810558,1,donchian,1440,"{""k_atr"": 2.0, ""n"": 20}",obj3R_be,reducido50,todos,ambos,2461,-0.03206,-4539.11,-0.05274,busqueda_24m
1790810558,1,donchian,1440,"{""k_atr"": 2.0, ""n"": 20}",obj3R_be,reducido50,todos,long,1440,-0.06028,-3960.15,-0.0446,busqueda_24m
1790810558,1,donchian,1440,"{""k_atr"": 2.0, ""n"": 20}",obj3R_be,reducido50,todos,short,1021,0.00774,-578.96,-0.00869,busqueda_24m
1790810558,1,donchian,1440,"{""k_atr"": 2.0, ""n"": 20}",obj5pct,reducido50,todos,ambos,2461,-0.01487,-1313.68,-0.06858,busqueda_24m
1790810558,1,donchian,1440,"{""k_atr"": 2.0, ""n"": 20}",obj5pct,reducido50,todos,long,1440,-0.02276,-1204.85,-0.06409,busqueda_24m
1790810558,1,donchian,1440,"{""k_atr"": 2.0, ""n"": 20}",obj5pct,reducido50,todos,short,1021,-0.00372,-108.83,-0.02905,busqueda_24m
1790810558,1,donchian,1440,"{""k_atr"": 2.0, ""n"": 20}",obj10pct,reducido50,todos,ambos,2461,-0.02469,-2036.35,-0.07642,busqueda_24m
1790810558,1,donchian,1440,"{""k_atr"": 2.0, ""n"": 20}",obj10pct,reducido50,todos,long,1440,-0.03759,-1833.71,-0.07095,busqueda_24m
1790810558,1,donchian,1440,"{""k_atr"": 2.0, ""n"": 20}",obj10pct,reducido50,todos,short,1021,-0.00649,-202.64,-0.03083,busqueda_24m
1790810558,1,donchian,1440,"{""k_atr"": 2.0, ""n"": 20}",obj20pct,reducido50,todos,ambos,2461,-0.03802,-2954.1,-0.08276,busqueda_24m
1790810558,1,donchian,1440,"{""k_atr"": 2.0, ""n"": 20}",obj20pct,reducido50,todos,long,1440,-0.05356,-2530.41,-0.07485,busqueda_24m
1790810558,1,donchian,1440,"{""k_atr"": 2.0, ""n"": 20}",obj20pct,reducido50,todos,short,1021,-0.01611,-423.69,-0.03603,busqueda_24m
1790810558,1,donchian,1440,"{""k_atr"": 2.0, ""n"": 20}",obj30pct,reducido50,todos,ambos,2461,-0.04435,-3671.1,-0.08239,busqueda_24m
1790810558,1,donchian,1440,"{""k_atr"": 2.0, ""n"": 20}",obj30pct,reducido50,todos,long,1440,-0.06204,-3091.65,-0.0737,busqueda_24m
1790810558,1,donchian,1440,"{""k_atr"": 2.0, ""n"": 20}",obj30pct,reducido50,todos,short,1021,-0.01941,-579.45,-0.03671,busqueda_24m
1790810558,1,donchian,1440,"{""k_atr"": 2.0, ""n"": 20}",obj50pct,reducido50,todos,ambos,2461,-0.05038,-4051.27,-0.0749,busqueda_24m
1790810558,1,donchian,1440,"{""k_atr"": 2.0, ""n"": 20}",obj50pct,reducido50,todos,long,1440,-0.06978,-3353.63,-0.0669,busqueda_24m
1790810558,1,donchian,1440,"{""k_atr"": 2.0, ""n"": 20}",obj50pct,reducido50,todos,short,1021,-0.02301,-697.64,-0.03203,busqueda_24m
1790810558,1,donchian,1440,"{""k_atr"": 2.0, ""n"": 55}",obj1R,reducido50,todos,ambos,1217,-0.00816,-1009.02,-0.01841,busqueda_24m
1790810558,1,donchian,1440,"{""k_atr"": 2.0, ""n"": 55}",obj1R,reducido50,todos,long,483,-0.02064,-107.3,-0.00406,busqueda_24m
1790810558,1,donchian,1440,"{""k_atr"": 2.0, ""n"": 55}",obj1R,reducido50,todos,short,734,6e-05,-901.72,-0.01862,busqueda_24m
1790810558,1,donchian,1440,"{""k_atr"": 2.0, ""n"": 55}",obj2R,reducido50,todos,ambos,1217,0.00329,-1530.36,-0.0266,busqueda_24m
1790810558,1,donchian,1440,"{""k_atr"": 2.0, ""n"": 55}",obj2R,reducido50,todos,long,483,0.07693,990.3,0.02781,busqueda_24m
1790810558,1,donchian,1440,"{""k_atr"": 2.0, ""n"": 55}",obj2R,reducido50,todos,short,734,-0.04518,-2520.66,-0.05395,busqueda_24m
1790810558,1,donchian,1440,"{""k_atr"": 2.0, ""n"": 55}",obj3R,reducido50,todos,ambos,1217,0.01449,-1666.99,-0.02698,busqueda_24m
1790810558,1,donchian,1440,"{""k_atr"": 2.0, ""n"": 55}",obj3R,reducido50,todos,long,483,0.12972,1492.31,0.03558,busqueda_24m
1790810558,1,donchian,1440,"{""k_atr"": 2.0, ""n"": 55}",obj3R,reducido50,todos,short,734,-0.06134,-3159.3,-0.06707,busqueda_24m
1790810558,1,donchian,1440,"{""k_atr"": 2.0, ""n"": 55}",trail2R,reducido50,todos,ambos,1217,-0.02184,-2693.36,-0.04602,busqueda_24m
1790810558,1,donchian,1440,"{""k_atr"": 2.0, ""n"": 55}",trail2R,reducido50,todos,long,483,0.06841,831.72,0.02378,busqueda_24m
1790810558,1,donchian,1440,"{""k_atr"": 2.0, ""n"": 55}",trail2R,reducido50,todos,short,734,-0.08122,-3525.08,-0.07335,busqueda_24m
1790810558,1,donchian,1440,"{""k_atr"": 2.0, ""n"": 55}",trail3R,reducido50,todos,ambos,1217,-0.00524,-2661.78,-0.04242,busqueda_24m
1790810558,1,donchian,1440,"{""k_atr"": 2.0, ""n"": 55}",trail3R,reducido50,todos,long,483,0.09835,751.23,0.01855,busqueda_24m
1790810558,1,donchian,1440,"{""k_atr"": 2.0, ""n"": 55}",trail3R,reducido50,todos,short,734,-0.07341,-3413.02,-0.06961,busqueda_24m
1790810558,1,donchian,1440,"{""k_atr"": 2.0, ""n"": 55}",obj3R_be,reducido50,todos,ambos,1217,-0.00364,-2160.19,-0.0372,busqueda_24m
1790810558,1,donchian,1440,"{""k_atr"": 2.0, ""n"": 55}",obj3R_be,reducido50,todos,long,483,0.10424,1279.34,0.03355,busqueda_24m
1790810558,1,donchian,1440,"{""k_atr"": 2.0, ""n"": 55}",obj3R_be,reducido50,todos,short,734,-0.07463,-3439.53,-0.0758,busqueda_24m
1790810558,1,donchian,1440,"{""k_atr"": 2.0, ""n"": 55}",obj5pct,reducido50,todos,ambos,1217,-0.01337,-631.96,-0.07253,busqueda_24m
1790810558,1,donchian,1440,"{""k_atr"": 2.0, ""n"": 55}",obj5pct,reducido50,todos,long,483,-0.01559,-172.66,-0.0548,busqueda_24m
1790810558,1,donchian,1440,"{""k_atr"": 2.0, ""n"": 55}",obj5pct,reducido50,todos,short,734,-0.0119,-459.29,-0.05644,busqueda_24m
1790810558,1,donchian,1440,"{""k_atr"": 2.0, ""n"": 55}",obj10pct,reducido50,todos,ambos,1217,-0.00318,-280.82,-0.02674,busqueda_24m
1790810558,1,donchian,1440,"{""k_atr"": 2.0, ""n"": 55}",obj10pct,reducido50,todos,long,483,-0.00046,27.55,0.00694,busqueda_24m
1790810558,1,donchian,1440,"{""k_atr"": 2.0, ""n"": 55}",obj10pct,reducido50,todos,short,734,-0.00497,-308.37,-0.0317,busqueda_24m
1790810558,1,donchian,1440,"{""k_atr"": 2.0, ""n"": 55}",obj20pct,reducido50,todos,ambos,1217,0.01087,158.12,0.01124,busqueda_24m
1790810558,1,donchian,1440,"{""k_atr"": 2.0, ""n"": 55}",obj20pct,reducido50,todos,long,483,0.01622,199.49,0.03345,busqueda_24m
1790810558,1,donchian,1440,"{""k_atr"": 2.0, ""n"": 55}",obj20pct,reducido50,todos,short,734,0.00735,-41.37,-0.00324,busqueda_24m
1790810558,1,donchian,1440,"{""k_atr"": 2.0, ""n"": 55}",obj30pct,reducido50,todos,ambos,1217,0.02044,757.79,0.04214,busqueda_24m
1790810558,1,donchian,1440,"{""k_atr"": 2.0, ""n"": 55}",obj30pct,reducido50,todos,long,483,0.0145,249.97,0.03137,busqueda_24m
1790810558,1,donchian,1440,"{""k_atr"": 2.0, ""n"": 55}",obj30pct,reducido50,todos,short,734,0.02434,507.82,0.03107,busqueda_24m
1790810558,1,donchian,1440,"{""k_atr"": 2.0, ""n"": 55}",obj50pct,reducido50,todos,ambos,1217,0.03534,1659.78,0.06446,busqueda_24m
1790810558,1,donchian,1440,"{""k_atr"": 2.0, ""n"": 55}",obj50pct,reducido50,todos,long,483,0.0036,145.15,0.01272,busqueda_24m
1790810558,1,donchian,1440,"{""k_atr"": 2.0, ""n"": 55}",obj50pct,reducido50,todos,short,734,0.05622,1514.63,0.06458,busqueda_24m
1790810558,1,donchian,1440,"{""k_atr"": 2.0, ""n"": 55}",obj1R,reducido50,todos,ambos,1217,-0.04394,-1770.39,-0.03305,busqueda_24m
1790810558,1,donchian,1440,"{""k_atr"": 2.0, ""n"": 55}",obj1R,reducido50,todos,long,734,-0.04852,-1278.55,-0.02726,busqueda_24m
1790810558,1,donchian,1440,"{""k_atr"": 2.0, ""n"": 55}",obj1R,reducido50,todos,short,483,-0.03697,-491.85,-0.0179,busqueda_24m
1790810558,1,donchian,1440,"{""k_atr"": 2.0, ""n"": 55}",obj2R,reducido50,todos,ambos,1217,-0.01773,-1053.36,-0.01749,busqueda_24m
1790810558,1,donchian,1440,"{""k_atr"": 2.0, ""n"": 55}",obj2R,reducido50,todos,long,734,-0.02487,-849.61,-0.01572,busqueda_24m
1790810558,1,donchian,1440,"{""k_atr"": 2.0, ""n"": 55}",obj2R,reducido50,todos,short,483,-0.00688,-203.75,-0.00583,busqueda_24m
1790810558,1,donchian,1440,"{""k_atr"": 2.0, ""n"": 55}",obj3R,reducido50,todos,ambos,1217,0.00226,-382.19,-0.00642,busqueda_24m
1790810558,1,donchian,1440,"{""k_atr"": 2.0, ""n"": 55}",obj3R,reducido50,todos,long,734,0.00542,-101.65,-0.00172,busqueda_24m
1790810558,1,donchian,1440,"{""k_atr"": 2.0, ""n"": 55}",obj3R,reducido50,todos,short,483,-0.00254,-280.54,-0.00739,busqueda_24m
1790810558,1,donchian,1440,"{""k_atr"": 2.0, ""n"": 55}",trail2R,reducido50,todos,ambos,1217,0.00339,-827.19,-0.0118,busqueda_24m
1790810558,1,donchian,1440,"{""k_atr"": 2.0, ""n"": 55}",trail2R,reducido50,todos,long,734,0.00627,-307.4,-0.00454,busqueda_24m
1790810558,1,donchian,1440,"{""k_atr"": 2.0, ""n"": 55}",trail2R,reducido50,todos,short,483,-0.001,-519.79,-0.01581,busqueda_24m
1790810558,1,donchian,1440,"{""k_atr"": 2.0, ""n"": 55}",trail3R,reducido50,todos,ambos,1217,0.00906,-724.93,-0.00917,busqueda_24m
1790810558,1,donchian,1440,"{""k_atr"": 2.0, ""n"": 55}",trail3R,reducido50,todos,long,734,0.02835,53.86,0.0007,busqueda_24m
1790810558,1,donchian,1440,"{""k_atr"": 2.0, ""n"": 55}",trail3R,reducido50,todos,short,483,-0.02025,-778.79,-0.0242,busqueda_24m
1790810558,1,donchian,1440,"{""k_atr"": 2.0, ""n"": 55}",obj3R_be,reducido50,todos,ambos,1217,-0.00555,-776.38,-0.01333,busqueda_24m
1790810558,1,donchian,1440,"{""k_atr"": 2.0, ""n"": 55}",obj3R_be,reducido50,todos,long,734,-0.0009,-361.41,-0.00631,busqueda_24m
1790810558,1,donchian,1440,"{""k_atr"": 2.0, ""n"": 55}",obj3R_be,reducido50,todos,short,483,-0.01261,-414.97,-0.01116,busqueda_24m
1790810558,1,donchian,1440,"{""k_atr"": 2.0, ""n"": 55}",obj5pct,reducido50,todos,ambos,1217,-0.02469,-1133.46,-0.07371,busqueda_24m
1790810558,1,donchian,1440,"{""k_atr"": 2.0, ""n"": 55}",obj5pct,reducido50,todos,long,734,-0.03529,-1009.05,-0.06659,busqueda_24m
1790810558,1,donchian,1440,"{""k_atr"": 2.0, ""n"": 55}",obj5pct,reducido50,todos,short,483,-0.00859,-124.42,-0.04674,busqueda_24m
1790810558,1,donchian,1440,"{""k_atr"": 2.0, ""n"": 55}",obj10pct,reducido50,todos,ambos,1217,-0.03694,-1696.7,-0.08017,busqueda_24m
1790810558,1,donchian,1440,"{""k_atr"": 2.0, ""n"": 55}",obj10pct,reducido50,todos,long,734,-0.05556,-1548.92,-0.07461,busqueda_24m
1790810558,1,donchian,1440,"{""k_atr"": 2.0, ""n"": 55}",obj10pct,reducido50,todos,short,483,-0.00864,-147.78,-0.03583,busqueda_24m
1790810558,1,donchian,1440,"{""k_atr"": 2.0, ""n"": 55}",obj20pct,reducido50,todos,ambos,1217,-0.05679,-2235.44,-0.08877,busqueda_24m
1790810558,1,donchian,1440,"{""k_atr"": 2.0, ""n"": 55}",obj20pct,reducido50,todos,long,734,-0.07469,-1858.2,-0.07654,busqueda_24m
1790810558,1,donchian,1440,"{""k_atr"": 2.0, ""n"": 55}",obj20pct,reducido50,todos,short,483,-0.0296,-377.24,-0.05612,busqueda_24m
1790810558,1,donchian,1440,"{""k_atr"": 2.0, ""n"": 55}",obj30pct,reducido50,todos,ambos,1217,-0.06637,-2592.09,-0.08976,busqueda_24m
1790810558,1,donchian,1440,"{""k_atr"": 2.0, ""n"": 55}",obj30pct,reducido50,todos,long,734,-0.08433,-2058.63,-0.07463,busqueda_24m
1790810558,1,donchian,1440,"{""k_atr"": 2.0, ""n"": 55}",obj30pct,reducido50,todos,short,483,-0.03908,-533.46,-0.06167,busqueda_24m
1790810558,1,donchian,1440,"{""k_atr"": 2.0, ""n"": 55}",obj50pct,reducido50,todos,ambos,1217,-0.06899,-2631.32,-0.07544,busqueda_24m
1790810558,1,donchian,1440,"{""k_atr"": 2.0, ""n"": 55}",obj50pct,reducido50,todos,long,734,-0.08302,-2089.95,-0.06337,busqueda_24m
1790810558,1,donchian,1440,"{""k_atr"": 2.0, ""n"": 55}",obj50pct,reducido50,todos,short,483,-0.04768,-541.38,-0.04609,busqueda_24m
1790810558,1,rsi2,1440,"{""k_atr"": 2.0, ""sma_filtro"": 200, ""umbral"": 5.0}",obj1R,reducido50,todos,ambos,1163,-0.02974,-1205.25,-0.02432,busqueda_24m
1790810558,1,rsi2,1440,"{""k_atr"": 2.0, ""sma_filtro"": 200, ""umbral"": 5.0}",obj1R,reducido50,todos,long,255,-0.0688,-1045.3,-0.05007,busqueda_24m
1790810558,1,rsi2,1440,"{""k_atr"": 2.0, ""sma_filtro"": 200, ""umbral"": 5.0}",obj1R,reducido50,todos,short,908,-0.01876,-159.96,-0.00345,busqueda_24m
1790810558,1,rsi2,1440,"{""k_atr"": 2.0, ""sma_filtro"": 200, ""umbral"": 5.0}",obj2R,reducido50,todos,ambos,1163,-0.02798,-1940.68,-0.03569,busqueda_24m
1790810558,1,rsi2,1440,"{""k_atr"": 2.0, ""sma_filtro"": 200, ""umbral"": 5.0}",obj2R,reducido50,todos,long,255,-0.10803,-1636.34,-0.07069,busqueda_24m
1790810558,1,rsi2,1440,"{""k_atr"": 2.0, ""sma_filtro"": 200, ""umbral"": 5.0}",obj2R,reducido50,todos,short,908,-0.0055,-304.34,-0.0058,busqueda_24m
1790810558,1,rsi2,1440,"{""k_atr"": 2.0, ""sma_filtro"": 200, ""umbral"": 5.0}",obj3R,reducido50,todos,ambos,1163,-0.04733,-2937.75,-0.04715,busqueda_24m
1790810558,1,rsi2,1440,"{""k_atr"": 2.0, ""sma_filtro"": 200, ""umbral"": 5.0}",obj3R,reducido50,todos,long,255,-0.10455,-1775.33,-0.07401,busqueda_24m
1790810558,1,rsi2,1440,"{""k_atr"": 2.0, ""sma_filtro"": 200, ""umbral"": 5.0}",obj3R,reducido50,todos,short,908,-0.03127,-1162.42,-0.01862,busqueda_24m
1790810558,1,rsi2,1440,"{""k_atr"": 2.0, ""sma_filtro"": 200, ""umbral"": 5.0}",trail2R,reducido50,todos,ambos,1163,0.03456,-1350.42,-0.017,busqueda_24m
1790810558,1,rsi2,1440,"{""k_atr"": 2.0, ""sma_filtro"": 200, ""umbral"": 5.0}",trail2R,reducido50,todos,long,255,-0.10192,-1803.13,-0.07935,busqueda_24m
1790810558,1,rsi2,1440,"{""k_atr"": 2.0, ""sma_filtro"": 200, ""umbral"": 5.0}",trail2R,reducido50,todos,short,908,0.07288,452.71,0.00566,busqueda_24m
1790810558,1,rsi2,1440,"{""k_atr"": 2.0, ""sma_filtro"": 200, ""umbral"": 5.0}",trail3R,reducido50,todos,ambos,1163,0.00987,-1904.71,-0.0261,busqueda_24m
1790810558,1,rsi2,1440,"{""k_atr"": 2.0, ""sma_filtro"": 200, ""umbral"": 5.0}",trail3R,reducido50,todos,long,255,-0.10081,-1837.26,-0.07779,busqueda_24m
1790810558,1,rsi2,1440,"{""k_atr"": 2.0, ""sma_filtro"": 200, ""umbral"": 5.0}",trail3R,reducido50,todos,short,908,0.04095,-67.44,-0.00091,busqueda_24m
1790810558,1,rsi2,1440,"{""k_atr"": 2.0, ""sma_filtro"": 200, ""umbral"": 5.0}",obj3R_be,reducido50,todos,ambos,1163,-0.03517,-2677.17,-0.04376,busqueda_24m
1790810558,1,rsi2,1440,"{""k_atr"": 2.0, ""sma_filtro"": 200, ""umbral"": 5.0}",obj3R_be,reducido50,todos,long,255,-0.08764,-1677.74,-0.07303,busqueda_24m
1790810558,1,rsi2,1440,"{""k_atr"": 2.0, ""sma_filtro"": 200, ""umbral"": 5.0}",obj3R_be,reducido50,todos,short,908,-0.02044,-999.42,-0.01651,busqueda_24m
1790810558,1,rsi2,1440,"{""k_atr"": 2.0, ""sma_filtro"": 200, ""umbral"": 5.0}",obj5pct,reducido50,todos,ambos,1163,-0.01162,-389.27,-0.06744,busqueda_24m
1790810558,1,rsi2,1440,"{""k_atr"": 2.0, ""sma_filtro"": 200, ""umbral"": 5.0}",obj5pct,reducido50,todos,long,255,-0.02159,-153.22,-0.04625,busqueda_24m
1790810558,1,rsi2,1440,"{""k_atr"": 2.0, ""sma_filtro"": 200, ""umbral"": 5.0}",obj5pct,reducido50,todos,short,908,-0.00882,-236.05,-0.05047,busqueda_24m
1790810558,1,rsi2,1440,"{""k_atr"": 2.0, ""sma_filtro"": 200, ""umbral"": 5.0}",obj10pct,reducido50,todos,ambos,1163,-0.01463,-510.15,-0.0613,busqueda_24m
1790810558,1,rsi2,1440,"{""k_atr"": 2.0, ""sma_filtro"": 200, ""umbral"": 5.0}",obj10pct,reducido50,todos,long,255,-0.0317,-235.47,-0.0507,busqueda_24m
1790810558,1,rsi2,1440,"{""k_atr"": 2.0, ""sma_filtro"": 200, ""umbral"": 5.0}",obj10pct,reducido50,todos,short,908,-0.00983,-274.68,-0.03991,busqueda_24m
1790810558,1,rsi2,1440,"{""k_atr"": 2.0, ""sma_filtro"": 200, ""umbral"": 5.0}",obj20pct,reducido50,todos,ambos,1163,-0.02246,-863.87,-0.05809,busqueda_24m
1790810558,1,rsi2,1440,"{""k_atr"": 2.0, ""sma_filtro"": 200, ""umbral"": 5.0}",obj20pct,reducido50,todos,long,255,-0.02989,-308.0,-0.0434,busqueda_24m
1790810558,1,rsi2,1440,"{""k_atr"": 2.0, ""sma_filtro"": 200, ""umbral"": 5.0}",obj20pct,reducido50,todos,short,908,-0.02037,-555.87,-0.04266,busqueda_24m
1790810558,1,rsi2,1440,"{""k_atr"": 2.0, ""sma_filtro"": 200, ""umbral"": 5.0}",obj30pct,reducido50,todos,ambos,1163,-0.03868,-1356.82,-0.06471,busqueda_24m
1790810558,1,rsi2,1440,"{""k_atr"": 2.0, ""sma_filtro"": 200, ""umbral"": 5.0}",obj30pct,reducido50,todos,long,255,-0.01737,-292.53,-0.03265,busqueda_24m
1790810558,1,rsi2,1440,"{""k_atr"": 2.0, ""sma_filtro"": 200, ""umbral"": 5.0}",obj30pct,reducido50,todos,short,908,-0.04467,-1064.29,-0.05622,busqueda_24m
1790810558,1,rsi2,1440,"{""k_atr"": 2.0, ""sma_filtro"": 200, ""umbral"": 5.0}",obj50pct,reducido50,todos,ambos,1163,-0.04974,-1943.79,-0.06363,busqueda_24m
1790810558,1,rsi2,1440,"{""k_atr"": 2.0, ""sma_filtro"": 200, ""umbral"": 5.0}",obj50pct,reducido50,todos,long,255,-0.02688,-611.96,-0.05036,busqueda_24m
1790810558,1,rsi2,1440,"{""k_atr"": 2.0, ""sma_filtro"": 200, ""umbral"": 5.0}",obj50pct,reducido50,todos,short,908,-0.05616,-1331.82,-0.04747,busqueda_24m
1790810558,1,rsi2,1440,"{""k_atr"": 2.0, ""sma_filtro"": 200, ""umbral"": 5.0}",obj1R,reducido50,todos,ambos,1163,-0.0302,-832.99,-0.0175,busqueda_24m
1790810558,1,rsi2,1440,"{""k_atr"": 2.0, ""sma_filtro"": 200, ""umbral"": 5.0}",obj1R,reducido50,todos,long,908,-0.00796,-200.29,-0.00453,busqueda_24m
1790810558,1,rsi2,1440,"{""k_atr"": 2.0, ""sma_filtro"": 200, ""umbral"": 5.0}",obj1R,reducido50,todos,short,255,-0.10939,-632.7,-0.03186,busqueda_24m
1790810558,1,rsi2,1440,"{""k_atr"": 2.0, ""sma_filtro"": 200, ""umbral"": 5.0}",obj2R,reducido50,todos,ambos,1163,-0.1387,-3741.59,-0.05933,busqueda_24m
1790810558,1,rsi2,1440,"{""k_atr"": 2.0, ""sma_filtro"": 200, ""umbral"": 5.0}",obj2R,reducido50,todos,long,908,-0.13251,-2583.71,-0.04347,busqueda_24m
1790810558,1,rsi2,1440,"{""k_atr"": 2.0, ""sma_filtro"": 200, ""umbral"": 5.0}",obj2R,reducido50,todos,short,255,-0.16073,-1157.88,-0.05073,busqueda_24m
1790810558,1,rsi2,1440,"{""k_atr"": 2.0, ""sma_filtro"": 200, ""umbral"": 5.0}",obj3R,reducido50,todos,ambos,1163,-0.15024,-4096.24,-0.06155,busqueda_24m
1790810558,1,rsi2,1440,"{""k_atr"": 2.0, ""sma_filtro"": 200, ""umbral"": 5.0}",obj3R,reducido50,todos,long,908,-0.14122,-2751.67,-0.04425,busqueda_24m
1790810558,1,rsi2,1440,"{""k_atr"": 2.0, ""sma_filtro"": 200, ""umbral"": 5.0}",obj3R,reducido50,todos,short,255,-0.18235,-1344.57,-0.05264,busqueda_24m
1790810558,1,rsi2,1440,"{""k_atr"": 2.0, ""sma_filtro"": 200, ""umbral"": 5.0}",trail2R,reducido50,todos,ambos,1163,-0.18685,-5357.61,-0.10018,busqueda_24m
1790810558,1,rsi2,1440,"{""k_atr"": 2.0, ""sma_filtro"": 200, ""umbral"": 5.0}",trail2R,reducido50,todos,long,908,-0.18624,-4010.81,-0.08361,busqueda_24m
1790810558,1,rsi2,1440,"{""k_atr"": 2.0, ""sma_filtro"": 200, ""umbral"": 5.0}",trail2R,reducido50,todos,short,255,-0.18901,-1346.81,-0.05572,busqueda_24m
1790810558,1,rsi2,1440,"{""k_atr"": 2.0, ""sma_filtro"": 200, ""umbral"": 5.0}",trail3R,reducido50,todos,ambos,1163,-0.15107,-4083.02,-0.06755,busqueda_24m
1790810558,1,rsi2,1440,"{""k_atr"": 2.0, ""sma_filtro"": 200, ""umbral"": 5.0}",trail3R,reducido50,todos,long,908,-0.13394,-2520.06,-0.04358,busqueda_24m
1790810558,1,rsi2,1440,"{""k_atr"": 2.0, ""sma_filtro"": 200, ""umbral"": 5.0}",trail3R,reducido50,todos,short,255,-0.21206,-1562.96,-0.08239,busqueda_24m
1790810558,1,rsi2,1440,"{""k_atr"": 2.0, ""sma_filtro"": 200, ""umbral"": 5.0}",obj3R_be,reducido50,todos,ambos,1163,-0.16189,-4564.14,-0.07639,busqueda_24m
1790810558,1,rsi2,1440,"{""k_atr"": 2.0, ""sma_filtro"": 200, ""umbral"": 5.0}",obj3R_be,reducido50,todos,long,908,-0.15948,-3306.31,-0.06031,busqueda_24m
1790810558,1,rsi2,1440,"{""k_atr"": 2.0, ""sma_filtro"": 200, ""umbral"": 5.0}",obj3R_be,reducido50,todos,short,255,-0.17047,-1257.84,-0.04966,busqueda_24m
1790810558,1,rsi2,1440,"{""k_atr"": 2.0, ""sma_filtro"": 200, ""umbral"": 5.0}",obj5pct,reducido50,todos,ambos,1163,-0.01812,-492.27,-0.07773,busqueda_24m
1790810558,1,rsi2,1440,"{""k_atr"": 2.0, ""sma_filtro"": 200, ""umbral"": 5.0}",obj5pct,reducido50,todos,long,908,-0.02206,-482.76,-0.08056,busqueda_24m
1790810558,1,rsi2,1440,"{""k_atr"": 2.0, ""sma_filtro"": 200, ""umbral"": 5.0}",obj5pct,reducido50,todos,short,255,-0.00406,-9.51,-0.00456,busqueda_24m
1790810558,1,rsi2,1440,"{""k_atr"": 2.0, ""sma_filtro"": 200, ""umbral"": 5.0}",obj10pct,reducido50,todos,ambos,1163,-0.01949,-479.01,-0.05049,busqueda_24m
1790810558,1,rsi2,1440,"{""k_atr"": 2.0, ""sma_filtro"": 200, ""umbral"": 5.0}",obj10pct,reducido50,todos,long,908,-0.02246,-494.64,-0.05495,busqueda_24m
1790810558,1,rsi2,1440,"{""k_atr"": 2.0, ""sma_filtro"": 200, ""umbral"": 5.0}",obj10pct,reducido50,todos,short,255,-0.00891,15.63,0.00504,busqueda_24m
1790810558,1,rsi2,1440,"{""k_atr"": 2.0, ""sma_filtro"": 200, ""umbral"": 5.0}",obj20pct,reducido50,todos,ambos,1163,-0.0102,-273.5,-0.01872,busqueda_24m
1790810558,1,rsi2,1440,"{""k_atr"": 2.0, ""sma_filtro"": 200, ""umbral"": 5.0}",obj20pct,reducido50,todos,long,908,-0.01172,-348.84,-0.02524,busqueda_24m
1790810558,1,rsi2,1440,"{""k_atr"": 2.0, ""sma_filtro"": 200, ""umbral"": 5.0}",obj20pct,reducido50,todos,short,255,-0.00479,75.35,0.01504,busqueda_24m
1790810558,1,rsi2,1440,"{""k_atr"": 2.0, ""sma_filtro"": 200, ""umbral"": 5.0}",obj30pct,reducido50,todos,ambos,1163,-0.00954,-169.39,-0.00885,busqueda_24m
1790810558,1,rsi2,1440,"{""k_atr"": 2.0, ""sma_filtro"": 200, ""umbral"": 5.0}",obj30pct,reducido50,todos,long,908,-0.01699,-393.25,-0.02172,busqueda_24m
1790810558,1,rsi2,1440,"{""k_atr"": 2.0, ""sma_filtro"": 200, ""umbral"": 5.0}",obj30pct,reducido50,todos,short,255,0.01699,223.86,0.03365,busqueda_24m
1790810558,1,rsi2,1440,"{""k_atr"": 2.0, ""sma_filtro"": 200, ""umbral"": 5.0}",obj50pct,reducido50,todos,ambos,1163,-0.01091,14.92,0.00055,busqueda_24m
1790810558,1,rsi2,1440,"{""k_atr"": 2.0, ""sma_filtro"": 200, ""umbral"": 5.0}",obj50pct,reducido50,todos,long,908,-0.01126,-238.13,-0.00953,busqueda_24m
1790810558,1,rsi2,1440,"{""k_atr"": 2.0, ""sma_filtro"": 200, ""umbral"": 5.0}",obj50pct,reducido50,todos,short,255,-0.00965,253.05,0.02316,busqueda_24m
1790810558,1,rsi2,1440,"{""k_atr"": 2.0, ""sma_filtro"": 200, ""umbral"": 10.0}",obj1R,reducido50,todos,ambos,2189,-0.02278,-1109.71,-0.01351,busqueda_24m
1790810558,1,rsi2,1440,"{""k_atr"": 2.0, ""sma_filtro"": 200, ""umbral"": 10.0}",obj1R,reducido50,todos,long,539,-0.09884,-2268.03,-0.0608,busqueda_24m
1790810558,1,rsi2,1440,"{""k_atr"": 2.0, ""sma_filtro"": 200, ""umbral"": 10.0}",obj1R,reducido50,todos,short,1650,0.00206,1158.32,0.01474,busqueda_24m
1790810558,1,rsi2,1440,"{""k_atr"": 2.0, ""sma_filtro"": 200, ""umbral"": 10.0}",obj2R,reducido50,todos,ambos,2189,-0.01532,-1943.48,-0.02133,busqueda_24m
1790810558,1,rsi2,1440,"{""k_atr"": 2.0, ""sma_filtro"": 200, ""umbral"": 10.0}",obj2R,reducido50,todos,long,539,-0.1425,-3854.65,-0.09494,busqueda_24m
1790810558,1,rsi2,1440,"{""k_atr"": 2.0, ""sma_filtro"": 200, ""umbral"": 10.0}",obj2R,reducido50,todos,short,1650,0.02623,1911.17,0.0211,busqueda_24m
1790810558,1,rsi2,1440,"{""k_atr"": 2.0, ""sma_filtro"": 200, ""umbral"": 10.0}",obj3R,reducido50,todos,ambos,2189,-0.0343,-3890.56,-0.03649,busqueda_24m
1790810558,1,rsi2,1440,"{""k_atr"": 2.0, ""sma_filtro"": 200, ""umbral"": 10.0}",obj3R,reducido50,todos,long,539,-0.13523,-3923.64,-0.09058,busqueda_24m
1790810558,1,rsi2,1440,"{""k_atr"": 2.0, ""sma_filtro"": 200, ""umbral"": 10.0}",obj3R,reducido50,todos,short,1650,-0.00133,33.09,0.00031,busqueda_24m
1790810558,1,rsi2,1440,"{""k_atr"": 2.0, ""sma_filtro"": 200, ""umbral"": 10.0}",trail2R,reducido50,todos,ambos,2189,0.03482,-888.97,-0.00729,busqueda_24m
1790810558,1,rsi2,1440,"{""k_atr"": 2.0, ""sma_filtro"": 200, ""umbral"": 10.0}",trail2R,reducido50,todos,long,539,-0.11588,-3319.2,-0.07462,busqueda_24m
1790810558,1,rsi2,1440,"{""k_atr"": 2.0, ""sma_filtro"": 200, ""umbral"": 10.0}",trail2R,reducido50,todos,short,1650,0.08404,2430.23,0.02006,busqueda_24m
1790810558,1,rsi2,1440,"{""k_atr"": 2.0, ""sma_filtro"": 200, ""umbral"": 10.0}",trail3R,reducido50,todos,ambos,2189,0.01601,-1938.84,-0.01785,busqueda_24m
1790810558,1,rsi2,1440,"{""k_atr"": 2.0, ""sma_filtro"": 200, ""umbral"": 10.0}",trail3R,reducido50,todos,long,539,-0.09551,-3272.19,-0.07243,busqueda_24m
1790810558,1,rsi2,1440,"{""k_atr"": 2.0, ""sma_filtro"": 200, ""umbral"": 10.0}",trail3R,reducido50,todos,short,1650,0.05243,1333.35,0.0125,busqueda_24m
1790810558,1,rsi2,1440,"{""k_atr"": 2.0, ""sma_filtro"": 200, ""umbral"": 10.0}",obj3R_be,reducido50,todos,ambos,2189,-0.02573,-3517.78,-0.03351,busqueda_24m
1790810558,1,rsi2,1440,"{""k_atr"": 2.0, ""sma_filtro"": 200, ""umbral"": 10.0}",obj3R_be,reducido50,todos,long,539,-0.13025,-3850.7,-0.09306,busqueda_24m
1790810558,1,rsi2,1440,"{""k_atr"": 2.0, ""sma_filtro"": 200, ""umbral"": 10.0}",obj3R_be,reducido50,todos,short,1650,0.00842,332.93,0.00315,busqueda_24m
1790810558,1,rsi2,1440,"{""k_atr"": 2.0, ""sma_filtro"": 200, ""umbral"": 10.0}",obj5pct,reducido50,todos,ambos,2189,-0.00845,-628.16,-0.06919,busqueda_24m
1790810558,1,rsi2,1440,"{""k_atr"": 2.0, ""sma_filtro"": 200, ""umbral"": 10.0}",obj5pct,reducido50,todos,long,539,-0.00944,-214.03,-0.03517,busqueda_24m
1790810558,1,rsi2,1440,"{""k_atr"": 2.0, ""sma_filtro"": 200, ""umbral"": 10.0}",obj5pct,reducido50,todos,short,1650,-0.00813,-414.12,-0.06168,busqueda_24m
1790810558,1,rsi2,1440,"{""k_atr"": 2.0, ""sma_filtro"": 200, ""umbral"": 10.0}",obj10pct,reducido50,todos,ambos,2189,-0.0158,-1056.13,-0.07857,busqueda_24m
1790810558,1,rsi2,1440,"{""k_atr"": 2.0, ""sma_filtro"": 200, ""umbral"": 10.0}",obj10pct,reducido50,todos,long,539,-0.0172,-351.74,-0.04268,busqueda_24m
1790810558,1,rsi2,1440,"{""k_atr"": 2.0, ""sma_filtro"": 200, ""umbral"": 10.0}",obj10pct,reducido50,todos,short,1650,-0.01534,-704.4,-0.06627,busqueda_24m
1790810558,1,rsi2,1440,"{""k_atr"": 2.0, ""sma_filtro"": 200, ""umbral"": 10.0}",obj20pct,reducido50,todos,ambos,2189,-0.02388,-1727.44,-0.07302,busqueda_24m
1790810558,1,rsi2,1440,"{""k_atr"": 2.0, ""sma_filtro"": 200, ""umbral"": 10.0}",obj20pct,reducido50,todos,long,539,-0.03164,-704.68,-0.0567,busqueda_24m
1790810558,1,rsi2,1440,"{""k_atr"": 2.0, ""sma_filtro"": 200, ""umbral"": 10.0}",obj20pct,reducido50,todos,short,1650,-0.02134,-1022.76,-0.05068,busqueda_24m
1790810558,1,rsi2,1440,"{""k_atr"": 2.0, ""sma_filtro"": 200, ""umbral"": 10.0}",obj30pct,reducido50,todos,ambos,2189,-0.03904,-2738.33,-0.08269,busqueda_24m
1790810558,1,rsi2,1440,"{""k_atr"": 2.0, ""sma_filtro"": 200, ""umbral"": 10.0}",obj30pct,reducido50,todos,long,539,-0.05214,-1186.31,-0.07345,busqueda_24m
1790810558,1,rsi2,1440,"{""k_atr"": 2.0, ""sma_filtro"": 200, ""umbral"": 10.0}",obj30pct,reducido50,todos,short,1650,-0.03476,-1552.03,-0.0534,busqueda_24m
1790810558,1,rsi2,1440,"{""k_atr"": 2.0, ""sma_filtro"": 200, ""umbral"": 10.0}",obj50pct,reducido50,todos,ambos,2189,-0.04854,-3520.23,-0.07455,busqueda_24m
1790810558,1,rsi2,1440,"{""k_atr"": 2.0, ""sma_filtro"": 200, ""umbral"": 10.0}",obj50pct,reducido50,todos,long,539,-0.0598,-1545.16,-0.06966,busqueda_24m
1790810558,1,rsi2,1440,"{""k_atr"": 2.0, ""sma_filtro"": 200, ""umbral"": 10.0}",obj50pct,reducido50,todos,short,1650,-0.04487,-1975.07,-0.0467,busqueda_24m
1790810558,1,rsi2,1440,"{""k_atr"": 2.0, ""sma_filtro"": 200, ""umbral"": 10.0}",obj1R,reducido50,todos,ambos,2189,-0.01066,-826.8,-0.01035,busqueda_24m
1790810558,1,rsi2,1440,"{""k_atr"": 2.0, ""sma_filtro"": 200, ""umbral"": 10.0}",obj1R,reducido50,todos,long,1650,-0.01149,-945.27,-0.01322,busqueda_24m
1790810558,1,rsi2,1440,"{""k_atr"": 2.0, ""sma_filtro"": 200, ""umbral"": 10.0}",obj1R,reducido50,todos,short,539,-0.0081,118.47,0.00295,busqueda_24m
1790810558,1,rsi2,1440,"{""k_atr"": 2.0, ""sma_filtro"": 200, ""umbral"": 10.0}",obj2R,reducido50,todos,ambos,2189,-0.07431,-3871.32,-0.03656,busqueda_24m
1790810558,1,rsi2,1440,"{""k_atr"": 2.0, ""sma_filtro"": 200, ""umbral"": 10.0}",obj2R,reducido50,todos,long,1650,-0.09319,-3867.13,-0.04153,busqueda_24m
1790810558,1,rsi2,1440,"{""k_atr"": 2.0, ""sma_filtro"": 200, ""umbral"": 10.0}",obj2R,reducido50,todos,short,539,-0.01653,-4.19,-8e-05,busqueda_24m
1790810558,1,rsi2,1440,"{""k_atr"": 2.0, ""sma_filtro"": 200, ""umbral"": 10.0}",obj3R,reducido50,todos,ambos,2189,-0.07477,-3956.15,-0.03708,busqueda_24m
1790810558,1,rsi2,1440,"{""k_atr"": 2.0, ""sma_filtro"": 200, ""umbral"": 10.0}",obj3R,reducido50,todos,long,1650,-0.09004,-3713.6,-0.0387,busqueda_24m
1790810558,1,rsi2,1440,"{""k_atr"": 2.0, ""sma_filtro"": 200, ""umbral"": 10.0}",obj3R,reducido50,todos,short,539,-0.028,-242.55,-0.00473,busqueda_24m
1790810558,1,rsi2,1440,"{""k_atr"": 2.0, ""sma_filtro"": 200, ""umbral"": 10.0}",trail2R,reducido50,todos,ambos,2189,-0.09649,-5609.83,-0.05761,busqueda_24m
1790810558,1,rsi2,1440,"{""k_atr"": 2.0, ""sma_filtro"": 200, ""umbral"": 10.0}",trail2R,reducido50,todos,long,1650,-0.11839,-5412.21,-0.06387,busqueda_24m
1790810558,1,rsi2,1440,"{""k_atr"": 2.0, ""sma_filtro"": 200, ""umbral"": 10.0}",trail2R,reducido50,todos,short,539,-0.02943,-197.62,-0.00393,busqueda_24m
1790810558,1,rsi2,1440,"{""k_atr"": 2.0, ""sma_filtro"": 200, ""umbral"": 10.0}",trail3R,reducido50,todos,ambos,2189,-0.06653,-3416.59,-0.03319,busqueda_24m
1790810558,1,rsi2,1440,"{""k_atr"": 2.0, ""sma_filtro"": 200, ""umbral"": 10.0}",trail3R,reducido50,todos,long,1650,-0.0703,-2750.94,-0.02832,busqueda_24m
1790810558,1,rsi2,1440,"{""k_atr"": 2.0, ""sma_filtro"": 200, ""umbral"": 10.0}",trail3R,reducido50,todos,short,539,-0.05499,-665.65,-0.01695,busqueda_24m
1790810558,1,rsi2,1440,"{""k_atr"": 2.0, ""sma_filtro"": 200, ""umbral"": 10.0}",obj3R_be,reducido50,todos,ambos,2189,-0.08179,-4428.56,-0.04446,busqueda_24m
1790810558,1,rsi2,1440,"{""k_atr"": 2.0, ""sma_filtro"": 200, ""umbral"": 10.0}",obj3R_be,reducido50,todos,long,1650,-0.10319,-4395.98,-0.05012,busqueda_24m
1790810558,1,rsi2,1440,"{""k_atr"": 2.0, ""sma_filtro"": 200, ""umbral"": 10.0}",obj3R_be,reducido50,todos,short,539,-0.01629,-32.58,-0.00064,busqueda_24m
1790810558,1,rsi2,1440,"{""k_atr"": 2.0, ""sma_filtro"": 200, ""umbral"": 10.0}",obj5pct,reducido50,todos,ambos,2189,-0.01444,-772.51,-0.09283,busqueda_24m
1790810558,1,rsi2,1440,"{""k_atr"": 2.0, ""sma_filtro"": 200, ""umbral"": 10.0}",obj5pct,reducido50,todos,long,1650,-0.0185,-812.06,-0.1025,busqueda_24m
1790810558,1,rsi2,1440,"{""k_atr"": 2.0, ""sma_filtro"": 200, ""umbral"": 10.0}",obj5pct,reducido50,todos,short,539,-0.00199,39.55,0.01413,busqueda_24m
1790810558,1,rsi2,1440,"{""k_atr"": 2.0, ""sma_filtro"": 200, ""umbral"": 10.0}",obj10pct,reducido50,todos,ambos,2189,-0.01799,-974.76,-0.06959,busqueda_24m
1790810558,1,rsi2,1440,"{""k_atr"": 2.0, ""sma_filtro"": 200, ""umbral"": 10.0}",obj10pct,reducido50,todos,long,1650,-0.02168,-1002.98,-0.07599,busqueda_24m
1790810558,1,rsi2,1440,"{""k_atr"": 2.0, ""sma_filtro"": 200, ""umbral"": 10.0}",obj10pct,reducido50,todos,short,539,-0.00672,28.22,0.00552,busqueda_24m
1790810558,1,rsi2,1440,"{""k_atr"": 2.0, ""sma_filtro"": 200, ""umbral"": 10.0}",obj20pct,reducido50,todos,ambos,2189,-0.00837,-627.66,-0.02855,busqueda_24m
1790810558,1,rsi2,1440,"{""k_atr"": 2.0, ""sma_filtro"": 200, ""umbral"": 10.0}",obj20pct,reducido50,todos,long,1650,-0.01332,-884.2,-0.04229,busqueda_24m
1790810558,1,rsi2,1440,"{""k_atr"": 2.0, ""sma_filtro"": 200, ""umbral"": 10.0}",obj20pct,reducido50,todos,short,539,0.00678,256.54,0.03255,busqueda_24m
1790810558,1,rsi2,1440,"{""k_atr"": 2.0, ""sma_filtro"": 200, ""umbral"": 10.0}",obj30pct,reducido50,todos,ambos,2189,-0.00553,-355.98,-0.01207,busqueda_24m
1790810558,1,rsi2,1440,"{""k_atr"": 2.0, ""sma_filtro"": 200, ""umbral"": 10.0}",obj30pct,reducido50,todos,long,1650,-0.01521,-907.23,-0.0322,busqueda_24m
1790810558,1,rsi2,1440,"{""k_atr"": 2.0, ""sma_filtro"": 200, ""umbral"": 10.0}",obj30pct,reducido50,todos,short,539,0.02412,551.25,0.05118,busqueda_24m
1790810558,1,rsi2,1440,"{""k_atr"": 2.0, ""sma_filtro"": 200, ""umbral"": 10.0}",obj50pct,reducido50,todos,ambos,2189,-0.00841,-413.66,-0.00967,busqueda_24m
1790810558,1,rsi2,1440,"{""k_atr"": 2.0, ""sma_filtro"": 200, ""umbral"": 10.0}",obj50pct,reducido50,todos,long,1650,-0.01451,-830.52,-0.02083,busqueda_24m
1790810558,1,rsi2,1440,"{""k_atr"": 2.0, ""sma_filtro"": 200, ""umbral"": 10.0}",obj50pct,reducido50,todos,short,539,0.01029,416.86,0.02302,busqueda_24m
1790810558,1,tsmom,240,"{""k_atr"": 3.0, ""n"": 42}",obj1R,reducido50,todos,ambos,11165,-0.00792,-2717.22,-0.03773,busqueda_24m
1790810558,1,tsmom,240,"{""k_atr"": 3.0, ""n"": 42}",obj1R,reducido50,todos,long,5548,-0.01497,-4037.45,-0.03302,busqueda_24m
1790810558,1,tsmom,240,"{""k_atr"": 3.0, ""n"": 42}",obj1R,reducido50,todos,short,5617,-0.00096,1320.23,0.01046,busqueda_24m
1790810558,1,tsmom,240,"{""k_atr"": 3.0, ""n"": 42}",obj2R,reducido50,todos,ambos,11165,0.00134,-2503.85,-0.01741,busqueda_24m
1790810558,1,tsmom,240,"{""k_atr"": 3.0, ""n"": 42}",obj2R,reducido50,todos,long,5548,-0.01677,-4977.73,-0.03582,busqueda_24m
1790810558,1,tsmom,240,"{""k_atr"": 3.0, ""n"": 42}",obj2R,reducido50,todos,short,5617,0.01923,2473.88,0.01761,busqueda_24m
1790810558,1,tsmom,240,"{""k_atr"": 3.0, ""n"": 42}",obj3R,reducido50,todos,ambos,11165,0.00215,-3325.36,-0.01913,busqueda_24m
1790810558,1,tsmom,240,"{""k_atr"": 3.0, ""n"": 42}",obj3R,reducido50,todos,long,5548,-0.01621,-5641.53,-0.04035,busqueda_24m
1790810558,1,tsmom,240,"{""k_atr"": 3.0, ""n"": 42}",obj3R,reducido50,todos,short,5617,0.02029,2316.18,0.01573,busqueda_24m
1790810558,1,tsmom,240,"{""k_atr"": 3.0, ""n"": 42}",trail2R,reducido50,todos,ambos,11165,0.02313,48.14,0.00024,busqueda_24m
1790810558,1,tsmom,240,"{""k_atr"": 3.0, ""n"": 42}",trail2R,reducido50,todos,long,5548,0.00276,-3655.1,-0.02603,busqueda_24m
1790810558,1,tsmom,240,"{""k_atr"": 3.0, ""n"": 42}",trail2R,reducido50,todos,short,5617,0.04326,3703.24,0.02084,busqueda_24m
1790810558,1,tsmom,240,"{""k_atr"": 3.0, ""n"": 42}",trail3R,reducido50,todos,ambos,11165,0.0149,-2012.78,-0.01047,busqueda_24m
1790810558,1,tsmom,240,"{""k_atr"": 3.0, ""n"": 42}",trail3R,reducido50,todos,long,5548,-0.00385,-4670.92,-0.03249,busqueda_24m
1790810558,1,tsmom,240,"{""k_atr"": 3.0, ""n"": 42}",trail3R,reducido50,todos,short,5617,0.03341,2658.15,0.01678,busqueda_24m
1790810558,1,tsmom,240,"{""k_atr"": 3.0, ""n"": 42}",obj3R_be,reducido50,todos,ambos,11165,0.00632,-2478.27,-0.01438,busqueda_24m
1790810558,1,tsmom,240,"{""k_atr"": 3.0, ""n"": 42}",obj3R_be,reducido50,todos,long,5548,-0.00811,-4977.68,-0.03651,busqueda_24m
1790810558,1,tsmom,240,"{""k_atr"": 3.0, ""n"": 42}",obj3R_be,reducido50,todos,short,5617,0.02058,2499.41,0.01713,busqueda_24m
1790810558,1,tsmom,240,"{""k_atr"": 3.0, ""n"": 42}",obj5pct,reducido50,todos,ambos,11165,-0.02366,-3863.93,-0.21823,busqueda_24m
1790810558,1,tsmom,240,"{""k_atr"": 3.0, ""n"": 42}",obj5pct,reducido50,todos,long,5548,-0.01846,-1698.86,-0.11662,busqueda_24m
1790810558,1,tsmom,240,"{""k_atr"": 3.0, ""n"": 42}",obj5pct,reducido50,todos,short,5617,-0.0288,-2165.07,-0.15836,busqueda_24m
1790810558,1,tsmom,240,"{""k_atr"": 3.0, ""n"": 42}",obj10pct,reducido50,todos,ambos,11165,-0.02404,-3565.66,-0.12691,busqueda_24m
1790810558,1,tsmom,240,"{""k_atr"": 3.0, ""n"": 42}",obj10pct,reducido50,todos,long,5548,-0.01772,-1730.58,-0.06793,busqueda_24m
1790810558,1,tsmom,240,"{""k_atr"": 3.0, ""n"": 42}",obj10pct,reducido50,todos,short,5617,-0.03029,-1835.08,-0.08091,busqueda_24m
1790810558,1,tsmom,240,"{""k_atr"": 3.0, ""n"": 42}",obj20pct,reducido50,todos,ambos,11165,-0.01892,-2694.55,-0.06794,busqueda_24m
1790810558,1,tsmom,240,"{""k_atr"": 3.0, ""n"": 42}",obj20pct,reducido50,todos,long,5548,-0.01255,-1694.8,-0.03876,busqueda_24m
1790810558,1,tsmom,240,"{""k_atr"": 3.0, ""n"": 42}",obj20pct,reducido50,todos,short,5617,-0.02522,-999.75,-0.02632,busqueda_24m
1790810558,1,tsmom,240,"{""k_atr"": 3.0, ""n"": 42}",obj30pct,reducido50,todos,ambos,11165,-0.01687,-2356.43,-0.05088,busqueda_24m
1790810558,1,tsmom,240,"{""k_atr"": 3.0, ""n"": 42}",obj30pct,reducido50,todos,long,5548,-0.01109,-1895.05,-0.0308,busqueda_24m
1790810558,1,tsmom,240,"{""k_atr"": 3.0, ""n"": 42}",obj30pct,reducido50,todos,short,5617,-0.02259,-461.38,-0.00883,busqueda_24m
1790810558,1,tsmom,240,"{""k_atr"": 3.0, ""n"": 42}",obj50pct,reducido50,todos,ambos,11165,-0.00893,-2237.69,-0.04704,busqueda_24m
1790810558,1,tsmom,240,"{""k_atr"": 3.0, ""n"": 42}",obj50pct,reducido50,todos,long,5548,-0.00305,-2481.64,-0.028,busqueda_24m
1790810558,1,tsmom,240,"{""k_atr"": 3.0, ""n"": 42}",obj50pct,reducido50,todos,short,5617,-0.01474,243.95,0.00312,busqueda_24m
1790810558,1,tsmom,240,"{""k_atr"": 3.0, ""n"": 42}",obj1R,reducido50,todos,ambos,11165,-0.04986,-10285.97,-0.19364,busqueda_24m
1790810558,1,tsmom,240,"{""k_atr"": 3.0, ""n"": 42}",obj1R,reducido50,todos,long,5617,-0.05861,-8533.26,-0.06648,busqueda_24m
1790810558,1,tsmom,240,"{""k_atr"": 3.0, ""n"": 42}",obj1R,reducido50,todos,short,5548,-0.04099,-1752.71,-0.01425,busqueda_24m
1790810558,1,tsmom,240,"{""k_atr"": 3.0, ""n"": 42}",obj2R,reducido50,todos,ambos,11165,-0.0392,-9161.0,-0.07765,busqueda_24m
1790810558,1,tsmom,240,"{""k_atr"": 3.0, ""n"": 42}",obj2R,reducido50,todos,long,5617,-0.05576,-9353.84,-0.06338,busqueda_24m
1790810558,1,tsmom,240,"{""k_atr"": 3.0, ""n"": 42}",obj2R,reducido50,todos,short,5548,-0.02244,192.84,0.00144,busqueda_24m
1790810558,1,tsmom,240,"{""k_atr"": 3.0, ""n"": 42}",obj3R,reducido50,todos,ambos,11165,-0.03658,-9340.07,-0.06317,busqueda_24m
1790810558,1,tsmom,240,"{""k_atr"": 3.0, ""n"": 42}",obj3R,reducido50,todos,long,5617,-0.04832,-9229.27,-0.06263,busqueda_24m
1790810558,1,tsmom,240,"{""k_atr"": 3.0, ""n"": 42}",obj3R,reducido50,todos,short,5548,-0.0247,-110.8,-0.00087,busqueda_24m
1790810558,1,tsmom,240,"{""k_atr"": 3.0, ""n"": 42}",trail2R,reducido50,todos,ambos,11165,-0.01836,-6389.27,-0.03935,busqueda_24m
1790810558,1,tsmom,240,"{""k_atr"": 3.0, ""n"": 42}",trail2R,reducido50,todos,long,5617,-0.02359,-6761.7,-0.04549,busqueda_24m
1790810558,1,tsmom,240,"{""k_atr"": 3.0, ""n"": 42}",trail2R,reducido50,todos,short,5548,-0.01307,372.43,0.00278,busqueda_24m
1790810558,1,tsmom,240,"{""k_atr"": 3.0, ""n"": 42}",trail3R,reducido50,todos,ambos,11165,-0.02626,-8145.07,-0.05099,busqueda_24m
1790810558,1,tsmom,240,"{""k_atr"": 3.0, ""n"": 42}",trail3R,reducido50,todos,long,5617,-0.03077,-7647.83,-0.05104,busqueda_24m
1790810558,1,tsmom,240,"{""k_atr"": 3.0, ""n"": 42}",trail3R,reducido50,todos,short,5548,-0.02169,-497.25,-0.00395,busqueda_24m
1790810558,1,tsmom,240,"{""k_atr"": 3.0, ""n"": 42}",obj3R_be,reducido50,todos,ambos,11165,-0.03294,-8719.68,-0.05956,busqueda_24m
1790810558,1,tsmom,240,"{""k_atr"": 3.0, ""n"": 42}",obj3R_be,reducido50,todos,long,5617,-0.04238,-8735.74,-0.06072,busqueda_24m
1790810558,1,tsmom,240,"{""k_atr"": 3.0, ""n"": 42}",obj3R_be,reducido50,todos,short,5548,-0.02338,16.06,0.00013,busqueda_24m
1790810558,1,tsmom,240,"{""k_atr"": 3.0, ""n"": 42}",obj5pct,reducido50,todos,ambos,11165,-0.02768,-5020.25,-0.25891,busqueda_24m
1790810558,1,tsmom,240,"{""k_atr"": 3.0, ""n"": 42}",obj5pct,reducido50,todos,long,5617,-0.02776,-2658.0,-0.1681,busqueda_24m
1790810558,1,tsmom,240,"{""k_atr"": 3.0, ""n"": 42}",obj5pct,reducido50,todos,short,5548,-0.02759,-2362.26,-0.19074,busqueda_24m
1790810558,1,tsmom,240,"{""k_atr"": 3.0, ""n"": 42}",obj10pct,reducido50,todos,ambos,11165,-0.03416,-5697.61,-0.1819,busqueda_24m
1790810558,1,tsmom,240,"{""k_atr"": 3.0, ""n"": 42}",obj10pct,reducido50,todos,long,5617,-0.03096,-2782.78,-0.10485,busqueda_24m
1790810558,1,tsmom,240,"{""k_atr"": 3.0, ""n"": 42}",obj10pct,reducido50,todos,short,5548,-0.03741,-2914.83,-0.13874,busqueda_24m
1790810558,1,tsmom,240,"{""k_atr"": 3.0, ""n"": 42}",obj20pct,reducido50,todos,ambos,11165,-0.03744,-6385.44,-0.12843,busqueda_24m
1790810558,1,tsmom,240,"{""k_atr"": 3.0, ""n"": 42}",obj20pct,reducido50,todos,long,5617,-0.02632,-2660.14,-0.05874,busqueda_24m
1790810558,1,tsmom,240,"{""k_atr"": 3.0, ""n"": 42}",obj20pct,reducido50,todos,short,5548,-0.04869,-3725.3,-0.10087,busqueda_24m
1790810558,1,tsmom,240,"{""k_atr"": 3.0, ""n"": 42}",obj30pct,reducido50,todos,ambos,11165,-0.04269,-7344.89,-0.1196,busqueda_24m
1790810558,1,tsmom,240,"{""k_atr"": 3.0, ""n"": 42}",obj30pct,reducido50,todos,long,5617,-0.03018,-3574.57,-0.05712,busqueda_24m
1790810558,1,tsmom,240,"{""k_atr"": 3.0, ""n"": 42}",obj30pct,reducido50,todos,short,5548,-0.05536,-3770.32,-0.07532,busqueda_24m
1790810558,1,tsmom,240,"{""k_atr"": 3.0, ""n"": 42}",obj50pct,reducido50,todos,ambos,11165,-0.04382,-8283.7,-0.12183,busqueda_24m
1790810558,1,tsmom,240,"{""k_atr"": 3.0, ""n"": 42}",obj50pct,reducido50,todos,long,5617,-0.03488,-5210.41,-0.05717,busqueda_24m
1790810558,1,tsmom,240,"{""k_atr"": 3.0, ""n"": 42}",obj50pct,reducido50,todos,short,5548,-0.05287,-3073.3,-0.04182,busqueda_24m
1790810558,1,tsmom,240,"{""k_atr"": 3.0, ""n"": 84}",obj1R,reducido50,todos,ambos,7381,0.00369,-295.24,-0.00611,busqueda_24m
1790810558,1,tsmom,240,"{""k_atr"": 3.0, ""n"": 84}",obj1R,reducido50,todos,long,3671,-0.02739,-2617.32,-0.03291,busqueda_24m
1790810558,1,tsmom,240,"{""k_atr"": 3.0, ""n"": 84}",obj1R,reducido50,todos,short,3710,0.03445,2322.09,0.02713,busqueda_24m
1790810558,1,tsmom,240,"{""k_atr"": 3.0, ""n"": 84}",obj2R,reducido50,todos,ambos,7381,0.00383,-1111.31,-0.01144,busqueda_24m
1790810558,1,tsmom,240,"{""k_atr"": 3.0, ""n"": 84}",obj2R,reducido50,todos,long,3671,-0.04226,-3996.21,-0.04164,busqueda_24m
1790810558,1,tsmom,240,"{""k_atr"": 3.0, ""n"": 84}",obj2R,reducido50,todos,short,3710,0.04944,2884.91,0.02829,busqueda_24m
1790810558,1,tsmom,240,"{""k_atr"": 3.0, ""n"": 84}",obj3R,reducido50,todos,ambos,7381,0.01217,-442.65,-0.00358,busqueda_24m
1790810558,1,tsmom,240,"{""k_atr"": 3.0, ""n"": 84}",obj3R,reducido50,todos,long,3671,-0.02353,-3106.84,-0.03129,busqueda_24m
1790810558,1,tsmom,240,"{""k_atr"": 3.0, ""n"": 84}",obj3R,reducido50,todos,short,3710,0.0475,2664.19,0.02349,busqueda_24m
1790810558,1,tsmom,240,"{""k_atr"": 3.0, ""n"": 84}",trail2R,reducido50,todos,ambos,7381,0.04155,2891.5,0.01597,busqueda_24m
1790810558,1,tsmom,240,"{""k_atr"": 3.0, ""n"": 84}",trail2R,reducido50,todos,long,3671,-0.00622,-1882.4,-0.01862,busqueda_24m
1790810558,1,tsmom,240,"{""k_atr"": 3.0, ""n"": 84}",trail2R,reducido50,todos,short,3710,0.08883,4773.9,0.02705,busqueda_24m
1790810558,1,tsmom,240,"{""k_atr"": 3.0, ""n"": 84}",trail3R,reducido50,todos,ambos,7381,0.03169,1387.76,0.00834,busqueda_24m
1790810558,1,tsmom,240,"{""k_atr"": 3.0, ""n"": 84}",trail3R,reducido50,todos,long,3671,-0.01331,-2592.73,-0.02502,busqueda_24m
1790810558,1,tsmom,240,"{""k_atr"": 3.0, ""n"": 84}",trail3R,reducido50,todos,short,3710,0.07622,3980.49,0.02517,busqueda_24m
1790810558,1,tsmom,240,"{""k_atr"": 3.0, ""n"": 84}",obj3R_be,reducido50,todos,ambos,7381,0.01088,-672.79,-0.00552,busqueda_24m
1790810558,1,tsmom,240,"{""k_atr"": 3.0, ""n"": 84}",obj3R_be,reducido50,todos,long,3671,-0.02519,-3347.69,-0.03467,busqueda_24m
1790810558,1,tsmom,240,"{""k_atr"": 3.0, ""n"": 84}",obj3R_be,reducido50,todos,short,3710,0.04657,2674.9,0.0237,busqueda_24m
1790810558,1,tsmom,240,"{""k_atr"": 3.0, ""n"": 84}",obj5pct,reducido50,todos,ambos,7381,-0.02139,-2576.95,-0.20702,busqueda_24m
1790810558,1,tsmom,240,"{""k_atr"": 3.0, ""n"": 84}",obj5pct,reducido50,todos,long,3671,-0.02018,-1297.76,-0.12119,busqueda_24m
1790810558,1,tsmom,240,"{""k_atr"": 3.0, ""n"": 84}",obj5pct,reducido50,todos,short,3710,-0.0226,-1279.19,-0.13786,busqueda_24m
1790810558,1,tsmom,240,"{""k_atr"": 3.0, ""n"": 84}",obj10pct,reducido50,todos,ambos,7381,-0.02445,-2850.07,-0.1518,busqueda_24m
1790810558,1,tsmom,240,"{""k_atr"": 3.0, ""n"": 84}",obj10pct,reducido50,todos,long,3671,-0.0211,-1350.03,-0.07676,busqueda_24m
1790810558,1,tsmom,240,"{""k_atr"": 3.0, ""n"": 84}",obj10pct,reducido50,todos,short,3710,-0.02776,-1500.04,-0.09508,busqueda_24m
1790810558,1,tsmom,240,"{""k_atr"": 3.0, ""n"": 84}",obj20pct,reducido50,todos,ambos,7381,-0.01481,-1598.28,-0.06102,busqueda_24m
1790810558,1,tsmom,240,"{""k_atr"": 3.0, ""n"": 84}",obj20pct,reducido50,todos,long,3671,-0.01251,-897.42,-0.03028,busqueda_24m
1790810558,1,tsmom,240,"{""k_atr"": 3.0, ""n"": 84}",obj20pct,reducido50,todos,short,3710,-0.01709,-700.86,-0.02661,busqueda_24m
1790810558,1,tsmom,240,"{""k_atr"": 3.0, ""n"": 84}",obj30pct,reducido50,todos,ambos,7381,-0.00564,-541.94,-0.01837,busqueda_24m
1790810558,1,tsmom,240,"{""k_atr"": 3.0, ""n"": 84}",obj30pct,reducido50,todos,long,3671,-0.00465,-554.97,-0.014,busqueda_24m
1790810558,1,tsmom,240,"{""k_atr"": 3.0, ""n"": 84}",obj30pct,reducido50,todos,short,3710,-0.00663,13.03,0.00036,busqueda_24m
1790810558,1,tsmom,240,"{""k_atr"": 3.0, ""n"": 84}",obj50pct,reducido50,todos,ambos,7381,-0.00043,-447.65,-0.01424,busqueda_24m
1790810558,1,tsmom,240,"{""k_atr"": 3.0, ""n"": 84}",obj50pct,reducido50,todos,long,3671,-0.0112,-1342.38,-0.0234,busqueda_24m
1790810558,1,tsmom,240,"{""k_atr"": 3.0, ""n"": 84}",obj50pct,reducido50,todos,short,3710,0.01022,894.73,0.0159,busqueda_24m
1790810558,1,tsmom,240,"{""k_atr"": 3.0, ""n"": 84}",obj1R,reducido50,todos,ambos,7381,-0.05668,-7029.67,-0.17832,busqueda_24m
1790810558,1,tsmom,240,"{""k_atr"": 3.0, ""n"": 84}",obj1R,reducido50,todos,long,3710,-0.08919,-6462.86,-0.0759,busqueda_24m
1790810558,1,tsmom,240,"{""k_atr"": 3.0, ""n"": 84}",obj1R,reducido50,todos,short,3671,-0.02383,-566.81,-0.00693,busqueda_24m
1790810558,1,tsmom,240,"{""k_atr"": 3.0, ""n"": 84}",obj2R,reducido50,todos,ambos,7381,-0.05582,-7463.7,-0.08896,busqueda_24m
1790810558,1,tsmom,240,"{""k_atr"": 3.0, ""n"": 84}",obj2R,reducido50,todos,long,3710,-0.10433,-7832.84,-0.07923,busqueda_24m
1790810558,1,tsmom,240,"{""k_atr"": 3.0, ""n"": 84}",obj2R,reducido50,todos,short,3671,-0.0068,369.15,0.00373,busqueda_24m
1790810558,1,tsmom,240,"{""k_atr"": 3.0, ""n"": 84}",obj3R,reducido50,todos,ambos,7381,-0.04313,-6251.89,-0.05585,busqueda_24m
1790810558,1,tsmom,240,"{""k_atr"": 3.0, ""n"": 84}",obj3R,reducido50,todos,long,3710,-0.08883,-6976.84,-0.07046,busqueda_24m
1790810558,1,tsmom,240,"{""k_atr"": 3.0, ""n"": 84}",obj3R,reducido50,todos,short,3671,0.00306,724.95,0.00649,busqueda_24m
1790810558,1,tsmom,240,"{""k_atr"": 3.0, ""n"": 84}",trail2R,reducido50,todos,ambos,7381,-0.01284,-3214.67,-0.01766,busqueda_24m
1790810558,1,tsmom,240,"{""k_atr"": 3.0, ""n"": 84}",trail2R,reducido50,todos,long,3710,-0.08591,-6739.46,-0.06779,busqueda_24m
1790810558,1,tsmom,240,"{""k_atr"": 3.0, ""n"": 84}",trail2R,reducido50,todos,short,3671,0.061,3524.79,0.01858,busqueda_24m
1790810558,1,tsmom,240,"{""k_atr"": 3.0, ""n"": 84}",trail3R,reducido50,todos,ambos,7381,-0.01943,-4135.69,-0.02396,busqueda_24m
1790810558,1,tsmom,240,"{""k_atr"": 3.0, ""n"": 84}",trail3R,reducido50,todos,long,3710,-0.08803,-7009.2,-0.06859,busqueda_24m
1790810558,1,tsmom,240,"{""k_atr"": 3.0, ""n"": 84}",trail3R,reducido50,todos,short,3671,0.04989,2873.51,0.01613,busqueda_24m
1790810558,1,tsmom,240,"{""k_atr"": 3.0, ""n"": 84}",obj3R_be,reducido50,todos,ambos,7381,-0.04452,-6478.26,-0.05842,busqueda_24m
1790810558,1,tsmom,240,"{""k_atr"": 3.0, ""n"": 84}",obj3R_be,reducido50,todos,long,3710,-0.09078,-7173.56,-0.07376,busqueda_24m
1790810558,1,tsmom,240,"{""k_atr"": 3.0, ""n"": 84}",obj3R_be,reducido50,todos,short,3671,0.00223,695.29,0.00625,busqueda_24m
1790810558,1,tsmom,240,"{""k_atr"": 3.0, ""n"": 84}",obj5pct,reducido50,todos,ambos,7381,-0.03269,-3451.8,-0.2405,busqueda_24m
1790810558,1,tsmom,240,"{""k_atr"": 3.0, ""n"": 84}",obj5pct,reducido50,todos,long,3710,-0.03319,-1814.03,-0.15413,busqueda_24m
1790810558,1,tsmom,240,"{""k_atr"": 3.0, ""n"": 84}",obj5pct,reducido50,todos,short,3671,-0.03218,-1637.77,-0.17534,busqueda_24m
1790810558,1,tsmom,240,"{""k_atr"": 3.0, ""n"": 84}",obj10pct,reducido50,todos,ambos,7381,-0.04719,-4814.13,-0.19084,busqueda_24m
1790810558,1,tsmom,240,"{""k_atr"": 3.0, ""n"": 84}",obj10pct,reducido50,todos,long,3710,-0.04894,-2713.18,-0.12442,busqueda_24m
1790810558,1,tsmom,240,"{""k_atr"": 3.0, ""n"": 84}",obj10pct,reducido50,todos,short,3671,-0.04542,-2100.95,-0.12829,busqueda_24m
1790810558,1,tsmom,240,"{""k_atr"": 3.0, ""n"": 84}",obj20pct,reducido50,todos,ambos,7381,-0.0574,-6176.35,-0.16257,busqueda_24m
1790810558,1,tsmom,240,"{""k_atr"": 3.0, ""n"": 84}",obj20pct,reducido50,todos,long,3710,-0.06221,-3661.36,-0.10406,busqueda_24m
1790810558,1,tsmom,240,"{""k_atr"": 3.0, ""n"": 84}",obj20pct,reducido50,todos,short,3671,-0.05253,-2514.99,-0.09172,busqueda_24m
1790810558,1,tsmom,240,"{""k_atr"": 3.0, ""n"": 84}",obj30pct,reducido50,todos,ambos,7381,-0.06006,-6388.78,-0.14088,busqueda_24m
1790810558,1,tsmom,240,"{""k_atr"": 3.0, ""n"": 84}",obj30pct,reducido50,todos,long,3710,-0.07163,-4371.84,-0.09574,busqueda_24m
1790810558,1,tsmom,240,"{""k_atr"": 3.0, ""n"": 84}",obj30pct,reducido50,todos,short,3671,-0.04838,-2016.95,-0.05515,busqueda_24m
1790810558,1,tsmom,240,"{""k_atr"": 3.0, ""n"": 84}",obj50pct,reducido50,todos,ambos,7381,-0.0644,-7542.63,-0.15173,busqueda_24m
1790810558,1,tsmom,240,"{""k_atr"": 3.0, ""n"": 84}",obj50pct,reducido50,todos,long,3710,-0.08402,-5456.78,-0.086,busqueda_24m
1790810558,1,tsmom,240,"{""k_atr"": 3.0, ""n"": 84}",obj50pct,reducido50,todos,short,3671,-0.04457,-2085.85,-0.03844,busqueda_24m
1790810558,1,tsmom,240,"{""k_atr"": 3.0, ""n"": 180}",obj1R,reducido50,todos,ambos,5555,-0.05305,-5749.2,-0.14385,busqueda_24m
1790810558,1,tsmom,240,"{""k_atr"": 3.0, ""n"": 180}",obj1R,reducido50,todos,long,2765,-0.07404,-4291.56,-0.07329,busqueda_24m
1790810558,1,tsmom,240,"{""k_atr"": 3.0, ""n"": 180}",obj1R,reducido50,todos,short,2790,-0.03226,-1457.64,-0.0235,busqueda_24m
1790810558,1,tsmom,240,"{""k_atr"": 3.0, ""n"": 180}",obj2R,reducido50,todos,ambos,5555,-0.05426,-6603.39,-0.08885,busqueda_24m
1790810558,1,tsmom,240,"{""k_atr"": 3.0, ""n"": 180}",obj2R,reducido50,todos,long,2765,-0.0931,-5421.04,-0.07929,busqueda_24m
1790810558,1,tsmom,240,"{""k_atr"": 3.0, ""n"": 180}",obj2R,reducido50,todos,short,2790,-0.01578,-1182.35,-0.01641,busqueda_24m
1790810558,1,tsmom,240,"{""k_atr"": 3.0, ""n"": 180}",obj3R,reducido50,todos,ambos,5555,-0.06213,-7608.23,-0.08844,busqueda_24m
1790810558,1,tsmom,240,"{""k_atr"": 3.0, ""n"": 180}",obj3R,reducido50,todos,long,2765,-0.10391,-6003.86,-0.08737,busqueda_24m
1790810558,1,tsmom,240,"{""k_atr"": 3.0, ""n"": 180}",obj3R,reducido50,todos,short,2790,-0.02072,-1604.36,-0.02111,busqueda_24m
1790810558,1,tsmom,240,"{""k_atr"": 3.0, ""n"": 180}",trail2R,reducido50,todos,ambos,5555,-0.03694,-5834.86,-0.05798,busqueda_24m
1790810558,1,tsmom,240,"{""k_atr"": 3.0, ""n"": 180}",trail2R,reducido50,todos,long,2765,-0.07871,-4997.21,-0.07293,busqueda_24m
1790810558,1,tsmom,240,"{""k_atr"": 3.0, ""n"": 180}",trail2R,reducido50,todos,short,2790,0.00445,-837.66,-0.00933,busqueda_24m
1790810558,1,tsmom,240,"{""k_atr"": 3.0, ""n"": 180}",trail3R,reducido50,todos,ambos,5555,-0.04135,-6613.95,-0.06804,busqueda_24m
1790810558,1,tsmom,240,"{""k_atr"": 3.0, ""n"": 180}",trail3R,reducido50,todos,long,2765,-0.08247,-5373.65,-0.07474,busqueda_24m
1790810558,1,tsmom,240,"{""k_atr"": 3.0, ""n"": 180}",trail3R,reducido50,todos,short,2790,-0.00059,-1240.3,-0.01503,busqueda_24m
1790810558,1,tsmom,240,"{""k_atr"": 3.0, ""n"": 180}",obj3R_be,reducido50,todos,ambos,5555,-0.05988,-7388.49,-0.0878,busqueda_24m
1790810558,1,tsmom,240,"{""k_atr"": 3.0, ""n"": 180}",obj3R_be,reducido50,todos,long,2765,-0.09777,-5818.52,-0.08714,busqueda_24m
1790810558,1,tsmom,240,"{""k_atr"": 3.0, ""n"": 180}",obj3R_be,reducido50,todos,short,2790,-0.02233,-1569.97,-0.02114,busqueda_24m
1790810558,1,tsmom,240,"{""k_atr"": 3.0, ""n"": 180}",obj5pct,reducido50,todos,ambos,5555,-0.02995,-2606.93,-0.21869,busqueda_24m
1790810558,1,tsmom,240,"{""k_atr"": 3.0, ""n"": 180}",obj5pct,reducido50,todos,long,2765,-0.03031,-1258.16,-0.12401,busqueda_24m
1790810558,1,tsmom,240,"{""k_atr"": 3.0, ""n"": 180}",obj5pct,reducido50,todos,short,2790,-0.02959,-1348.77,-0.15492,busqueda_24m
1790810558,1,tsmom,240,"{""k_atr"": 3.0, ""n"": 180}",obj10pct,reducido50,todos,ambos,5555,-0.0364,-3241.25,-0.18249,busqueda_24m
1790810558,1,tsmom,240,"{""k_atr"": 3.0, ""n"": 180}",obj10pct,reducido50,todos,long,2765,-0.04123,-1810.65,-0.11038,busqueda_24m
1790810558,1,tsmom,240,"{""k_atr"": 3.0, ""n"": 180}",obj10pct,reducido50,todos,short,2790,-0.03161,-1430.6,-0.10672,busqueda_24m
1790810558,1,tsmom,240,"{""k_atr"": 3.0, ""n"": 180}",obj20pct,reducido50,todos,ambos,5555,-0.04302,-3918.31,-0.16224,busqueda_24m
1790810558,1,tsmom,240,"{""k_atr"": 3.0, ""n"": 180}",obj20pct,reducido50,todos,long,2765,-0.05286,-2540.86,-0.09411,busqueda_24m
1790810558,1,tsmom,240,"{""k_atr"": 3.0, ""n"": 180}",obj20pct,reducido50,todos,short,2790,-0.03327,-1377.45,-0.06574,busqueda_24m
1790810558,1,tsmom,240,"{""k_atr"": 3.0, ""n"": 180}",obj30pct,reducido50,todos,ambos,5555,-0.03682,-3238.02,-0.12753,busqueda_24m
1790810558,1,tsmom,240,"{""k_atr"": 3.0, ""n"": 180}",obj30pct,reducido50,todos,long,2765,-0.04882,-2376.06,-0.07087,busqueda_24m
1790810558,1,tsmom,240,"{""k_atr"": 3.0, ""n"": 180}",obj30pct,reducido50,todos,short,2790,-0.02493,-861.96,-0.03043,busqueda_24m
1790810558,1,tsmom,240,"{""k_atr"": 3.0, ""n"": 180}",obj50pct,reducido50,todos,ambos,5555,-0.0445,-4248.14,-0.164,busqueda_24m
1790810558,1,tsmom,240,"{""k_atr"": 3.0, ""n"": 180}",obj50pct,reducido50,todos,long,2765,-0.0582,-2952.1,-0.0638,busqueda_24m
1790810558,1,tsmom,240,"{""k_atr"": 3.0, ""n"": 180}",obj50pct,reducido50,todos,short,2790,-0.03091,-1296.04,-0.02934,busqueda_24m
1790810558,1,tsmom,240,"{""k_atr"": 3.0, ""n"": 180}",obj1R,reducido50,todos,ambos,5555,-0.0047,-899.25,-0.02788,busqueda_24m
1790810558,1,tsmom,240,"{""k_atr"": 3.0, ""n"": 180}",obj1R,reducido50,todos,long,2790,-0.02352,-1877.16,-0.03049,busqueda_24m
1790810558,1,tsmom,240,"{""k_atr"": 3.0, ""n"": 180}",obj1R,reducido50,todos,short,2765,0.01429,977.91,0.01606,busqueda_24m
1790810558,1,tsmom,240,"{""k_atr"": 3.0, ""n"": 180}",obj2R,reducido50,todos,ambos,5555,-0.00564,-1681.43,-0.02812,busqueda_24m
1790810558,1,tsmom,240,"{""k_atr"": 3.0, ""n"": 180}",obj2R,reducido50,todos,long,2790,-0.02926,-2522.66,-0.03553,busqueda_24m
1790810558,1,tsmom,240,"{""k_atr"": 3.0, ""n"": 180}",obj2R,reducido50,todos,short,2765,0.0182,841.24,0.01176,busqueda_24m
1790810558,1,tsmom,240,"{""k_atr"": 3.0, ""n"": 180}",obj3R,reducido50,todos,ambos,5555,-0.01256,-2520.0,-0.03377,busqueda_24m
1790810558,1,tsmom,240,"{""k_atr"": 3.0, ""n"": 180}",obj3R,reducido50,todos,long,2790,-0.03757,-2756.54,-0.03892,busqueda_24m
1790810558,1,tsmom,240,"{""k_atr"": 3.0, ""n"": 180}",obj3R,reducido50,todos,short,2765,0.01268,236.54,0.00342,busqueda_24m
1790810558,1,tsmom,240,"{""k_atr"": 3.0, ""n"": 180}",trail2R,reducido50,todos,ambos,5555,0.00323,-1424.44,-0.01694,busqueda_24m
1790810558,1,tsmom,240,"{""k_atr"": 3.0, ""n"": 180}",trail2R,reducido50,todos,long,2790,-0.02249,-2158.04,-0.0305,busqueda_24m
1790810558,1,tsmom,240,"{""k_atr"": 3.0, ""n"": 180}",trail2R,reducido50,todos,short,2765,0.02919,733.6,0.00992,busqueda_24m
1790810558,1,tsmom,240,"{""k_atr"": 3.0, ""n"": 180}",trail3R,reducido50,todos,ambos,5555,-0.00731,-2945.44,-0.03531,busqueda_24m
1790810558,1,tsmom,240,"{""k_atr"": 3.0, ""n"": 180}",trail3R,reducido50,todos,long,2790,-0.03771,-3349.75,-0.04654,busqueda_24m
1790810558,1,tsmom,240,"{""k_atr"": 3.0, ""n"": 180}",trail3R,reducido50,todos,short,2765,0.02336,404.31,0.00569,busqueda_24m
1790810558,1,tsmom,240,"{""k_atr"": 3.0, ""n"": 180}",obj3R_be,reducido50,todos,ambos,5555,-0.01107,-2381.19,-0.03231,busqueda_24m
1790810558,1,tsmom,240,"{""k_atr"": 3.0, ""n"": 180}",obj3R_be,reducido50,todos,long,2790,-0.03059,-2552.96,-0.03667,busqueda_24m
1790810558,1,tsmom,240,"{""k_atr"": 3.0, ""n"": 180}",obj3R_be,reducido50,todos,short,2765,0.00863,171.77,0.00255,busqueda_24m
1790810558,1,tsmom,240,"{""k_atr"": 3.0, ""n"": 180}",obj5pct,reducido50,todos,ambos,5555,-0.02838,-2422.34,-0.18592,busqueda_24m
1790810558,1,tsmom,240,"{""k_atr"": 3.0, ""n"": 180}",obj5pct,reducido50,todos,long,2790,-0.03114,-1331.67,-0.12164,busqueda_24m
1790810558,1,tsmom,240,"{""k_atr"": 3.0, ""n"": 180}",obj5pct,reducido50,todos,short,2765,-0.02559,-1090.67,-0.14756,busqueda_24m
1790810558,1,tsmom,240,"{""k_atr"": 3.0, ""n"": 180}",obj10pct,reducido50,todos,ambos,5555,-0.02516,-2112.73,-0.11106,busqueda_24m
1790810558,1,tsmom,240,"{""k_atr"": 3.0, ""n"": 180}",obj10pct,reducido50,todos,long,2790,-0.03377,-1455.13,-0.089,busqueda_24m
1790810558,1,tsmom,240,"{""k_atr"": 3.0, ""n"": 180}",obj10pct,reducido50,todos,short,2765,-0.01646,-657.6,-0.05865,busqueda_24m
1790810558,1,tsmom,240,"{""k_atr"": 3.0, ""n"": 180}",obj20pct,reducido50,todos,ambos,5555,-0.01898,-1505.39,-0.05528,busqueda_24m
1790810558,1,tsmom,240,"{""k_atr"": 3.0, ""n"": 180}",obj20pct,reducido50,todos,long,2790,-0.02932,-1320.28,-0.05213,busqueda_24m
1790810558,1,tsmom,240,"{""k_atr"": 3.0, ""n"": 180}",obj20pct,reducido50,todos,short,2765,-0.00854,-185.11,-0.00983,busqueda_24m
1790810558,1,tsmom,240,"{""k_atr"": 3.0, ""n"": 180}",obj30pct,reducido50,todos,ambos,5555,-0.01394,-1119.7,-0.03468,busqueda_24m
1790810558,1,tsmom,240,"{""k_atr"": 3.0, ""n"": 180}",obj30pct,reducido50,todos,long,2790,-0.03073,-1541.95,-0.04561,busqueda_24m
1790810558,1,tsmom,240,"{""k_atr"": 3.0, ""n"": 180}",obj30pct,reducido50,todos,short,2765,0.00301,422.25,0.01633,busqueda_24m
1790810558,1,tsmom,240,"{""k_atr"": 3.0, ""n"": 180}",obj50pct,reducido50,todos,ambos,5555,0.00058,10.55,0.0003,busqueda_24m
1790810558,1,tsmom,240,"{""k_atr"": 3.0, ""n"": 180}",obj50pct,reducido50,todos,long,2790,-0.01782,-1231.32,-0.02639,busqueda_24m
1790810558,1,tsmom,240,"{""k_atr"": 3.0, ""n"": 180}",obj50pct,reducido50,todos,short,2765,0.01914,1241.87,0.03109,busqueda_24m
1790810558,1,tsmom,1440,"{""k_atr"": 3.0, ""n"": 7}",obj1R,reducido50,todos,ambos,4729,0.00774,776.4,0.00567,busqueda_24m
1790810558,1,tsmom,1440,"{""k_atr"": 3.0, ""n"": 7}",obj1R,reducido50,todos,long,2334,0.00625,-1143.53,-0.01064,busqueda_24m
1790810558,1,tsmom,1440,"{""k_atr"": 3.0, ""n"": 7}",obj1R,reducido50,todos,short,2395,0.00919,1919.94,0.01471,busqueda_24m
1790810558,1,tsmom,1440,"{""k_atr"": 3.0, ""n"": 7}",obj2R,reducido50,todos,ambos,4729,0.0223,3378.65,0.01826,busqueda_24m
1790810558,1,tsmom,1440,"{""k_atr"": 3.0, ""n"": 7}",obj2R,reducido50,todos,long,2334,0.01866,1045.41,0.00845,busqueda_24m
1790810558,1,tsmom,1440,"{""k_atr"": 3.0, ""n"": 7}",obj2R,reducido50,todos,short,2395,0.02586,2333.24,0.0139,busqueda_24m
1790810558,1,tsmom,1440,"{""k_atr"": 3.0, ""n"": 7}",obj3R,reducido50,todos,ambos,4729,0.03281,5218.5,0.02613,busqueda_24m
1790810558,1,tsmom,1440,"{""k_atr"": 3.0, ""n"": 7}",obj3R,reducido50,todos,long,2334,0.02862,2469.36,0.01968,busqueda_24m
1790810558,1,tsmom,1440,"{""k_atr"": 3.0, ""n"": 7}",obj3R,reducido50,todos,short,2395,0.03689,2749.14,0.01591,busqueda_24m
1790810558,1,tsmom,1440,"{""k_atr"": 3.0, ""n"": 7}",trail2R,reducido50,todos,ambos,4729,0.03008,4346.67,0.0255,busqueda_24m
1790810558,1,tsmom,1440,"{""k_atr"": 3.0, ""n"": 7}",trail2R,reducido50,todos,long,2334,0.04317,3416.33,0.02476,busqueda_24m
1790810558,1,tsmom,1440,"{""k_atr"": 3.0, ""n"": 7}",trail2R,reducido50,todos,short,2395,0.01733,930.34,0.00737,busqueda_24m
1790810558,1,tsmom,1440,"{""k_atr"": 3.0, ""n"": 7}",trail3R,reducido50,todos,ambos,4729,0.0273,3270.2,0.01989,busqueda_24m
1790810558,1,tsmom,1440,"{""k_atr"": 3.0, ""n"": 7}",trail3R,reducido50,todos,long,2334,0.04493,2900.28,0.0201,busqueda_24m
1790810558,1,tsmom,1440,"{""k_atr"": 3.0, ""n"": 7}",trail3R,reducido50,todos,short,2395,0.01013,369.93,0.00377,busqueda_24m
1790810558,1,tsmom,1440,"{""k_atr"": 3.0, ""n"": 7}",obj3R_be,reducido50,todos,ambos,4729,0.02987,4565.1,0.02296,busqueda_24m
1790810558,1,tsmom,1440,"{""k_atr"": 3.0, ""n"": 7}",obj3R_be,reducido50,todos,long,2334,0.02496,2040.57,0.01663,busqueda_24m
1790810558,1,tsmom,1440,"{""k_atr"": 3.0, ""n"": 7}",obj3R_be,reducido50,todos,short,2395,0.03466,2524.53,0.01463,busqueda_24m
1790810558,1,tsmom,1440,"{""k_atr"": 3.0, ""n"": 7}",obj5pct,reducido50,todos,ambos,4729,-0.00956,-2015.51,-0.15798,busqueda_24m
1790810558,1,tsmom,1440,"{""k_atr"": 3.0, ""n"": 7}",obj5pct,reducido50,todos,long,2334,-0.00899,-1097.55,-0.10892,busqueda_24m
1790810558,1,tsmom,1440,"{""k_atr"": 3.0, ""n"": 7}",obj5pct,reducido50,todos,short,2395,-0.01011,-917.96,-0.09916,busqueda_24m
1790810558,1,tsmom,1440,"{""k_atr"": 3.0, ""n"": 7}",obj10pct,reducido50,todos,ambos,4729,-0.01249,-2512.73,-0.12446,busqueda_24m
1790810558,1,tsmom,1440,"{""k_atr"": 3.0, ""n"": 7}",obj10pct,reducido50,todos,long,2334,-0.00816,-1074.06,-0.06715,busqueda_24m
1790810558,1,tsmom,1440,"{""k_atr"": 3.0, ""n"": 7}",obj10pct,reducido50,todos,short,2395,-0.01671,-1438.67,-0.08886,busqueda_24m
1790810558,1,tsmom,1440,"{""k_atr"": 3.0, ""n"": 7}",obj20pct,reducido50,todos,ambos,4729,-0.0153,-3091.69,-0.1074,busqueda_24m
1790810558,1,tsmom,1440,"{""k_atr"": 3.0, ""n"": 7}",obj20pct,reducido50,todos,long,2334,-0.00578,-909.74,-0.03503,busqueda_24m
1790810558,1,tsmom,1440,"{""k_atr"": 3.0, ""n"": 7}",obj20pct,reducido50,todos,short,2395,-0.02457,-2181.95,-0.08584,busqueda_24m
1790810558,1,tsmom,1440,"{""k_atr"": 3.0, ""n"": 7}",obj30pct,reducido50,todos,ambos,4729,-0.013,-2617.37,-0.079,busqueda_24m
1790810558,1,tsmom,1440,"{""k_atr"": 3.0, ""n"": 7}",obj30pct,reducido50,todos,long,2334,-0.00467,-877.06,-0.0249,busqueda_24m
1790810558,1,tsmom,1440,"{""k_atr"": 3.0, ""n"": 7}",obj30pct,reducido50,todos,short,2395,-0.02112,-1740.31,-0.05389,busqueda_24m
1790810558,1,tsmom,1440,"{""k_atr"": 3.0, ""n"": 7}",obj50pct,reducido50,todos,ambos,4729,-0.00638,-1352.27,-0.03536,busqueda_24m
1790810558,1,tsmom,1440,"{""k_atr"": 3.0, ""n"": 7}",obj50pct,reducido50,todos,long,2334,0.00489,-68.82,-0.00143,busqueda_24m
1790810558,1,tsmom,1440,"{""k_atr"": 3.0, ""n"": 7}",obj50pct,reducido50,todos,short,2395,-0.01736,-1283.46,-0.02756,busqueda_24m
1790810558,1,tsmom,1440,"{""k_atr"": 3.0, ""n"": 7}",obj1R,reducido50,todos,ambos,4729,-0.01645,-3579.47,-0.03105,busqueda_24m
1790810558,1,tsmom,1440,"{""k_atr"": 3.0, ""n"": 7}",obj1R,reducido50,todos,long,2395,-0.02747,-5472.64,-0.04659,busqueda_24m
1790810558,1,tsmom,1440,"{""k_atr"": 3.0, ""n"": 7}",obj1R,reducido50,todos,short,2334,-0.00514,1893.17,0.01472,busqueda_24m
1790810558,1,tsmom,1440,"{""k_atr"": 3.0, ""n"": 7}",obj2R,reducido50,todos,ambos,4729,-0.01276,-3409.84,-0.0209,busqueda_24m
1790810558,1,tsmom,1440,"{""k_atr"": 3.0, ""n"": 7}",obj2R,reducido50,todos,long,2395,-0.02375,-4782.99,-0.03722,busqueda_24m
1790810558,1,tsmom,1440,"{""k_atr"": 3.0, ""n"": 7}",obj2R,reducido50,todos,short,2334,-0.00148,1373.15,0.00945,busqueda_24m
1790810558,1,tsmom,1440,"{""k_atr"": 3.0, ""n"": 7}",obj3R,reducido50,todos,ambos,4729,-0.00196,-1500.99,-0.00877,busqueda_24m
1790810558,1,tsmom,1440,"{""k_atr"": 3.0, ""n"": 7}",obj3R,reducido50,todos,long,2395,-0.01067,-3151.7,-0.02355,busqueda_24m
1790810558,1,tsmom,1440,"{""k_atr"": 3.0, ""n"": 7}",obj3R,reducido50,todos,short,2334,0.00698,1650.72,0.01146,busqueda_24m
1790810558,1,tsmom,1440,"{""k_atr"": 3.0, ""n"": 7}",trail2R,reducido50,todos,ambos,4729,0.00128,-1299.8,-0.00752,busqueda_24m
1790810558,1,tsmom,1440,"{""k_atr"": 3.0, ""n"": 7}",trail2R,reducido50,todos,long,2395,0.00652,-1851.41,-0.01234,busqueda_24m
1790810558,1,tsmom,1440,"{""k_atr"": 3.0, ""n"": 7}",trail2R,reducido50,todos,short,2334,-0.00411,551.61,0.00457,busqueda_24m
1790810558,1,tsmom,1440,"{""k_atr"": 3.0, ""n"": 7}",trail3R,reducido50,todos,ambos,4729,0.00417,-1041.8,-0.00609,busqueda_24m
1790810558,1,tsmom,1440,"{""k_atr"": 3.0, ""n"": 7}",trail3R,reducido50,todos,long,2395,0.01708,-1238.05,-0.00824,busqueda_24m
1790810558,1,tsmom,1440,"{""k_atr"": 3.0, ""n"": 7}",trail3R,reducido50,todos,short,2334,-0.00908,196.25,0.00181,busqueda_24m
1790810558,1,tsmom,1440,"{""k_atr"": 3.0, ""n"": 7}",obj3R_be,reducido50,todos,ambos,4729,-0.00448,-1944.82,-0.01138,busqueda_24m
1790810558,1,tsmom,1440,"{""k_atr"": 3.0, ""n"": 7}",obj3R_be,reducido50,todos,long,2395,-0.01185,-3286.4,-0.02468,busqueda_24m
1790810558,1,tsmom,1440,"{""k_atr"": 3.0, ""n"": 7}",obj3R_be,reducido50,todos,short,2334,0.00308,1341.58,0.00934,busqueda_24m
1790810558,1,tsmom,1440,"{""k_atr"": 3.0, ""n"": 7}",obj5pct,reducido50,todos,ambos,4729,-0.01138,-2270.76,-0.16832,busqueda_24m
1790810558,1,tsmom,1440,"{""k_atr"": 3.0, ""n"": 7}",obj5pct,reducido50,todos,long,2395,-0.0119,-1133.34,-0.09877,busqueda_24m
1790810558,1,tsmom,1440,"{""k_atr"": 3.0, ""n"": 7}",obj5pct,reducido50,todos,short,2334,-0.01085,-1137.43,-0.14889,busqueda_24m
1790810558,1,tsmom,1440,"{""k_atr"": 3.0, ""n"": 7}",obj10pct,reducido50,todos,ambos,4729,-0.01449,-2583.64,-0.12876,busqueda_24m
1790810558,1,tsmom,1440,"{""k_atr"": 3.0, ""n"": 7}",obj10pct,reducido50,todos,long,2395,-0.00968,-753.25,-0.04594,busqueda_24m
1790810558,1,tsmom,1440,"{""k_atr"": 3.0, ""n"": 7}",obj10pct,reducido50,todos,short,2334,-0.01942,-1830.39,-0.14274,busqueda_24m
1790810558,1,tsmom,1440,"{""k_atr"": 3.0, ""n"": 7}",obj20pct,reducido50,todos,ambos,4729,-0.01973,-3550.32,-0.10796,busqueda_24m
1790810558,1,tsmom,1440,"{""k_atr"": 3.0, ""n"": 7}",obj20pct,reducido50,todos,long,2395,-0.00596,-411.48,-0.016,busqueda_24m
1790810558,1,tsmom,1440,"{""k_atr"": 3.0, ""n"": 7}",obj20pct,reducido50,todos,short,2334,-0.03386,-3138.83,-0.13128,busqueda_24m
1790810558,1,tsmom,1440,"{""k_atr"": 3.0, ""n"": 7}",obj30pct,reducido50,todos,ambos,4729,-0.02586,-4796.94,-0.11303,busqueda_24m
1790810558,1,tsmom,1440,"{""k_atr"": 3.0, ""n"": 7}",obj30pct,reducido50,todos,long,2395,-0.01284,-1268.93,-0.0355,busqueda_24m
1790810558,1,tsmom,1440,"{""k_atr"": 3.0, ""n"": 7}",obj30pct,reducido50,todos,short,2334,-0.03921,-3528.02,-0.11121,busqueda_24m
1790810558,1,tsmom,1440,"{""k_atr"": 3.0, ""n"": 7}",obj50pct,reducido50,todos,ambos,4729,-0.03245,-6361.54,-0.12223,busqueda_24m
1790810558,1,tsmom,1440,"{""k_atr"": 3.0, ""n"": 7}",obj50pct,reducido50,todos,long,2395,-0.0156,-1829.78,-0.03603,busqueda_24m
1790810558,1,tsmom,1440,"{""k_atr"": 3.0, ""n"": 7}",obj50pct,reducido50,todos,short,2334,-0.04975,-4531.76,-0.10092,busqueda_24m
1790810558,1,tsmom,1440,"{""k_atr"": 3.0, ""n"": 14}",obj1R,reducido50,todos,ambos,3234,-0.00243,-737.09,-0.00839,busqueda_24m
1790810558,1,tsmom,1440,"{""k_atr"": 3.0, ""n"": 14}",obj1R,reducido50,todos,long,1606,-0.00609,-1493.02,-0.01988,busqueda_24m
1790810558,1,tsmom,1440,"{""k_atr"": 3.0, ""n"": 14}",obj1R,reducido50,todos,short,1628,0.00118,755.93,0.00863,busqueda_24m
1790810558,1,tsmom,1440,"{""k_atr"": 3.0, ""n"": 14}",obj2R,reducido50,todos,ambos,3234,0.01163,1370.13,0.01006,busqueda_24m
1790810558,1,tsmom,1440,"{""k_atr"": 3.0, ""n"": 14}",obj2R,reducido50,todos,long,1606,-0.00092,-236.27,-0.00279,busqueda_24m
1790810558,1,tsmom,1440,"{""k_atr"": 3.0, ""n"": 14}",obj2R,reducido50,todos,short,1628,0.02401,1606.4,0.01239,busqueda_24m
1790810558,1,tsmom,1440,"{""k_atr"": 3.0, ""n"": 14}",obj3R,reducido50,todos,ambos,3234,0.028,3005.84,0.02126,busqueda_24m
1790810558,1,tsmom,1440,"{""k_atr"": 3.0, ""n"": 14}",obj3R,reducido50,todos,long,1606,0.02379,1187.97,0.01265,busqueda_24m
1790810558,1,tsmom,1440,"{""k_atr"": 3.0, ""n"": 14}",obj3R,reducido50,todos,short,1628,0.03215,1817.88,0.01446,busqueda_24m
1790810558,1,tsmom,1440,"{""k_atr"": 3.0, ""n"": 14}",trail2R,reducido50,todos,ambos,3234,0.02441,2264.44,0.01839,busqueda_24m
1790810558,1,tsmom,1440,"{""k_atr"": 3.0, ""n"": 14}",trail2R,reducido50,todos,long,1606,0.03858,1968.81,0.01894,busqueda_24m
1790810558,1,tsmom,1440,"{""k_atr"": 3.0, ""n"": 14}",trail2R,reducido50,todos,short,1628,0.01043,295.64,0.00332,busqueda_24m
1790810558,1,tsmom,1440,"{""k_atr"": 3.0, ""n"": 14}",trail3R,reducido50,todos,ambos,3234,0.02589,2526.36,0.02026,busqueda_24m
1790810558,1,tsmom,1440,"{""k_atr"": 3.0, ""n"": 14}",trail3R,reducido50,todos,long,1606,0.04624,2372.97,0.02217,busqueda_24m
1790810558,1,tsmom,1440,"{""k_atr"": 3.0, ""n"": 14}",trail3R,reducido50,todos,short,1628,0.00581,153.38,0.00197,busqueda_24m
1790810558,1,tsmom,1440,"{""k_atr"": 3.0, ""n"": 14}",obj3R_be,reducido50,todos,ambos,3234,0.02584,2543.13,0.01818,busqueda_24m
1790810558,1,tsmom,1440,"{""k_atr"": 3.0, ""n"": 14}",obj3R_be,reducido50,todos,long,1606,0.02301,973.98,0.01061,busqueda_24m
1790810558,1,tsmom,1440,"{""k_atr"": 3.0, ""n"": 14}",obj3R_be,reducido50,todos,short,1628,0.02863,1569.15,0.0125,busqueda_24m
1790810558,1,tsmom,1440,"{""k_atr"": 3.0, ""n"": 14}",obj5pct,reducido50,todos,ambos,3234,-0.00579,-834.34,-0.09951,busqueda_24m
1790810558,1,tsmom,1440,"{""k_atr"": 3.0, ""n"": 14}",obj5pct,reducido50,todos,long,1606,-0.00735,-546.25,-0.08085,busqueda_24m
1790810558,1,tsmom,1440,"{""k_atr"": 3.0, ""n"": 14}",obj5pct,reducido50,todos,short,1628,-0.00426,-288.09,-0.0499,busqueda_24m
1790810558,1,tsmom,1440,"{""k_atr"": 3.0, ""n"": 14}",obj10pct,reducido50,todos,ambos,3234,-0.00788,-884.97,-0.06476,busqueda_24m
1790810558,1,tsmom,1440,"{""k_atr"": 3.0, ""n"": 14}",obj10pct,reducido50,todos,long,1606,-0.01002,-644.66,-0.05452,busqueda_24m
1790810558,1,tsmom,1440,"{""k_atr"": 3.0, ""n"": 14}",obj10pct,reducido50,todos,short,1628,-0.00577,-240.31,-0.02559,busqueda_24m
1790810558,1,tsmom,1440,"{""k_atr"": 3.0, ""n"": 14}",obj20pct,reducido50,todos,ambos,3234,-0.00998,-1160.92,-0.05263,busqueda_24m
1790810558,1,tsmom,1440,"{""k_atr"": 3.0, ""n"": 14}",obj20pct,reducido50,todos,long,1606,-0.01434,-957.95,-0.04528,busqueda_24m
1790810558,1,tsmom,1440,"{""k_atr"": 3.0, ""n"": 14}",obj20pct,reducido50,todos,short,1628,-0.00567,-202.97,-0.01269,busqueda_24m
1790810558,1,tsmom,1440,"{""k_atr"": 3.0, ""n"": 14}",obj30pct,reducido50,todos,ambos,3234,-0.00375,-37.48,-0.0015,busqueda_24m
1790810558,1,tsmom,1440,"{""k_atr"": 3.0, ""n"": 14}",obj30pct,reducido50,todos,long,1606,-0.00704,-392.37,-0.01526,busqueda_24m
1790810558,1,tsmom,1440,"{""k_atr"": 3.0, ""n"": 14}",obj30pct,reducido50,todos,short,1628,-0.0005,354.89,0.01648,busqueda_24m
1790810558,1,tsmom,1440,"{""k_atr"": 3.0, ""n"": 14}",obj50pct,reducido50,todos,ambos,3234,-0.0011,61.68,0.00201,busqueda_24m
1790810558,1,tsmom,1440,"{""k_atr"": 3.0, ""n"": 14}",obj50pct,reducido50,todos,long,1606,-0.00646,-539.63,-0.01489,busqueda_24m
1790810558,1,tsmom,1440,"{""k_atr"": 3.0, ""n"": 14}",obj50pct,reducido50,todos,short,1628,0.00418,601.32,0.01844,busqueda_24m
1790810558,1,tsmom,1440,"{""k_atr"": 3.0, ""n"": 14}",obj1R,reducido50,todos,ambos,3234,-0.02575,-3170.29,-0.03909,busqueda_24m
1790810558,1,tsmom,1440,"{""k_atr"": 3.0, ""n"": 14}",obj1R,reducido50,todos,long,1628,-0.03981,-4079.36,-0.05191,busqueda_24m
1790810558,1,tsmom,1440,"{""k_atr"": 3.0, ""n"": 14}",obj1R,reducido50,todos,short,1606,-0.01148,909.07,0.00996,busqueda_24m
1790810558,1,tsmom,1440,"{""k_atr"": 3.0, ""n"": 14}",obj2R,reducido50,todos,ambos,3234,-0.01721,-1837.92,-0.01319,busqueda_24m
1790810558,1,tsmom,1440,"{""k_atr"": 3.0, ""n"": 14}",obj2R,reducido50,todos,long,1628,-0.03154,-2969.76,-0.03423,busqueda_24m
1790810558,1,tsmom,1440,"{""k_atr"": 3.0, ""n"": 14}",obj2R,reducido50,todos,short,1606,-0.00268,1131.84,0.00824,busqueda_24m
1790810558,1,tsmom,1440,"{""k_atr"": 3.0, ""n"": 14}",obj3R,reducido50,todos,ambos,3234,-0.0032,-964.38,-0.00644,busqueda_24m
1790810558,1,tsmom,1440,"{""k_atr"": 3.0, ""n"": 14}",obj3R,reducido50,todos,long,1628,-0.02032,-2890.74,-0.03335,busqueda_24m
1790810558,1,tsmom,1440,"{""k_atr"": 3.0, ""n"": 14}",obj3R,reducido50,todos,short,1606,0.01414,1926.36,0.0129,busqueda_24m
1790810558,1,tsmom,1440,"{""k_atr"": 3.0, ""n"": 14}",trail2R,reducido50,todos,ambos,3234,-0.00744,-1480.03,-0.01287,busqueda_24m
1790810558,1,tsmom,1440,"{""k_atr"": 3.0, ""n"": 14}",trail2R,reducido50,todos,long,1628,-0.00604,-1898.79,-0.02112,busqueda_24m
1790810558,1,tsmom,1440,"{""k_atr"": 3.0, ""n"": 14}",trail2R,reducido50,todos,short,1606,-0.00886,418.76,0.00425,busqueda_24m
1790810558,1,tsmom,1440,"{""k_atr"": 3.0, ""n"": 14}",trail3R,reducido50,todos,ambos,3234,-0.01125,-2210.66,-0.01984,busqueda_24m
1790810558,1,tsmom,1440,"{""k_atr"": 3.0, ""n"": 14}",trail3R,reducido50,todos,long,1628,-0.0028,-2149.01,-0.02245,busqueda_24m
1790810558,1,tsmom,1440,"{""k_atr"": 3.0, ""n"": 14}",trail3R,reducido50,todos,short,1606,-0.01981,-61.65,-0.00081,busqueda_24m
1790810558,1,tsmom,1440,"{""k_atr"": 3.0, ""n"": 14}",obj3R_be,reducido50,todos,ambos,3234,-0.00549,-1485.62,-0.00992,busqueda_24m
1790810558,1,tsmom,1440,"{""k_atr"": 3.0, ""n"": 14}",obj3R_be,reducido50,todos,long,1628,-0.02051,-3079.96,-0.03594,busqueda_24m
1790810558,1,tsmom,1440,"{""k_atr"": 3.0, ""n"": 14}",obj3R_be,reducido50,todos,short,1606,0.00975,1594.35,0.0107,busqueda_24m
1790810558,1,tsmom,1440,"{""k_atr"": 3.0, ""n"": 14}",obj5pct,reducido50,todos,ambos,3234,-0.00862,-1126.82,-0.11178,busqueda_24m
1790810558,1,tsmom,1440,"{""k_atr"": 3.0, ""n"": 14}",obj5pct,reducido50,todos,long,1628,-0.00803,-579.05,-0.06967,busqueda_24m
1790810558,1,tsmom,1440,"{""k_atr"": 3.0, ""n"": 14}",obj5pct,reducido50,todos,short,1606,-0.00922,-547.77,-0.09055,busqueda_24m
1790810558,1,tsmom,1440,"{""k_atr"": 3.0, ""n"": 14}",obj10pct,reducido50,todos,ambos,3234,-0.01469,-1782.45,-0.1128,busqueda_24m
1790810558,1,tsmom,1440,"{""k_atr"": 3.0, ""n"": 14}",obj10pct,reducido50,todos,long,1628,-0.01303,-905.34,-0.07065,busqueda_24m
1790810558,1,tsmom,1440,"{""k_atr"": 3.0, ""n"": 14}",obj10pct,reducido50,todos,short,1606,-0.01638,-877.11,-0.08487,busqueda_24m
1790810558,1,tsmom,1440,"{""k_atr"": 3.0, ""n"": 14}",obj20pct,reducido50,todos,ambos,3234,-0.02238,-3075.22,-0.11888,busqueda_24m
1790810558,1,tsmom,1440,"{""k_atr"": 3.0, ""n"": 14}",obj20pct,reducido50,todos,long,1628,-0.01886,-1463.71,-0.06777,busqueda_24m
1790810558,1,tsmom,1440,"{""k_atr"": 3.0, ""n"": 14}",obj20pct,reducido50,todos,short,1606,-0.02595,-1611.51,-0.0905,busqueda_24m
1790810558,1,tsmom,1440,"{""k_atr"": 3.0, ""n"": 14}",obj30pct,reducido50,todos,ambos,3234,-0.02631,-3676.06,-0.11531,busqueda_24m
1790810558,1,tsmom,1440,"{""k_atr"": 3.0, ""n"": 14}",obj30pct,reducido50,todos,long,1628,-0.02186,-1704.27,-0.0634,busqueda_24m
1790810558,1,tsmom,1440,"{""k_atr"": 3.0, ""n"": 14}",obj30pct,reducido50,todos,short,1606,-0.03081,-1971.79,-0.08184,busqueda_24m
1790810558,1,tsmom,1440,"{""k_atr"": 3.0, ""n"": 14}",obj50pct,reducido50,todos,ambos,3234,-0.02724,-4031.53,-0.105,busqueda_24m
1790810558,1,tsmom,1440,"{""k_atr"": 3.0, ""n"": 14}",obj50pct,reducido50,todos,long,1628,-0.0213,-1869.23,-0.05154,busqueda_24m
1790810558,1,tsmom,1440,"{""k_atr"": 3.0, ""n"": 14}",obj50pct,reducido50,todos,short,1606,-0.03326,-2162.3,-0.06368,busqueda_24m
1790810558,1,tsmom,1440,"{""k_atr"": 3.0, ""n"": 30}",obj1R,reducido50,todos,ambos,2326,-0.01159,-2043.3,-0.02766,busqueda_24m
1790810558,1,tsmom,1440,"{""k_atr"": 3.0, ""n"": 30}",obj1R,reducido50,todos,long,1154,-0.02478,-1767.76,-0.03126,busqueda_24m
1790810558,1,tsmom,1440,"{""k_atr"": 3.0, ""n"": 30}",obj1R,reducido50,todos,short,1172,0.0014,-275.54,-0.00363,busqueda_24m
1790810558,1,tsmom,1440,"{""k_atr"": 3.0, ""n"": 30}",obj2R,reducido50,todos,ambos,2326,0.0174,217.25,0.00166,busqueda_24m
1790810558,1,tsmom,1440,"{""k_atr"": 3.0, ""n"": 30}",obj2R,reducido50,todos,long,1154,-0.0176,-1012.5,-0.01562,busqueda_24m
1790810558,1,tsmom,1440,"{""k_atr"": 3.0, ""n"": 30}",obj2R,reducido50,todos,short,1172,0.05185,1229.75,0.00947,busqueda_24m
1790810558,1,tsmom,1440,"{""k_atr"": 3.0, ""n"": 30}",obj3R,reducido50,todos,ambos,2326,0.05276,2846.98,0.01571,busqueda_24m
1790810558,1,tsmom,1440,"{""k_atr"": 3.0, ""n"": 30}",obj3R,reducido50,todos,long,1154,0.00266,-291.72,-0.00446,busqueda_24m
1790810558,1,tsmom,1440,"{""k_atr"": 3.0, ""n"": 30}",obj3R,reducido50,todos,short,1172,0.10208,3138.7,0.01785,busqueda_24m
1790810558,1,tsmom,1440,"{""k_atr"": 3.0, ""n"": 30}",trail2R,reducido50,todos,ambos,2326,0.03574,1328.49,0.01018,busqueda_24m
1790810558,1,tsmom,1440,"{""k_atr"": 3.0, ""n"": 30}",trail2R,reducido50,todos,long,1154,0.00208,-274.74,-0.00393,busqueda_24m
1790810558,1,tsmom,1440,"{""k_atr"": 3.0, ""n"": 30}",trail2R,reducido50,todos,short,1172,0.0689,1603.24,0.0132,busqueda_24m
1790810558,1,tsmom,1440,"{""k_atr"": 3.0, ""n"": 30}",trail3R,reducido50,todos,ambos,2326,0.02047,21.71,0.00024,busqueda_24m
1790810558,1,tsmom,1440,"{""k_atr"": 3.0, ""n"": 30}",trail3R,reducido50,todos,long,1154,-0.00281,-640.14,-0.00913,busqueda_24m
1790810558,1,tsmom,1440,"{""k_atr"": 3.0, ""n"": 30}",trail3R,reducido50,todos,short,1172,0.04339,661.85,0.01068,busqueda_24m
1790810558,1,tsmom,1440,"{""k_atr"": 3.0, ""n"": 30}",obj3R_be,reducido50,todos,ambos,2326,0.05057,2703.34,0.01491,busqueda_24m
1790810558,1,tsmom,1440,"{""k_atr"": 3.0, ""n"": 30}",obj3R_be,reducido50,todos,long,1154,0.00039,-390.66,-0.0061,busqueda_24m
1790810558,1,tsmom,1440,"{""k_atr"": 3.0, ""n"": 30}",obj3R_be,reducido50,todos,short,1172,0.09998,3093.99,0.0176,busqueda_24m
1790810558,1,tsmom,1440,"{""k_atr"": 3.0, ""n"": 30}",obj5pct,reducido50,todos,ambos,2326,-0.01737,-1608.65,-0.17889,busqueda_24m
1790810558,1,tsmom,1440,"{""k_atr"": 3.0, ""n"": 30}",obj5pct,reducido50,todos,long,1154,-0.01615,-817.52,-0.11171,busqueda_24m
1790810558,1,tsmom,1440,"{""k_atr"": 3.0, ""n"": 30}",obj5pct,reducido50,todos,short,1172,-0.01856,-791.13,-0.12449,busqueda_24m
1790810558,1,tsmom,1440,"{""k_atr"": 3.0, ""n"": 30}",obj10pct,reducido50,todos,ambos,2326,-0.02388,-2177.34,-0.161,busqueda_24m
1790810558,1,tsmom,1440,"{""k_atr"": 3.0, ""n"": 30}",obj10pct,reducido50,todos,long,1154,-0.02066,-1075.42,-0.09421,busqueda_24m
1790810558,1,tsmom,1440,"{""k_atr"": 3.0, ""n"": 30}",obj10pct,reducido50,todos,short,1172,-0.02705,-1101.92,-0.10907,busqueda_24m
1790810558,1,tsmom,1440,"{""k_atr"": 3.0, ""n"": 30}",obj20pct,reducido50,todos,ambos,2326,-0.03046,-2884.55,-0.166,busqueda_24m
1790810558,1,tsmom,1440,"{""k_atr"": 3.0, ""n"": 30}",obj20pct,reducido50,todos,long,1154,-0.02786,-1429.76,-0.08143,busqueda_24m
1790810558,1,tsmom,1440,"{""k_atr"": 3.0, ""n"": 30}",obj20pct,reducido50,todos,short,1172,-0.03302,-1454.79,-0.10208,busqueda_24m
1790810558,1,tsmom,1440,"{""k_atr"": 3.0, ""n"": 30}",obj30pct,reducido50,todos,ambos,2326,-0.0341,-3076.1,-0.15633,busqueda_24m
1790810558,1,tsmom,1440,"{""k_atr"": 3.0, ""n"": 30}",obj30pct,reducido50,todos,long,1154,-0.03191,-1591.12,-0.07079,busqueda_24m
1790810558,1,tsmom,1440,"{""k_atr"": 3.0, ""n"": 30}",obj30pct,reducido50,todos,short,1172,-0.03625,-1484.98,-0.07782,busqueda_24m
1790810558,1,tsmom,1440,"{""k_atr"": 3.0, ""n"": 30}",obj50pct,reducido50,todos,ambos,2326,-0.02676,-2729.63,-0.128,busqueda_24m
1790810558,1,tsmom,1440,"{""k_atr"": 3.0, ""n"": 30}",obj50pct,reducido50,todos,long,1154,-0.02427,-1383.15,-0.04674,busqueda_24m
1790810558,1,tsmom,1440,"{""k_atr"": 3.0, ""n"": 30}",obj50pct,reducido50,todos,short,1172,-0.02922,-1346.49,-0.04858,busqueda_24m
1790810558,1,tsmom,1440,"{""k_atr"": 3.0, ""n"": 30}",obj1R,reducido50,todos,ambos,2326,-0.01087,-1781.04,-0.03425,busqueda_24m
1790810558,1,tsmom,1440,"{""k_atr"": 3.0, ""n"": 30}",obj1R,reducido50,todos,long,1172,-0.01525,-1329.39,-0.02014,busqueda_24m
1790810558,1,tsmom,1440,"{""k_atr"": 3.0, ""n"": 30}",obj1R,reducido50,todos,short,1154,-0.00641,-451.64,-0.0064,busqueda_24m
1790810558,1,tsmom,1440,"{""k_atr"": 3.0, ""n"": 30}",obj2R,reducido50,todos,ambos,2326,0.02081,678.65,0.00535,busqueda_24m
1790810558,1,tsmom,1440,"{""k_atr"": 3.0, ""n"": 30}",obj2R,reducido50,todos,long,1172,-0.0042,-810.42,-0.01135,busqueda_24m
1790810558,1,tsmom,1440,"{""k_atr"": 3.0, ""n"": 30}",obj2R,reducido50,todos,short,1154,0.04621,1489.08,0.01145,busqueda_24m
1790810558,1,tsmom,1440,"{""k_atr"": 3.0, ""n"": 30}",obj3R,reducido50,todos,ambos,2326,0.05799,3589.23,0.02083,busqueda_24m
1790810558,1,tsmom,1440,"{""k_atr"": 3.0, ""n"": 30}",obj3R,reducido50,todos,long,1172,0.01521,258.17,0.00329,busqueda_24m
1790810558,1,tsmom,1440,"{""k_atr"": 3.0, ""n"": 30}",obj3R,reducido50,todos,short,1154,0.10143,3331.06,0.01934,busqueda_24m
1790810558,1,tsmom,1440,"{""k_atr"": 3.0, ""n"": 30}",trail2R,reducido50,todos,ambos,2326,0.04407,2223.04,0.01621,busqueda_24m
1790810558,1,tsmom,1440,"{""k_atr"": 3.0, ""n"": 30}",trail2R,reducido50,todos,long,1172,0.00778,-129.31,-0.00166,busqueda_24m
1790810558,1,tsmom,1440,"{""k_atr"": 3.0, ""n"": 30}",trail2R,reducido50,todos,short,1154,0.08093,2352.35,0.01793,busqueda_24m
1790810558,1,tsmom,1440,"{""k_atr"": 3.0, ""n"": 30}",trail3R,reducido50,todos,ambos,2326,0.02685,667.4,0.00697,busqueda_24m
1790810558,1,tsmom,1440,"{""k_atr"": 3.0, ""n"": 30}",trail3R,reducido50,todos,long,1172,0.00245,-619.17,-0.00801,busqueda_24m
1790810558,1,tsmom,1440,"{""k_atr"": 3.0, ""n"": 30}",trail3R,reducido50,todos,short,1154,0.05163,1286.58,0.01869,busqueda_24m
1790810558,1,tsmom,1440,"{""k_atr"": 3.0, ""n"": 30}",obj3R_be,reducido50,todos,ambos,2326,0.054,3301.11,0.01923,busqueda_24m
1790810558,1,tsmom,1440,"{""k_atr"": 3.0, ""n"": 30}",obj3R_be,reducido50,todos,long,1172,0.0108,89.27,0.00115,busqueda_24m
1790810558,1,tsmom,1440,"{""k_atr"": 3.0, ""n"": 30}",obj3R_be,reducido50,todos,short,1154,0.09788,3211.84,0.01867,busqueda_24m
1790810558,1,tsmom,1440,"{""k_atr"": 3.0, ""n"": 30}",obj5pct,reducido50,todos,ambos,2326,-0.00879,-661.32,-0.0654,busqueda_24m
1790810558,1,tsmom,1440,"{""k_atr"": 3.0, ""n"": 30}",obj5pct,reducido50,todos,long,1172,-0.01544,-621.53,-0.06643,busqueda_24m
1790810558,1,tsmom,1440,"{""k_atr"": 3.0, ""n"": 30}",obj5pct,reducido50,todos,short,1154,-0.00205,-39.79,-0.00986,busqueda_24m
1790810558,1,tsmom,1440,"{""k_atr"": 3.0, ""n"": 30}",obj10pct,reducido50,todos,ambos,2326,-0.0068,-451.3,-0.0287,busqueda_24m
1790810558,1,tsmom,1440,"{""k_atr"": 3.0, ""n"": 30}",obj10pct,reducido50,todos,long,1172,-0.01099,-436.62,-0.03028,busqueda_24m
1790810558,1,tsmom,1440,"{""k_atr"": 3.0, ""n"": 30}",obj10pct,reducido50,todos,short,1154,-0.00255,-14.68,-0.00219,busqueda_24m
1790810558,1,tsmom,1440,"{""k_atr"": 3.0, ""n"": 30}",obj20pct,reducido50,todos,ambos,2326,-0.00669,-500.81,-0.02331,busqueda_24m
1790810558,1,tsmom,1440,"{""k_atr"": 3.0, ""n"": 30}",obj20pct,reducido50,todos,long,1172,-0.01101,-448.2,-0.02325,busqueda_24m
1790810558,1,tsmom,1440,"{""k_atr"": 3.0, ""n"": 30}",obj20pct,reducido50,todos,short,1154,-0.0023,-52.61,-0.00448,busqueda_24m
1790810558,1,tsmom,1440,"{""k_atr"": 3.0, ""n"": 30}",obj30pct,reducido50,todos,ambos,2326,-0.00407,-171.47,-0.00686,busqueda_24m
1790810558,1,tsmom,1440,"{""k_atr"": 3.0, ""n"": 30}",obj30pct,reducido50,todos,long,1172,-0.00441,-217.4,-0.00961,busqueda_24m
1790810558,1,tsmom,1440,"{""k_atr"": 3.0, ""n"": 30}",obj30pct,reducido50,todos,short,1154,-0.00373,45.93,0.00283,busqueda_24m
1790810558,1,tsmom,1440,"{""k_atr"": 3.0, ""n"": 30}",obj50pct,reducido50,todos,ambos,2326,-0.00475,-281.74,-0.00927,busqueda_24m
1790810558,1,tsmom,1440,"{""k_atr"": 3.0, ""n"": 30}",obj50pct,reducido50,todos,long,1172,-0.00055,-115.59,-0.00382,busqueda_24m
1790810558,1,tsmom,1440,"{""k_atr"": 3.0, ""n"": 30}",obj50pct,reducido50,todos,short,1154,-0.00901,-166.14,-0.0068,busqueda_24m
1790810558,1,tsmom,1440,"{""k_atr"": 3.0, ""n"": 60}",obj1R,reducido50,todos,ambos,1487,0.00656,-607.66,-0.01258,busqueda_24m
1790810558,1,tsmom,1440,"{""k_atr"": 3.0, ""n"": 60}",obj1R,reducido50,todos,long,741,0.00177,-498.91,-0.01267,busqueda_24m
1790810558,1,tsmom,1440,"{""k_atr"": 3.0, ""n"": 60}",obj1R,reducido50,todos,short,746,0.01131,-108.76,-0.00232,busqueda_24m
1790810558,1,tsmom,1440,"{""k_atr"": 3.0, ""n"": 60}",obj2R,reducido50,todos,ambos,1487,0.02792,716.1,0.00964,busqueda_24m
1790810558,1,tsmom,1440,"{""k_atr"": 3.0, ""n"": 60}",obj2R,reducido50,todos,long,741,-0.0097,-494.26,-0.01018,busqueda_24m
1790810558,1,tsmom,1440,"{""k_atr"": 3.0, ""n"": 60}",obj2R,reducido50,todos,short,746,0.0653,1210.36,0.01726,busqueda_24m
1790810558,1,tsmom,1440,"{""k_atr"": 3.0, ""n"": 60}",obj3R,reducido50,todos,ambos,1487,0.05362,2019.7,0.02424,busqueda_24m
1790810558,1,tsmom,1440,"{""k_atr"": 3.0, ""n"": 60}",obj3R,reducido50,todos,long,741,0.02097,395.45,0.00754,busqueda_24m
1790810558,1,tsmom,1440,"{""k_atr"": 3.0, ""n"": 60}",obj3R,reducido50,todos,short,746,0.08604,1624.25,0.02078,busqueda_24m
1790810558,1,tsmom,1440,"{""k_atr"": 3.0, ""n"": 60}",trail2R,reducido50,todos,ambos,1487,0.04122,772.98,0.01084,busqueda_24m
1790810558,1,tsmom,1440,"{""k_atr"": 3.0, ""n"": 60}",trail2R,reducido50,todos,long,741,0.01658,-197.08,-0.00366,busqueda_24m
1790810558,1,tsmom,1440,"{""k_atr"": 3.0, ""n"": 60}",trail2R,reducido50,todos,short,746,0.0657,970.06,0.01683,busqueda_24m
1790810558,1,tsmom,1440,"{""k_atr"": 3.0, ""n"": 60}",trail3R,reducido50,todos,ambos,1487,0.02062,-291.55,-0.00463,busqueda_24m
1790810558,1,tsmom,1440,"{""k_atr"": 3.0, ""n"": 60}",trail3R,reducido50,todos,long,741,-0.0052,-836.22,-0.01567,busqueda_24m
1790810558,1,tsmom,1440,"{""k_atr"": 3.0, ""n"": 60}",trail3R,reducido50,todos,short,746,0.04628,544.67,0.01422,busqueda_24m
1790810558,1,tsmom,1440,"{""k_atr"": 3.0, ""n"": 60}",obj3R_be,reducido50,todos,ambos,1487,0.05106,1689.17,0.02043,busqueda_24m
1790810558,1,tsmom,1440,"{""k_atr"": 3.0, ""n"": 60}",obj3R_be,reducido50,todos,long,741,0.01315,28.41,0.00056,busqueda_24m
1790810558,1,tsmom,1440,"{""k_atr"": 3.0, ""n"": 60}",obj3R_be,reducido50,todos,short,746,0.08872,1660.76,0.02125,busqueda_24m
1790810558,1,tsmom,1440,"{""k_atr"": 3.0, ""n"": 60}",obj5pct,reducido50,todos,ambos,1487,-0.01199,-674.47,-0.11921,busqueda_24m
1790810558,1,tsmom,1440,"{""k_atr"": 3.0, ""n"": 60}",obj5pct,reducido50,todos,long,741,-0.0162,-460.34,-0.09688,busqueda_24m
1790810558,1,tsmom,1440,"{""k_atr"": 3.0, ""n"": 60}",obj5pct,reducido50,todos,short,746,-0.0078,-214.13,-0.06044,busqueda_24m
1790810558,1,tsmom,1440,"{""k_atr"": 3.0, ""n"": 60}",obj10pct,reducido50,todos,ambos,1487,-0.01659,-825.21,-0.09777,busqueda_24m
1790810558,1,tsmom,1440,"{""k_atr"": 3.0, ""n"": 60}",obj10pct,reducido50,todos,long,741,-0.01086,-309.72,-0.04616,busqueda_24m
1790810558,1,tsmom,1440,"{""k_atr"": 3.0, ""n"": 60}",obj10pct,reducido50,todos,short,746,-0.02228,-515.49,-0.08103,busqueda_24m
1790810558,1,tsmom,1440,"{""k_atr"": 3.0, ""n"": 60}",obj20pct,reducido50,todos,ambos,1487,-0.01801,-867.87,-0.0721,busqueda_24m
1790810558,1,tsmom,1440,"{""k_atr"": 3.0, ""n"": 60}",obj20pct,reducido50,todos,long,741,-0.01665,-423.67,-0.0428,busqueda_24m
1790810558,1,tsmom,1440,"{""k_atr"": 3.0, ""n"": 60}",obj20pct,reducido50,todos,short,746,-0.01936,-444.21,-0.04507,busqueda_24m
1790810558,1,tsmom,1440,"{""k_atr"": 3.0, ""n"": 60}",obj30pct,reducido50,todos,ambos,1487,-0.01583,-632.04,-0.04408,busqueda_24m
1790810558,1,tsmom,1440,"{""k_atr"": 3.0, ""n"": 60}",obj30pct,reducido50,todos,long,741,-0.0203,-521.61,-0.03972,busqueda_24m
1790810558,1,tsmom,1440,"{""k_atr"": 3.0, ""n"": 60}",obj30pct,reducido50,todos,short,746,-0.0114,-110.43,-0.0089,busqueda_24m
1790810558,1,tsmom,1440,"{""k_atr"": 3.0, ""n"": 60}",obj50pct,reducido50,todos,ambos,1487,0.0007,-12.56,-0.00072,busqueda_24m
1790810558,1,tsmom,1440,"{""k_atr"": 3.0, ""n"": 60}",obj50pct,reducido50,todos,long,741,-0.0042,-176.8,-0.00998,busqueda_24m
1790810558,1,tsmom,1440,"{""k_atr"": 3.0, ""n"": 60}",obj50pct,reducido50,todos,short,746,0.00557,164.24,0.00967,busqueda_24m
1790810558,1,tsmom,1440,"{""k_atr"": 3.0, ""n"": 60}",obj1R,reducido50,todos,ambos,1487,-0.0377,-2199.16,-0.05553,busqueda_24m
1790810558,1,tsmom,1440,"{""k_atr"": 3.0, ""n"": 60}",obj1R,reducido50,todos,long,746,-0.02579,-832.33,-0.01899,busqueda_24m
1790810558,1,tsmom,1440,"{""k_atr"": 3.0, ""n"": 60}",obj1R,reducido50,todos,short,741,-0.04969,-1366.83,-0.03367,busqueda_24m
1790810558,1,tsmom,1440,"{""k_atr"": 3.0, ""n"": 60}",obj2R,reducido50,todos,ambos,1487,-0.01787,-748.82,-0.01199,busqueda_24m
1790810558,1,tsmom,1440,"{""k_atr"": 3.0, ""n"": 60}",obj2R,reducido50,todos,long,746,-0.00321,614.51,0.01115,busqueda_24m
1790810558,1,tsmom,1440,"{""k_atr"": 3.0, ""n"": 60}",obj2R,reducido50,todos,short,741,-0.03264,-1363.33,-0.02694,busqueda_24m
1790810558,1,tsmom,1440,"{""k_atr"": 3.0, ""n"": 60}",obj3R,reducido50,todos,ambos,1487,0.01632,1296.67,0.01875,busqueda_24m
1790810558,1,tsmom,1440,"{""k_atr"": 3.0, ""n"": 60}",obj3R,reducido50,todos,long,746,0.03363,2004.14,0.03496,busqueda_24m
1790810558,1,tsmom,1440,"{""k_atr"": 3.0, ""n"": 60}",obj3R,reducido50,todos,short,741,-0.00111,-707.47,-0.01292,busqueda_24m
1790810558,1,tsmom,1440,"{""k_atr"": 3.0, ""n"": 60}",trail2R,reducido50,todos,ambos,1487,0.00212,-287.28,-0.00396,busqueda_24m
1790810558,1,tsmom,1440,"{""k_atr"": 3.0, ""n"": 60}",trail2R,reducido50,todos,long,746,0.01105,639.24,0.01032,busqueda_24m
1790810558,1,tsmom,1440,"{""k_atr"": 3.0, ""n"": 60}",trail2R,reducido50,todos,short,741,-0.00687,-926.51,-0.01861,busqueda_24m
1790810558,1,tsmom,1440,"{""k_atr"": 3.0, ""n"": 60}",trail3R,reducido50,todos,ambos,1487,-0.01169,-1149.24,-0.01678,busqueda_24m
1790810558,1,tsmom,1440,"{""k_atr"": 3.0, ""n"": 60}",trail3R,reducido50,todos,long,746,-0.00433,57.35,0.00096,busqueda_24m
1790810558,1,tsmom,1440,"{""k_atr"": 3.0, ""n"": 60}",trail3R,reducido50,todos,short,741,-0.01911,-1206.59,-0.02878,busqueda_24m
1790810558,1,tsmom,1440,"{""k_atr"": 3.0, ""n"": 60}",obj3R_be,reducido50,todos,ambos,1487,0.01047,852.88,0.01265,busqueda_24m
1790810558,1,tsmom,1440,"{""k_atr"": 3.0, ""n"": 60}",obj3R_be,reducido50,todos,long,746,0.02324,1565.64,0.02821,busqueda_24m
1790810558,1,tsmom,1440,"{""k_atr"": 3.0, ""n"": 60}",obj3R_be,reducido50,todos,short,741,-0.00239,-712.75,-0.01303,busqueda_24m
1790810558,1,tsmom,1440,"{""k_atr"": 3.0, ""n"": 60}",obj5pct,reducido50,todos,ambos,1487,-0.01544,-889.56,-0.13836,busqueda_24m
1790810558,1,tsmom,1440,"{""k_atr"": 3.0, ""n"": 60}",obj5pct,reducido50,todos,long,746,-0.01323,-418.21,-0.08592,busqueda_24m
1790810558,1,tsmom,1440,"{""k_atr"": 3.0, ""n"": 60}",obj5pct,reducido50,todos,short,741,-0.01767,-471.36,-0.10889,busqueda_24m
1790810558,1,tsmom,1440,"{""k_atr"": 3.0, ""n"": 60}",obj10pct,reducido50,todos,ambos,1487,-0.0228,-1267.54,-0.13421,busqueda_24m
1790810558,1,tsmom,1440,"{""k_atr"": 3.0, ""n"": 60}",obj10pct,reducido50,todos,long,746,-0.0243,-756.18,-0.0989,busqueda_24m
1790810558,1,tsmom,1440,"{""k_atr"": 3.0, ""n"": 60}",obj10pct,reducido50,todos,short,741,-0.02128,-511.36,-0.0842,busqueda_24m
1790810558,1,tsmom,1440,"{""k_atr"": 3.0, ""n"": 60}",obj20pct,reducido50,todos,ambos,1487,-0.02534,-1213.06,-0.09276,busqueda_24m
1790810558,1,tsmom,1440,"{""k_atr"": 3.0, ""n"": 60}",obj20pct,reducido50,todos,long,746,-0.02929,-762.68,-0.06981,busqueda_24m
1790810558,1,tsmom,1440,"{""k_atr"": 3.0, ""n"": 60}",obj20pct,reducido50,todos,short,741,-0.02137,-450.38,-0.04979,busqueda_24m
1790810558,1,tsmom,1440,"{""k_atr"": 3.0, ""n"": 60}",obj30pct,reducido50,todos,ambos,1487,-0.03188,-1515.37,-0.08874,busqueda_24m
1790810558,1,tsmom,1440,"{""k_atr"": 3.0, ""n"": 60}",obj30pct,reducido50,todos,long,746,-0.02974,-806.98,-0.05719,busqueda_24m
1790810558,1,tsmom,1440,"{""k_atr"": 3.0, ""n"": 60}",obj30pct,reducido50,todos,short,741,-0.03404,-708.39,-0.05407,busqueda_24m
1790810558,1,tsmom,1440,"{""k_atr"": 3.0, ""n"": 60}",obj50pct,reducido50,todos,ambos,1487,-0.04601,-2113.16,-0.09824,busqueda_24m
1790810558,1,tsmom,1440,"{""k_atr"": 3.0, ""n"": 60}",obj50pct,reducido50,todos,long,746,-0.04624,-1159.2,-0.05611,busqueda_24m
1790810558,1,tsmom,1440,"{""k_atr"": 3.0, ""n"": 60}",obj50pct,reducido50,todos,short,741,-0.04577,-953.96,-0.05307,busqueda_24m
1790810558,1,bollinger_rev,5,"{""k_atr"": 2.0, ""k_sigma"": 2.0, ""n"": 20}",obj1R,reducido50,todos,ambos,311129,-0.25472,-110473.79,-1.37456,busqueda_24m
1790810558,1,bollinger_rev,5,"{""k_atr"": 2.0, ""k_sigma"": 2.0, ""n"": 20}",obj1R,reducido50,todos,long,159204,-0.27495,-61677.49,-0.76972,busqueda_24m
1790810558,1,bollinger_rev,5,"{""k_atr"": 2.0, ""k_sigma"": 2.0, ""n"": 20}",obj1R,reducido50,todos,short,151925,-0.23352,-48796.3,-0.72595,busqueda_24m
1790810558,1,bollinger_rev,5,"{""k_atr"": 2.0, ""k_sigma"": 2.0, ""n"": 20}",obj2R,reducido50,todos,ambos,311129,-0.25424,-111315.81,-1.18474,busqueda_24m
1790810558,1,bollinger_rev,5,"{""k_atr"": 2.0, ""k_sigma"": 2.0, ""n"": 20}",obj2R,reducido50,todos,long,159204,-0.2799,-62853.57,-0.54513,busqueda_24m
1790810558,1,bollinger_rev,5,"{""k_atr"": 2.0, ""k_sigma"": 2.0, ""n"": 20}",obj2R,reducido50,todos,short,151925,-0.22735,-48462.24,-0.49606,busqueda_24m
1790810558,1,bollinger_rev,5,"{""k_atr"": 2.0, ""k_sigma"": 2.0, ""n"": 20}",obj3R,reducido50,todos,ambos,311129,-0.25712,-112511.2,-1.15742,busqueda_24m
1790810558,1,bollinger_rev,5,"{""k_atr"": 2.0, ""k_sigma"": 2.0, ""n"": 20}",obj3R,reducido50,todos,long,159204,-0.28472,-63298.98,-0.48519,busqueda_24m
1790810558,1,bollinger_rev,5,"{""k_atr"": 2.0, ""k_sigma"": 2.0, ""n"": 20}",obj3R,reducido50,todos,short,151925,-0.2282,-49212.21,-0.44256,busqueda_24m
1790810558,1,bollinger_rev,5,"{""k_atr"": 2.0, ""k_sigma"": 2.0, ""n"": 20}",trail2R,reducido50,todos,ambos,311129,-0.25377,-111940.06,-1.10317,busqueda_24m
1790810558,1,bollinger_rev,5,"{""k_atr"": 2.0, ""k_sigma"": 2.0, ""n"": 20}",trail2R,reducido50,todos,long,159204,-0.27838,-61846.55,-0.48052,busqueda_24m
1790810558,1,bollinger_rev,5,"{""k_atr"": 2.0, ""k_sigma"": 2.0, ""n"": 20}",trail2R,reducido50,todos,short,151925,-0.22799,-50093.51,-0.44249,busqueda_24m
1790810558,1,bollinger_rev,5,"{""k_atr"": 2.0, ""k_sigma"": 2.0, ""n"": 20}",trail3R,reducido50,todos,ambos,311129,-0.25522,-112472.17,-1.08976,busqueda_24m
1790810558,1,bollinger_rev,5,"{""k_atr"": 2.0, ""k_sigma"": 2.0, ""n"": 20}",trail3R,reducido50,todos,long,159204,-0.28117,-61627.37,-0.43788,busqueda_24m
1790810558,1,bollinger_rev,5,"{""k_atr"": 2.0, ""k_sigma"": 2.0, ""n"": 20}",trail3R,reducido50,todos,short,151925,-0.22804,-50844.8,-0.41176,busqueda_24m
1790810558,1,bollinger_rev,5,"{""k_atr"": 2.0, ""k_sigma"": 2.0, ""n"": 20}",obj3R_be,reducido50,todos,ambos,311129,-0.25601,-112756.74,-1.16696,busqueda_24m
1790810558,1,bollinger_rev,5,"{""k_atr"": 2.0, ""k_sigma"": 2.0, ""n"": 20}",obj3R_be,reducido50,todos,long,159204,-0.28206,-63266.85,-0.51888,busqueda_24m
1790810558,1,bollinger_rev,5,"{""k_atr"": 2.0, ""k_sigma"": 2.0, ""n"": 20}",obj3R_be,reducido50,todos,short,151925,-0.22872,-49489.88,-0.47618,busqueda_24m
1790810558,1,bollinger_rev,5,"{""k_atr"": 2.0, ""k_sigma"": 2.0, ""n"": 20}",obj5pct,reducido50,todos,ambos,311129,-0.25265,-110097.33,-1.93859,busqueda_24m
1790810558,1,bollinger_rev,5,"{""k_atr"": 2.0, ""k_sigma"": 2.0, ""n"": 20}",obj5pct,reducido50,todos,long,159204,-0.2708,-60598.89,-1.14004,busqueda_24m
1790810558,1,bollinger_rev,5,"{""k_atr"": 2.0, ""k_sigma"": 2.0, ""n"": 20}",obj5pct,reducido50,todos,short,151925,-0.23362,-49498.44,-1.13825,busqueda_24m
1790810558,1,bollinger_rev,5,"{""k_atr"": 2.0, ""k_sigma"": 2.0, ""n"": 20}",obj10pct,reducido50,todos,ambos,311129,-0.25202,-110194.41,-1.48952,busqueda_24m
1790810558,1,bollinger_rev,5,"{""k_atr"": 2.0, ""k_sigma"": 2.0, ""n"": 20}",obj10pct,reducido50,todos,long,159204,-0.27646,-62040.8,-0.80681,busqueda_24m
1790810558,1,bollinger_rev,5,"{""k_atr"": 2.0, ""k_sigma"": 2.0, ""n"": 20}",obj10pct,reducido50,todos,short,151925,-0.22641,-48153.61,-0.72808,busqueda_24m
1790810558,1,bollinger_rev,5,"{""k_atr"": 2.0, ""k_sigma"": 2.0, ""n"": 20}",obj20pct,reducido50,todos,ambos,311129,-0.25527,-112130.02,-1.32631,busqueda_24m
1790810558,1,bollinger_rev,5,"{""k_atr"": 2.0, ""k_sigma"": 2.0, ""n"": 20}",obj20pct,reducido50,todos,long,159204,-0.28597,-64533.89,-0.61436,busqueda_24m
1790810558,1,bollinger_rev,5,"{""k_atr"": 2.0, ""k_sigma"": 2.0, ""n"": 20}",obj20pct,reducido50,todos,short,151925,-0.22309,-47596.14,-0.50732,busqueda_24m
1790810558,1,bollinger_rev,5,"{""k_atr"": 2.0, ""k_sigma"": 2.0, ""n"": 20}",obj30pct,reducido50,todos,ambos,311129,-0.25489,-112130.25,-1.27312,busqueda_24m
1790810558,1,bollinger_rev,5,"{""k_atr"": 2.0, ""k_sigma"": 2.0, ""n"": 20}",obj30pct,reducido50,todos,long,159204,-0.28451,-63934.62,-0.53416,busqueda_24m
1790810558,1,bollinger_rev,5,"{""k_atr"": 2.0, ""k_sigma"": 2.0, ""n"": 20}",obj30pct,reducido50,todos,short,151925,-0.22386,-48195.63,-0.44741,busqueda_24m
1790810558,1,bollinger_rev,5,"{""k_atr"": 2.0, ""k_sigma"": 2.0, ""n"": 20}",obj50pct,reducido50,todos,ambos,311129,-0.25636,-113844.8,-1.24545,busqueda_24m
1790810558,1,bollinger_rev,5,"{""k_atr"": 2.0, ""k_sigma"": 2.0, ""n"": 20}",obj50pct,reducido50,todos,long,159204,-0.28451,-63778.61,-0.48346,busqueda_24m
1790810558,1,bollinger_rev,5,"{""k_atr"": 2.0, ""k_sigma"": 2.0, ""n"": 20}",obj50pct,reducido50,todos,short,151925,-0.22687,-50066.19,-0.41893,busqueda_24m
1790810558,1,bollinger_rev,5,"{""k_atr"": 2.0, ""k_sigma"": 2.0, ""n"": 20}",obj1R,reducido50,todos,ambos,311129,-0.26745,-118805.48,-1.4287,busqueda_24m
1790810558,1,bollinger_rev,5,"{""k_atr"": 2.0, ""k_sigma"": 2.0, ""n"": 20}",obj1R,reducido50,todos,long,151925,-0.29199,-63526.71,-1.1555,busqueda_24m
1790810558,1,bollinger_rev,5,"{""k_atr"": 2.0, ""k_sigma"": 2.0, ""n"": 20}",obj1R,reducido50,todos,short,159204,-0.24404,-55278.77,-0.83418,busqueda_24m
1790810558,1,bollinger_rev,5,"{""k_atr"": 2.0, ""k_sigma"": 2.0, ""n"": 20}",obj2R,reducido50,todos,ambos,311129,-0.27237,-123372.4,-0.95474,busqueda_24m
1790810558,1,bollinger_rev,5,"{""k_atr"": 2.0, ""k_sigma"": 2.0, ""n"": 20}",obj2R,reducido50,todos,long,151925,-0.30089,-65741.37,-0.77059,busqueda_24m
1790810558,1,bollinger_rev,5,"{""k_atr"": 2.0, ""k_sigma"": 2.0, ""n"": 20}",obj2R,reducido50,todos,short,159204,-0.24515,-57631.03,-0.54816,busqueda_24m
1790810558,1,bollinger_rev,5,"{""k_atr"": 2.0, ""k_sigma"": 2.0, ""n"": 20}",obj3R,reducido50,todos,ambos,311129,-0.27591,-126545.52,-0.81374,busqueda_24m
1790810558,1,bollinger_rev,5,"{""k_atr"": 2.0, ""k_sigma"": 2.0, ""n"": 20}",obj3R,reducido50,todos,long,151925,-0.29846,-64985.33,-0.62828,busqueda_24m
1790810558,1,bollinger_rev,5,"{""k_atr"": 2.0, ""k_sigma"": 2.0, ""n"": 20}",obj3R,reducido50,todos,short,159204,-0.25438,-61560.19,-0.48236,busqueda_24m
1790810558,1,bollinger_rev,5,"{""k_atr"": 2.0, ""k_sigma"": 2.0, ""n"": 20}",trail2R,reducido50,todos,ambos,311129,-0.27734,-127456.93,-0.73247,busqueda_24m
1790810558,1,bollinger_rev,5,"{""k_atr"": 2.0, ""k_sigma"": 2.0, ""n"": 20}",trail2R,reducido50,todos,long,151925,-0.2979,-64399.57,-0.58227,busqueda_24m
1790810558,1,bollinger_rev,5,"{""k_atr"": 2.0, ""k_sigma"": 2.0, ""n"": 20}",trail2R,reducido50,todos,short,159204,-0.25773,-63057.35,-0.45542,busqueda_24m
1790810558,1,bollinger_rev,5,"{""k_atr"": 2.0, ""k_sigma"": 2.0, ""n"": 20}",trail3R,reducido50,todos,ambos,311129,-0.27621,-127328.38,-0.64246,busqueda_24m
1790810558,1,bollinger_rev,5,"{""k_atr"": 2.0, ""k_sigma"": 2.0, ""n"": 20}",trail3R,reducido50,todos,long,151925,-0.29505,-62994.26,-0.49511,busqueda_24m
1790810558,1,bollinger_rev,5,"{""k_atr"": 2.0, ""k_sigma"": 2.0, ""n"": 20}",trail3R,reducido50,todos,short,159204,-0.25823,-64334.12,-0.3965,busqueda_24m
1790810558,1,bollinger_rev,5,"{""k_atr"": 2.0, ""k_sigma"": 2.0, ""n"": 20}",obj3R_be,reducido50,todos,ambos,311129,-0.2761,-126295.32,-0.8539,busqueda_24m
1790810558,1,bollinger_rev,5,"{""k_atr"": 2.0, ""k_sigma"": 2.0, ""n"": 20}",obj3R_be,reducido50,todos,long,151925,-0.30066,-65825.76,-0.689,busqueda_24m
1790810558,1,bollinger_rev,5,"{""k_atr"": 2.0, ""k_sigma"": 2.0, ""n"": 20}",obj3R_be,reducido50,todos,short,159204,-0.25267,-60469.56,-0.51017,busqueda_24m
1790810558,1,bollinger_rev,5,"{""k_atr"": 2.0, ""k_sigma"": 2.0, ""n"": 20}",obj5pct,reducido50,todos,ambos,311129,-0.2662,-116549.43,-2.25462,busqueda_24m
1790810558,1,bollinger_rev,5,"{""k_atr"": 2.0, ""k_sigma"": 2.0, ""n"": 20}",obj5pct,reducido50,todos,long,151925,-0.28466,-60767.5,-1.90276,busqueda_24m
1790810558,1,bollinger_rev,5,"{""k_atr"": 2.0, ""k_sigma"": 2.0, ""n"": 20}",obj5pct,reducido50,todos,short,159204,-0.24858,-55781.93,-1.52546,busqueda_24m
1790810558,1,bollinger_rev,5,"{""k_atr"": 2.0, ""k_sigma"": 2.0, ""n"": 20}",obj10pct,reducido50,todos,ambos,311129,-0.26693,-117082.14,-1.4432,busqueda_24m
1790810558,1,bollinger_rev,5,"{""k_atr"": 2.0, ""k_sigma"": 2.0, ""n"": 20}",obj10pct,reducido50,todos,long,151925,-0.29639,-63871.35,-1.21713,busqueda_24m
1790810558,1,bollinger_rev,5,"{""k_atr"": 2.0, ""k_sigma"": 2.0, ""n"": 20}",obj10pct,reducido50,todos,short,159204,-0.23882,-53210.79,-0.83408,busqueda_24m
1790810558,1,bollinger_rev,5,"{""k_atr"": 2.0, ""k_sigma"": 2.0, ""n"": 20}",obj20pct,reducido50,todos,ambos,311129,-0.26982,-120061.24,-0.94868,busqueda_24m
1790810558,1,bollinger_rev,5,"{""k_atr"": 2.0, ""k_sigma"": 2.0, ""n"": 20}",obj20pct,reducido50,todos,long,151925,-0.29876,-65474.75,-0.8112,busqueda_24m
1790810558,1,bollinger_rev,5,"{""k_atr"": 2.0, ""k_sigma"": 2.0, ""n"": 20}",obj20pct,reducido50,todos,short,159204,-0.24219,-54586.5,-0.51441,busqueda_24m
1790810558,1,bollinger_rev,5,"{""k_atr"": 2.0, ""k_sigma"": 2.0, ""n"": 20}",obj30pct,reducido50,todos,ambos,311129,-0.27041,-121489.96,-0.79157,busqueda_24m
1790810558,1,bollinger_rev,5,"{""k_atr"": 2.0, ""k_sigma"": 2.0, ""n"": 20}",obj30pct,reducido50,todos,long,151925,-0.29497,-64536.23,-0.67564,busqueda_24m
1790810558,1,bollinger_rev,5,"{""k_atr"": 2.0, ""k_sigma"": 2.0, ""n"": 20}",obj30pct,reducido50,todos,short,159204,-0.24697,-56953.73,-0.43365,busqueda_24m
1790810558,1,bollinger_rev,5,"{""k_atr"": 2.0, ""k_sigma"": 2.0, ""n"": 20}",obj50pct,reducido50,todos,ambos,311129,-0.27202,-124274.28,-0.69856,busqueda_24m
1790810558,1,bollinger_rev,5,"{""k_atr"": 2.0, ""k_sigma"": 2.0, ""n"": 20}",obj50pct,reducido50,todos,long,151925,-0.29397,-64091.06,-0.57866,busqueda_24m
1790810558,1,bollinger_rev,5,"{""k_atr"": 2.0, ""k_sigma"": 2.0, ""n"": 20}",obj50pct,reducido50,todos,short,159204,-0.25106,-60183.22,-0.39691,busqueda_24m
1790810558,1,bollinger_rev,5,"{""k_atr"": 2.0, ""k_sigma"": 2.5, ""n"": 20}",obj1R,reducido50,todos,ambos,112043,-0.2502,-39924.92,-0.90028,busqueda_24m
1790810558,1,bollinger_rev,5,"{""k_atr"": 2.0, ""k_sigma"": 2.5, ""n"": 20}",obj1R,reducido50,todos,long,56262,-0.27508,-22063.38,-0.56645,busqueda_24m
1790810558,1,bollinger_rev,5,"{""k_atr"": 2.0, ""k_sigma"": 2.5, ""n"": 20}",obj1R,reducido50,todos,short,55781,-0.22509,-17861.54,-0.56156,busqueda_24m
1790810558,1,bollinger_rev,5,"{""k_atr"": 2.0, ""k_sigma"": 2.5, ""n"": 20}",obj2R,reducido50,todos,ambos,112043,-0.25059,-40718.84,-0.70395,busqueda_24m
1790810558,1,bollinger_rev,5,"{""k_atr"": 2.0, ""k_sigma"": 2.5, ""n"": 20}",obj2R,reducido50,todos,long,56262,-0.28495,-23274.56,-0.42751,busqueda_24m
1790810558,1,bollinger_rev,5,"{""k_atr"": 2.0, ""k_sigma"": 2.5, ""n"": 20}",obj2R,reducido50,todos,short,55781,-0.21593,-17444.28,-0.3981,busqueda_24m
1790810558,1,bollinger_rev,5,"{""k_atr"": 2.0, ""k_sigma"": 2.5, ""n"": 20}",obj3R,reducido50,todos,ambos,112043,-0.25487,-41399.2,-0.64914,busqueda_24m
1790810558,1,bollinger_rev,5,"{""k_atr"": 2.0, ""k_sigma"": 2.5, ""n"": 20}",obj3R,reducido50,todos,long,56262,-0.29107,-23646.52,-0.37697,busqueda_24m
1790810558,1,bollinger_rev,5,"{""k_atr"": 2.0, ""k_sigma"": 2.5, ""n"": 20}",obj3R,reducido50,todos,short,55781,-0.21836,-17752.67,-0.35575,busqueda_24m
1790810558,1,bollinger_rev,5,"{""k_atr"": 2.0, ""k_sigma"": 2.5, ""n"": 20}",trail2R,reducido50,todos,ambos,112043,-0.25165,-40996.72,-0.66052,busqueda_24m
1790810558,1,bollinger_rev,5,"{""k_atr"": 2.0, ""k_sigma"": 2.5, ""n"": 20}",trail2R,reducido50,todos,long,56262,-0.28353,-22973.27,-0.37637,busqueda_24m
1790810558,1,bollinger_rev,5,"{""k_atr"": 2.0, ""k_sigma"": 2.5, ""n"": 20}",trail2R,reducido50,todos,short,55781,-0.2195,-18023.45,-0.35894,busqueda_24m
1790810558,1,bollinger_rev,5,"{""k_atr"": 2.0, ""k_sigma"": 2.5, ""n"": 20}",trail3R,reducido50,todos,ambos,112043,-0.25801,-42315.27,-0.65162,busqueda_24m
1790810558,1,bollinger_rev,5,"{""k_atr"": 2.0, ""k_sigma"": 2.5, ""n"": 20}",trail3R,reducido50,todos,long,56262,-0.29398,-23755.31,-0.36199,busqueda_24m
1790810558,1,bollinger_rev,5,"{""k_atr"": 2.0, ""k_sigma"": 2.5, ""n"": 20}",trail3R,reducido50,todos,short,55781,-0.22173,-18559.95,-0.33893,busqueda_24m
1790810558,1,bollinger_rev,5,"{""k_atr"": 2.0, ""k_sigma"": 2.5, ""n"": 20}",obj3R_be,reducido50,todos,ambos,112043,-0.25264,-41191.78,-0.66877,busqueda_24m
1790810558,1,bollinger_rev,5,"{""k_atr"": 2.0, ""k_sigma"": 2.5, ""n"": 20}",obj3R_be,reducido50,todos,long,56262,-0.28736,-23544.13,-0.39518,busqueda_24m
1790810558,1,bollinger_rev,5,"{""k_atr"": 2.0, ""k_sigma"": 2.5, ""n"": 20}",obj3R_be,reducido50,todos,short,55781,-0.21761,-17647.65,-0.3731,busqueda_24m
1790810558,1,bollinger_rev,5,"{""k_atr"": 2.0, ""k_sigma"": 2.5, ""n"": 20}",obj5pct,reducido50,todos,ambos,112043,-0.24695,-40098.4,-1.33113,busqueda_24m
1790810558,1,bollinger_rev,5,"{""k_atr"": 2.0, ""k_sigma"": 2.5, ""n"": 20}",obj5pct,reducido50,todos,long,56262,-0.26855,-21861.69,-0.83167,busqueda_24m
1790810558,1,bollinger_rev,5,"{""k_atr"": 2.0, ""k_sigma"": 2.5, ""n"": 20}",obj5pct,reducido50,todos,short,55781,-0.22517,-18236.71,-0.89626,busqueda_24m
1790810558,1,bollinger_rev,5,"{""k_atr"": 2.0, ""k_sigma"": 2.5, ""n"": 20}",obj10pct,reducido50,todos,ambos,112043,-0.24723,-40156.13,-1.02019,busqueda_24m
1790810558,1,bollinger_rev,5,"{""k_atr"": 2.0, ""k_sigma"": 2.5, ""n"": 20}",obj10pct,reducido50,todos,long,56262,-0.27707,-22667.99,-0.63639,busqueda_24m
1790810558,1,bollinger_rev,5,"{""k_atr"": 2.0, ""k_sigma"": 2.5, ""n"": 20}",obj10pct,reducido50,todos,short,55781,-0.21714,-17488.14,-0.59175,busqueda_24m
1790810558,1,bollinger_rev,5,"{""k_atr"": 2.0, ""k_sigma"": 2.5, ""n"": 20}",obj20pct,reducido50,todos,ambos,112043,-0.25184,-41646.88,-0.85057,busqueda_24m
1790810558,1,bollinger_rev,5,"{""k_atr"": 2.0, ""k_sigma"": 2.5, ""n"": 20}",obj20pct,reducido50,todos,long,56262,-0.28988,-24126.84,-0.50825,busqueda_24m
1790810558,1,bollinger_rev,5,"{""k_atr"": 2.0, ""k_sigma"": 2.5, ""n"": 20}",obj20pct,reducido50,todos,short,55781,-0.21346,-17520.04,-0.42542,busqueda_24m
1790810558,1,bollinger_rev,5,"{""k_atr"": 2.0, ""k_sigma"": 2.5, ""n"": 20}",obj30pct,reducido50,todos,ambos,112043,-0.25443,-41994.12,-0.79797,busqueda_24m
1790810558,1,bollinger_rev,5,"{""k_atr"": 2.0, ""k_sigma"": 2.5, ""n"": 20}",obj30pct,reducido50,todos,long,56262,-0.2907,-24227.35,-0.45028,busqueda_24m
1790810558,1,bollinger_rev,5,"{""k_atr"": 2.0, ""k_sigma"": 2.5, ""n"": 20}",obj30pct,reducido50,todos,short,55781,-0.21785,-17766.77,-0.37803,busqueda_24m
1790810558,1,bollinger_rev,5,"{""k_atr"": 2.0, ""k_sigma"": 2.5, ""n"": 20}",obj50pct,reducido50,todos,ambos,112043,-0.25852,-43172.38,-0.77261,busqueda_24m
1790810558,1,bollinger_rev,5,"{""k_atr"": 2.0, ""k_sigma"": 2.5, ""n"": 20}",obj50pct,reducido50,todos,long,56262,-0.29426,-24560.3,-0.42163,busqueda_24m
1790810558,1,bollinger_rev,5,"{""k_atr"": 2.0, ""k_sigma"": 2.5, ""n"": 20}",obj50pct,reducido50,todos,short,55781,-0.22246,-18612.08,-0.35606,busqueda_24m
1790810558,1,bollinger_rev,5,"{""k_atr"": 2.0, ""k_sigma"": 2.5, ""n"": 20}",obj1R,reducido50,todos,ambos,112043,-0.25792,-42318.44,-0.94908,busqueda_24m
1790810558,1,bollinger_rev,5,"{""k_atr"": 2.0, ""k_sigma"": 2.5, ""n"": 20}",obj1R,reducido50,todos,long,55781,-0.28286,-23376.74,-0.82176,busqueda_24m
1790810558,1,bollinger_rev,5,"{""k_atr"": 2.0, ""k_sigma"": 2.5, ""n"": 20}",obj1R,reducido50,todos,short,56262,-0.2332,-18941.7,-0.55198,busqueda_24m
1790810558,1,bollinger_rev,5,"{""k_atr"": 2.0, ""k_sigma"": 2.5, ""n"": 20}",obj2R,reducido50,todos,ambos,112043,-0.26202,-43995.61,-0.68729,busqueda_24m
1790810558,1,bollinger_rev,5,"{""k_atr"": 2.0, ""k_sigma"": 2.5, ""n"": 20}",obj2R,reducido50,todos,long,55781,-0.28635,-23567.88,-0.5635,busqueda_24m
1790810558,1,bollinger_rev,5,"{""k_atr"": 2.0, ""k_sigma"": 2.5, ""n"": 20}",obj2R,reducido50,todos,short,56262,-0.23789,-20427.73,-0.42037,busqueda_24m
1790810558,1,bollinger_rev,5,"{""k_atr"": 2.0, ""k_sigma"": 2.5, ""n"": 20}",obj3R,reducido50,todos,ambos,112043,-0.26248,-44572.01,-0.58551,busqueda_24m
1790810558,1,bollinger_rev,5,"{""k_atr"": 2.0, ""k_sigma"": 2.5, ""n"": 20}",obj3R,reducido50,todos,long,55781,-0.28282,-23498.72,-0.48136,busqueda_24m
1790810558,1,bollinger_rev,5,"{""k_atr"": 2.0, ""k_sigma"": 2.5, ""n"": 20}",obj3R,reducido50,todos,short,56262,-0.2423,-21073.29,-0.34645,busqueda_24m
1790810558,1,bollinger_rev,5,"{""k_atr"": 2.0, ""k_sigma"": 2.5, ""n"": 20}",trail2R,reducido50,todos,ambos,112043,-0.26463,-44517.26,-0.49001,busqueda_24m
1790810558,1,bollinger_rev,5,"{""k_atr"": 2.0, ""k_sigma"": 2.5, ""n"": 20}",trail2R,reducido50,todos,long,55781,-0.28315,-23196.9,-0.42693,busqueda_24m
1790810558,1,bollinger_rev,5,"{""k_atr"": 2.0, ""k_sigma"": 2.5, ""n"": 20}",trail2R,reducido50,todos,short,56262,-0.24627,-21320.36,-0.29092,busqueda_24m
1790810558,1,bollinger_rev,5,"{""k_atr"": 2.0, ""k_sigma"": 2.5, ""n"": 20}",trail3R,reducido50,todos,ambos,112043,-0.26058,-43956.3,-0.43483,busqueda_24m
1790810558,1,bollinger_rev,5,"{""k_atr"": 2.0, ""k_sigma"": 2.5, ""n"": 20}",trail3R,reducido50,todos,long,55781,-0.27837,-22513.83,-0.36815,busqueda_24m
1790810558,1,bollinger_rev,5,"{""k_atr"": 2.0, ""k_sigma"": 2.5, ""n"": 20}",trail3R,reducido50,todos,short,56262,-0.24295,-21442.47,-0.25915,busqueda_24m
1790810558,1,bollinger_rev,5,"{""k_atr"": 2.0, ""k_sigma"": 2.5, ""n"": 20}",obj3R_be,reducido50,todos,ambos,112043,-0.26408,-44903.78,-0.61342,busqueda_24m
1790810558,1,bollinger_rev,5,"{""k_atr"": 2.0, ""k_sigma"": 2.5, ""n"": 20}",obj3R_be,reducido50,todos,long,55781,-0.2871,-24186.15,-0.52662,busqueda_24m
1790810558,1,bollinger_rev,5,"{""k_atr"": 2.0, ""k_sigma"": 2.5, ""n"": 20}",obj3R_be,reducido50,todos,short,56262,-0.24127,-20717.62,-0.36009,busqueda_24m
1790810558,1,bollinger_rev,5,"{""k_atr"": 2.0, ""k_sigma"": 2.5, ""n"": 20}",obj5pct,reducido50,todos,ambos,112043,-0.26027,-42267.64,-1.49179,busqueda_24m
1790810558,1,bollinger_rev,5,"{""k_atr"": 2.0, ""k_sigma"": 2.5, ""n"": 20}",obj5pct,reducido50,todos,long,55781,-0.27923,-22940.38,-1.3196,busqueda_24m
1790810558,1,bollinger_rev,5,"{""k_atr"": 2.0, ""k_sigma"": 2.5, ""n"": 20}",obj5pct,reducido50,todos,short,56262,-0.24148,-19327.26,-0.92925,busqueda_24m
1790810558,1,bollinger_rev,5,"{""k_atr"": 2.0, ""k_sigma"": 2.5, ""n"": 20}",obj10pct,reducido50,todos,ambos,112043,-0.25569,-41989.88,-1.04296,busqueda_24m
1790810558,1,bollinger_rev,5,"{""k_atr"": 2.0, ""k_sigma"": 2.5, ""n"": 20}",obj10pct,reducido50,todos,long,55781,-0.28305,-23582.58,-0.90956,busqueda_24m
1790810558,1,bollinger_rev,5,"{""k_atr"": 2.0, ""k_sigma"": 2.5, ""n"": 20}",obj10pct,reducido50,todos,short,56262,-0.22857,-18407.3,-0.59586,busqueda_24m
1790810558,1,bollinger_rev,5,"{""k_atr"": 2.0, ""k_sigma"": 2.5, ""n"": 20}",obj20pct,reducido50,todos,ambos,112043,-0.25766,-42867.78,-0.71264,busqueda_24m
1790810558,1,bollinger_rev,5,"{""k_atr"": 2.0, ""k_sigma"": 2.5, ""n"": 20}",obj20pct,reducido50,todos,long,55781,-0.2828,-23862.32,-0.63593,busqueda_24m
1790810558,1,bollinger_rev,5,"{""k_atr"": 2.0, ""k_sigma"": 2.5, ""n"": 20}",obj20pct,reducido50,todos,short,56262,-0.23273,-19005.46,-0.39308,busqueda_24m
1790810558,1,bollinger_rev,5,"{""k_atr"": 2.0, ""k_sigma"": 2.5, ""n"": 20}",obj30pct,reducido50,todos,ambos,112043,-0.25935,-43322.97,-0.59606,busqueda_24m
1790810558,1,bollinger_rev,5,"{""k_atr"": 2.0, ""k_sigma"": 2.5, ""n"": 20}",obj30pct,reducido50,todos,long,55781,-0.28175,-23484.6,-0.52532,busqueda_24m
1790810558,1,bollinger_rev,5,"{""k_atr"": 2.0, ""k_sigma"": 2.5, ""n"": 20}",obj30pct,reducido50,todos,short,56262,-0.23714,-19838.37,-0.33362,busqueda_24m
1790810558,1,bollinger_rev,5,"{""k_atr"": 2.0, ""k_sigma"": 2.5, ""n"": 20}",obj50pct,reducido50,todos,ambos,112043,-0.25709,-43001.24,-0.50961,busqueda_24m
1790810558,1,bollinger_rev,5,"{""k_atr"": 2.0, ""k_sigma"": 2.5, ""n"": 20}",obj50pct,reducido50,todos,long,55781,-0.28081,-23147.49,-0.44909,busqueda_24m
1790810558,1,bollinger_rev,5,"{""k_atr"": 2.0, ""k_sigma"": 2.5, ""n"": 20}",obj50pct,reducido50,todos,short,56262,-0.23358,-19853.75,-0.28555,busqueda_24m
1790810558,1,bollinger_rev,5,"{""k_atr"": 2.0, ""k_sigma"": 3.0, ""n"": 20}",obj1R,reducido50,todos,ambos,29497,-0.23106,-9177.68,-0.37936,busqueda_24m
1790810558,1,bollinger_rev,5,"{""k_atr"": 2.0, ""k_sigma"": 3.0, ""n"": 20}",obj1R,reducido50,todos,long,14118,-0.25856,-4853.6,-0.22731,busqueda_24m
1790810558,1,bollinger_rev,5,"{""k_atr"": 2.0, ""k_sigma"": 3.0, ""n"": 20}",obj1R,reducido50,todos,short,15379,-0.20581,-4324.08,-0.30674,busqueda_24m
1790810558,1,bollinger_rev,5,"{""k_atr"": 2.0, ""k_sigma"": 3.0, ""n"": 20}",obj2R,reducido50,todos,ambos,29497,-0.23269,-9108.01,-0.26662,busqueda_24m
1790810558,1,bollinger_rev,5,"{""k_atr"": 2.0, ""k_sigma"": 3.0, ""n"": 20}",obj2R,reducido50,todos,long,14118,-0.26713,-4826.62,-0.15901,busqueda_24m
1790810558,1,bollinger_rev,5,"{""k_atr"": 2.0, ""k_sigma"": 3.0, ""n"": 20}",obj2R,reducido50,todos,short,15379,-0.20109,-4281.39,-0.22889,busqueda_24m
1790810558,1,bollinger_rev,5,"{""k_atr"": 2.0, ""k_sigma"": 3.0, ""n"": 20}",obj3R,reducido50,todos,ambos,29497,-0.2392,-9706.66,-0.22188,busqueda_24m
1790810558,1,bollinger_rev,5,"{""k_atr"": 2.0, ""k_sigma"": 3.0, ""n"": 20}",obj3R,reducido50,todos,long,14118,-0.27531,-5171.82,-0.1288,busqueda_24m
1790810558,1,bollinger_rev,5,"{""k_atr"": 2.0, ""k_sigma"": 3.0, ""n"": 20}",obj3R,reducido50,todos,short,15379,-0.20604,-4534.84,-0.21723,busqueda_24m
1790810558,1,bollinger_rev,5,"{""k_atr"": 2.0, ""k_sigma"": 3.0, ""n"": 20}",trail2R,reducido50,todos,ambos,29497,-0.23795,-10005.71,-0.23123,busqueda_24m
1790810558,1,bollinger_rev,5,"{""k_atr"": 2.0, ""k_sigma"": 3.0, ""n"": 20}",trail2R,reducido50,todos,long,14118,-0.27475,-5488.69,-0.13892,busqueda_24m
1790810558,1,bollinger_rev,5,"{""k_atr"": 2.0, ""k_sigma"": 3.0, ""n"": 20}",trail2R,reducido50,todos,short,15379,-0.20417,-4517.03,-0.20424,busqueda_24m
1790810558,1,bollinger_rev,5,"{""k_atr"": 2.0, ""k_sigma"": 3.0, ""n"": 20}",trail3R,reducido50,todos,ambos,29497,-0.24234,-10229.75,-0.22912,busqueda_24m
1790810558,1,bollinger_rev,5,"{""k_atr"": 2.0, ""k_sigma"": 3.0, ""n"": 20}",trail3R,reducido50,todos,long,14118,-0.28436,-5600.49,-0.13894,busqueda_24m
1790810558,1,bollinger_rev,5,"{""k_atr"": 2.0, ""k_sigma"": 3.0, ""n"": 20}",trail3R,reducido50,todos,short,15379,-0.20376,-4629.26,-0.19399,busqueda_24m
1790810558,1,bollinger_rev,5,"{""k_atr"": 2.0, ""k_sigma"": 3.0, ""n"": 20}",obj3R_be,reducido50,todos,ambos,29497,-0.23565,-9687.84,-0.22675,busqueda_24m
1790810558,1,bollinger_rev,5,"{""k_atr"": 2.0, ""k_sigma"": 3.0, ""n"": 20}",obj3R_be,reducido50,todos,long,14118,-0.2674,-5084.61,-0.12962,busqueda_24m
1790810558,1,bollinger_rev,5,"{""k_atr"": 2.0, ""k_sigma"": 3.0, ""n"": 20}",obj3R_be,reducido50,todos,short,15379,-0.20651,-4603.23,-0.22961,busqueda_24m
1790810558,1,bollinger_rev,5,"{""k_atr"": 2.0, ""k_sigma"": 3.0, ""n"": 20}",obj5pct,reducido50,todos,ambos,29497,-0.23559,-10685.3,-0.76401,busqueda_24m
1790810558,1,bollinger_rev,5,"{""k_atr"": 2.0, ""k_sigma"": 3.0, ""n"": 20}",obj5pct,reducido50,todos,long,14118,-0.25611,-5589.87,-0.48766,busqueda_24m
1790810558,1,bollinger_rev,5,"{""k_atr"": 2.0, ""k_sigma"": 3.0, ""n"": 20}",obj5pct,reducido50,todos,short,15379,-0.21675,-5095.43,-0.57554,busqueda_24m
1790810558,1,bollinger_rev,5,"{""k_atr"": 2.0, ""k_sigma"": 3.0, ""n"": 20}",obj10pct,reducido50,todos,ambos,29497,-0.23221,-10473.92,-0.56758,busqueda_24m
1790810558,1,bollinger_rev,5,"{""k_atr"": 2.0, ""k_sigma"": 3.0, ""n"": 20}",obj10pct,reducido50,todos,long,14118,-0.26599,-5801.86,-0.37911,busqueda_24m
1790810558,1,bollinger_rev,5,"{""k_atr"": 2.0, ""k_sigma"": 3.0, ""n"": 20}",obj10pct,reducido50,todos,short,15379,-0.2012,-4672.05,-0.38453,busqueda_24m
1790810558,1,bollinger_rev,5,"{""k_atr"": 2.0, ""k_sigma"": 3.0, ""n"": 20}",obj20pct,reducido50,todos,ambos,29497,-0.23728,-10687.23,-0.4366,busqueda_24m
1790810558,1,bollinger_rev,5,"{""k_atr"": 2.0, ""k_sigma"": 3.0, ""n"": 20}",obj20pct,reducido50,todos,long,14118,-0.27664,-6086.14,-0.29154,busqueda_24m
1790810558,1,bollinger_rev,5,"{""k_atr"": 2.0, ""k_sigma"": 3.0, ""n"": 20}",obj20pct,reducido50,todos,short,15379,-0.20114,-4601.09,-0.28045,busqueda_24m
1790810558,1,bollinger_rev,5,"{""k_atr"": 2.0, ""k_sigma"": 3.0, ""n"": 20}",obj30pct,reducido50,todos,ambos,29497,-0.23534,-10422.2,-0.37305,busqueda_24m
1790810558,1,bollinger_rev,5,"{""k_atr"": 2.0, ""k_sigma"": 3.0, ""n"": 20}",obj30pct,reducido50,todos,long,14118,-0.26913,-5787.87,-0.24267,busqueda_24m
1790810558,1,bollinger_rev,5,"{""k_atr"": 2.0, ""k_sigma"": 3.0, ""n"": 20}",obj30pct,reducido50,todos,short,15379,-0.20433,-4634.33,-0.24521,busqueda_24m
1790810558,1,bollinger_rev,5,"{""k_atr"": 2.0, ""k_sigma"": 3.0, ""n"": 20}",obj50pct,reducido50,todos,ambos,29497,-0.23841,-10593.45,-0.33347,busqueda_24m
1790810558,1,bollinger_rev,5,"{""k_atr"": 2.0, ""k_sigma"": 3.0, ""n"": 20}",obj50pct,reducido50,todos,long,14118,-0.27703,-5981.46,-0.22519,busqueda_24m
1790810558,1,bollinger_rev,5,"{""k_atr"": 2.0, ""k_sigma"": 3.0, ""n"": 20}",obj50pct,reducido50,todos,short,15379,-0.20297,-4611.99,-0.21783,busqueda_24m
1790810558,1,bollinger_rev,5,"{""k_atr"": 2.0, ""k_sigma"": 3.0, ""n"": 20}",obj1R,reducido50,todos,ambos,29497,-0.25874,-12745.55,-0.54521,busqueda_24m
1790810558,1,bollinger_rev,5,"{""k_atr"": 2.0, ""k_sigma"": 3.0, ""n"": 20}",obj1R,reducido50,todos,long,15379,-0.28034,-7216.36,-0.51495,busqueda_24m
1790810558,1,bollinger_rev,5,"{""k_atr"": 2.0, ""k_sigma"": 3.0, ""n"": 20}",obj1R,reducido50,todos,short,14118,-0.23521,-5529.19,-0.28331,busqueda_24m
1790810558,1,bollinger_rev,5,"{""k_atr"": 2.0, ""k_sigma"": 3.0, ""n"": 20}",obj2R,reducido50,todos,ambos,29497,-0.27037,-13929.74,-0.46464,busqueda_24m
1790810558,1,bollinger_rev,5,"{""k_atr"": 2.0, ""k_sigma"": 3.0, ""n"": 20}",obj2R,reducido50,todos,long,15379,-0.29109,-7518.59,-0.40469,busqueda_24m
1790810558,1,bollinger_rev,5,"{""k_atr"": 2.0, ""k_sigma"": 3.0, ""n"": 20}",obj2R,reducido50,todos,short,14118,-0.2478,-6411.15,-0.26151,busqueda_24m
1790810558,1,bollinger_rev,5,"{""k_atr"": 2.0, ""k_sigma"": 3.0, ""n"": 20}",obj3R,reducido50,todos,ambos,29497,-0.26928,-13596.83,-0.41569,busqueda_24m
1790810558,1,bollinger_rev,5,"{""k_atr"": 2.0, ""k_sigma"": 3.0, ""n"": 20}",obj3R,reducido50,todos,long,15379,-0.28653,-7244.44,-0.33971,busqueda_24m
1790810558,1,bollinger_rev,5,"{""k_atr"": 2.0, ""k_sigma"": 3.0, ""n"": 20}",obj3R,reducido50,todos,short,14118,-0.25049,-6352.38,-0.23845,busqueda_24m
1790810558,1,bollinger_rev,5,"{""k_atr"": 2.0, ""k_sigma"": 3.0, ""n"": 20}",trail2R,reducido50,todos,ambos,29497,-0.26264,-12404.31,-0.30715,busqueda_24m
1790810558,1,bollinger_rev,5,"{""k_atr"": 2.0, ""k_sigma"": 3.0, ""n"": 20}",trail2R,reducido50,todos,long,15379,-0.28072,-6815.69,-0.28216,busqueda_24m
1790810558,1,bollinger_rev,5,"{""k_atr"": 2.0, ""k_sigma"": 3.0, ""n"": 20}",trail2R,reducido50,todos,short,14118,-0.24294,-5588.62,-0.16728,busqueda_24m
1790810558,1,bollinger_rev,5,"{""k_atr"": 2.0, ""k_sigma"": 3.0, ""n"": 20}",trail3R,reducido50,todos,ambos,29497,-0.26349,-12223.97,-0.25287,busqueda_24m
1790810558,1,bollinger_rev,5,"{""k_atr"": 2.0, ""k_sigma"": 3.0, ""n"": 20}",trail3R,reducido50,todos,long,15379,-0.28301,-6774.53,-0.25898,busqueda_24m
1790810558,1,bollinger_rev,5,"{""k_atr"": 2.0, ""k_sigma"": 3.0, ""n"": 20}",trail3R,reducido50,todos,short,14118,-0.24224,-5449.44,-0.13172,busqueda_24m
1790810558,1,bollinger_rev,5,"{""k_atr"": 2.0, ""k_sigma"": 3.0, ""n"": 20}",obj3R_be,reducido50,todos,ambos,29497,-0.2662,-13624.4,-0.42865,busqueda_24m
1790810558,1,bollinger_rev,5,"{""k_atr"": 2.0, ""k_sigma"": 3.0, ""n"": 20}",obj3R_be,reducido50,todos,long,15379,-0.2864,-7392.59,-0.35721,busqueda_24m
1790810558,1,bollinger_rev,5,"{""k_atr"": 2.0, ""k_sigma"": 3.0, ""n"": 20}",obj3R_be,reducido50,todos,short,14118,-0.24419,-6231.81,-0.24315,busqueda_24m
1790810558,1,bollinger_rev,5,"{""k_atr"": 2.0, ""k_sigma"": 3.0, ""n"": 20}",obj5pct,reducido50,todos,ambos,29497,-0.25513,-12021.51,-0.80328,busqueda_24m
1790810558,1,bollinger_rev,5,"{""k_atr"": 2.0, ""k_sigma"": 3.0, ""n"": 20}",obj5pct,reducido50,todos,long,15379,-0.27547,-6860.35,-0.80186,busqueda_24m
1790810558,1,bollinger_rev,5,"{""k_atr"": 2.0, ""k_sigma"": 3.0, ""n"": 20}",obj5pct,reducido50,todos,short,14118,-0.23297,-5161.15,-0.44315,busqueda_24m
1790810558,1,bollinger_rev,5,"{""k_atr"": 2.0, ""k_sigma"": 3.0, ""n"": 20}",obj10pct,reducido50,todos,ambos,29497,-0.26186,-12663.41,-0.65276,busqueda_24m
1790810558,1,bollinger_rev,5,"{""k_atr"": 2.0, ""k_sigma"": 3.0, ""n"": 20}",obj10pct,reducido50,todos,long,15379,-0.28437,-7280.25,-0.62142,busqueda_24m
1790810558,1,bollinger_rev,5,"{""k_atr"": 2.0, ""k_sigma"": 3.0, ""n"": 20}",obj10pct,reducido50,todos,short,14118,-0.23733,-5383.16,-0.34293,busqueda_24m
1790810558,1,bollinger_rev,5,"{""k_atr"": 2.0, ""k_sigma"": 3.0, ""n"": 20}",obj20pct,reducido50,todos,ambos,29497,-0.266,-12977.39,-0.50916,busqueda_24m
1790810558,1,bollinger_rev,5,"{""k_atr"": 2.0, ""k_sigma"": 3.0, ""n"": 20}",obj20pct,reducido50,todos,long,15379,-0.28052,-7217.83,-0.4653,busqueda_24m
1790810558,1,bollinger_rev,5,"{""k_atr"": 2.0, ""k_sigma"": 3.0, ""n"": 20}",obj20pct,reducido50,todos,short,14118,-0.25019,-5759.55,-0.268,busqueda_24m
1790810558,1,bollinger_rev,5,"{""k_atr"": 2.0, ""k_sigma"": 3.0, ""n"": 20}",obj30pct,reducido50,todos,ambos,29497,-0.26836,-13170.37,-0.43517,busqueda_24m
1790810558,1,bollinger_rev,5,"{""k_atr"": 2.0, ""k_sigma"": 3.0, ""n"": 20}",obj30pct,reducido50,todos,long,15379,-0.28675,-7464.63,-0.4147,busqueda_24m
1790810558,1,bollinger_rev,5,"{""k_atr"": 2.0, ""k_sigma"": 3.0, ""n"": 20}",obj30pct,reducido50,todos,short,14118,-0.24832,-5705.73,-0.22201,busqueda_24m
1790810558,1,bollinger_rev,5,"{""k_atr"": 2.0, ""k_sigma"": 3.0, ""n"": 20}",obj50pct,reducido50,todos,ambos,29497,-0.26398,-13087.68,-0.39217,busqueda_24m
1790810558,1,bollinger_rev,5,"{""k_atr"": 2.0, ""k_sigma"": 3.0, ""n"": 20}",obj50pct,reducido50,todos,long,15379,-0.27919,-7264.75,-0.34607,busqueda_24m
1790810558,1,bollinger_rev,5,"{""k_atr"": 2.0, ""k_sigma"": 3.0, ""n"": 20}",obj50pct,reducido50,todos,short,14118,-0.2474,-5822.93,-0.20807,busqueda_24m
1790810558,1,bollinger_rev,15,"{""k_atr"": 2.0, ""k_sigma"": 2.0, ""n"": 20}",obj1R,reducido50,todos,ambos,107741,-0.14775,-41223.11,-0.55346,busqueda_24m
1790810558,1,bollinger_rev,15,"{""k_atr"": 2.0, ""k_sigma"": 2.0, ""n"": 20}",obj1R,reducido50,todos,long,54470,-0.16756,-24006.79,-0.31856,busqueda_24m
1790810558,1,bollinger_rev,15,"{""k_atr"": 2.0, ""k_sigma"": 2.0, ""n"": 20}",obj1R,reducido50,todos,short,53271,-0.12749,-17216.32,-0.27805,busqueda_24m
1790810558,1,bollinger_rev,15,"{""k_atr"": 2.0, ""k_sigma"": 2.0, ""n"": 20}",obj2R,reducido50,todos,ambos,107741,-0.14672,-41370.73,-0.47658,busqueda_24m
1790810558,1,bollinger_rev,15,"{""k_atr"": 2.0, ""k_sigma"": 2.0, ""n"": 20}",obj2R,reducido50,todos,long,54470,-0.17516,-24946.34,-0.22864,busqueda_24m
1790810558,1,bollinger_rev,15,"{""k_atr"": 2.0, ""k_sigma"": 2.0, ""n"": 20}",obj2R,reducido50,todos,short,53271,-0.11764,-16424.39,-0.17408,busqueda_24m
1790810558,1,bollinger_rev,15,"{""k_atr"": 2.0, ""k_sigma"": 2.0, ""n"": 20}",obj3R,reducido50,todos,ambos,107741,-0.14781,-41718.02,-0.45264,busqueda_24m
1790810558,1,bollinger_rev,15,"{""k_atr"": 2.0, ""k_sigma"": 2.0, ""n"": 20}",obj3R,reducido50,todos,long,54470,-0.17539,-24990.29,-0.20582,busqueda_24m
1790810558,1,bollinger_rev,15,"{""k_atr"": 2.0, ""k_sigma"": 2.0, ""n"": 20}",obj3R,reducido50,todos,short,53271,-0.1196,-16727.73,-0.15502,busqueda_24m
1790810558,1,bollinger_rev,15,"{""k_atr"": 2.0, ""k_sigma"": 2.0, ""n"": 20}",trail2R,reducido50,todos,ambos,107741,-0.14279,-41060.21,-0.42464,busqueda_24m
1790810558,1,bollinger_rev,15,"{""k_atr"": 2.0, ""k_sigma"": 2.0, ""n"": 20}",trail2R,reducido50,todos,long,54470,-0.17156,-24694.73,-0.20482,busqueda_24m
1790810558,1,bollinger_rev,15,"{""k_atr"": 2.0, ""k_sigma"": 2.0, ""n"": 20}",trail2R,reducido50,todos,short,53271,-0.11337,-16365.48,-0.15158,busqueda_24m
1790810558,1,bollinger_rev,15,"{""k_atr"": 2.0, ""k_sigma"": 2.0, ""n"": 20}",trail3R,reducido50,todos,ambos,107741,-0.14412,-41328.23,-0.40552,busqueda_24m
1790810558,1,bollinger_rev,15,"{""k_atr"": 2.0, ""k_sigma"": 2.0, ""n"": 20}",trail3R,reducido50,todos,long,54470,-0.17482,-24733.73,-0.19182,busqueda_24m
1790810558,1,bollinger_rev,15,"{""k_atr"": 2.0, ""k_sigma"": 2.0, ""n"": 20}",trail3R,reducido50,todos,short,53271,-0.11272,-16594.5,-0.14153,busqueda_24m
1790810558,1,bollinger_rev,15,"{""k_atr"": 2.0, ""k_sigma"": 2.0, ""n"": 20}",obj3R_be,reducido50,todos,ambos,107741,-0.14643,-41647.64,-0.46461,busqueda_24m
1790810558,1,bollinger_rev,15,"{""k_atr"": 2.0, ""k_sigma"": 2.0, ""n"": 20}",obj3R_be,reducido50,todos,long,54470,-0.17453,-25181.24,-0.21861,busqueda_24m
1790810558,1,bollinger_rev,15,"{""k_atr"": 2.0, ""k_sigma"": 2.0, ""n"": 20}",obj3R_be,reducido50,todos,short,53271,-0.1177,-16466.4,-0.16157,busqueda_24m
1790810558,1,bollinger_rev,15,"{""k_atr"": 2.0, ""k_sigma"": 2.0, ""n"": 20}",obj5pct,reducido50,todos,ambos,107741,-0.14153,-39137.63,-0.98103,busqueda_24m
1790810558,1,bollinger_rev,15,"{""k_atr"": 2.0, ""k_sigma"": 2.0, ""n"": 20}",obj5pct,reducido50,todos,long,54470,-0.15276,-21373.76,-0.60294,busqueda_24m
1790810558,1,bollinger_rev,15,"{""k_atr"": 2.0, ""k_sigma"": 2.0, ""n"": 20}",obj5pct,reducido50,todos,short,53271,-0.13005,-17763.88,-0.63355,busqueda_24m
1790810558,1,bollinger_rev,15,"{""k_atr"": 2.0, ""k_sigma"": 2.0, ""n"": 20}",obj10pct,reducido50,todos,ambos,107741,-0.14561,-40508.72,-0.71589,busqueda_24m
1790810558,1,bollinger_rev,15,"{""k_atr"": 2.0, ""k_sigma"": 2.0, ""n"": 20}",obj10pct,reducido50,todos,long,54470,-0.16273,-23146.91,-0.43354,busqueda_24m
1790810558,1,bollinger_rev,15,"{""k_atr"": 2.0, ""k_sigma"": 2.0, ""n"": 20}",obj10pct,reducido50,todos,short,53271,-0.12812,-17361.81,-0.40183,busqueda_24m
1790810558,1,bollinger_rev,15,"{""k_atr"": 2.0, ""k_sigma"": 2.0, ""n"": 20}",obj20pct,reducido50,todos,ambos,107741,-0.14673,-41769.31,-0.56349,busqueda_24m
1790810558,1,bollinger_rev,15,"{""k_atr"": 2.0, ""k_sigma"": 2.0, ""n"": 20}",obj20pct,reducido50,todos,long,54470,-0.17196,-25009.58,-0.31527,busqueda_24m
1790810558,1,bollinger_rev,15,"{""k_atr"": 2.0, ""k_sigma"": 2.0, ""n"": 20}",obj20pct,reducido50,todos,short,53271,-0.12093,-16759.73,-0.24697,busqueda_24m
1790810558,1,bollinger_rev,15,"{""k_atr"": 2.0, ""k_sigma"": 2.0, ""n"": 20}",obj30pct,reducido50,todos,ambos,107741,-0.1442,-41544.45,-0.5287,busqueda_24m
1790810558,1,bollinger_rev,15,"{""k_atr"": 2.0, ""k_sigma"": 2.0, ""n"": 20}",obj30pct,reducido50,todos,long,54470,-0.17605,-25918.07,-0.27201,busqueda_24m
1790810558,1,bollinger_rev,15,"{""k_atr"": 2.0, ""k_sigma"": 2.0, ""n"": 20}",obj30pct,reducido50,todos,short,53271,-0.11163,-15626.37,-0.18641,busqueda_24m
1790810558,1,bollinger_rev,15,"{""k_atr"": 2.0, ""k_sigma"": 2.0, ""n"": 20}",obj50pct,reducido50,todos,ambos,107741,-0.14338,-41445.12,-0.50102,busqueda_24m
1790810558,1,bollinger_rev,15,"{""k_atr"": 2.0, ""k_sigma"": 2.0, ""n"": 20}",obj50pct,reducido50,todos,long,54470,-0.17456,-25539.35,-0.22585,busqueda_24m
1790810558,1,bollinger_rev,15,"{""k_atr"": 2.0, ""k_sigma"": 2.0, ""n"": 20}",obj50pct,reducido50,todos,short,53271,-0.11149,-15905.77,-0.15631,busqueda_24m
1790810558,1,bollinger_rev,15,"{""k_atr"": 2.0, ""k_sigma"": 2.0, ""n"": 20}",obj1R,reducido50,todos,ambos,107741,-0.13456,-38113.35,-0.51296,busqueda_24m
1790810558,1,bollinger_rev,15,"{""k_atr"": 2.0, ""k_sigma"": 2.0, ""n"": 20}",obj1R,reducido50,todos,long,53271,-0.15509,-21788.28,-0.39835,busqueda_24m
1790810558,1,bollinger_rev,15,"{""k_atr"": 2.0, ""k_sigma"": 2.0, ""n"": 20}",obj1R,reducido50,todos,short,54470,-0.11447,-16325.07,-0.23956,busqueda_24m
1790810558,1,bollinger_rev,15,"{""k_atr"": 2.0, ""k_sigma"": 2.0, ""n"": 20}",obj2R,reducido50,todos,ambos,107741,-0.1378,-41735.98,-0.36899,busqueda_24m
1790810558,1,bollinger_rev,15,"{""k_atr"": 2.0, ""k_sigma"": 2.0, ""n"": 20}",obj2R,reducido50,todos,long,53271,-0.15555,-22622.13,-0.28274,busqueda_24m
1790810558,1,bollinger_rev,15,"{""k_atr"": 2.0, ""k_sigma"": 2.0, ""n"": 20}",obj2R,reducido50,todos,short,54470,-0.12044,-19113.85,-0.18778,busqueda_24m
1790810558,1,bollinger_rev,15,"{""k_atr"": 2.0, ""k_sigma"": 2.0, ""n"": 20}",obj3R,reducido50,todos,ambos,107741,-0.14261,-44318.93,-0.32326,busqueda_24m
1790810558,1,bollinger_rev,15,"{""k_atr"": 2.0, ""k_sigma"": 2.0, ""n"": 20}",obj3R,reducido50,todos,long,53271,-0.15251,-22663.36,-0.24798,busqueda_24m
1790810558,1,bollinger_rev,15,"{""k_atr"": 2.0, ""k_sigma"": 2.0, ""n"": 20}",obj3R,reducido50,todos,short,54470,-0.13293,-21655.57,-0.17809,busqueda_24m
1790810558,1,bollinger_rev,15,"{""k_atr"": 2.0, ""k_sigma"": 2.0, ""n"": 20}",trail2R,reducido50,todos,ambos,107741,-0.14744,-45687.12,-0.31637,busqueda_24m
1790810558,1,bollinger_rev,15,"{""k_atr"": 2.0, ""k_sigma"": 2.0, ""n"": 20}",trail2R,reducido50,todos,long,53271,-0.15588,-23133.74,-0.25469,busqueda_24m
1790810558,1,bollinger_rev,15,"{""k_atr"": 2.0, ""k_sigma"": 2.0, ""n"": 20}",trail2R,reducido50,todos,short,54470,-0.13919,-22553.38,-0.18361,busqueda_24m
1790810558,1,bollinger_rev,15,"{""k_atr"": 2.0, ""k_sigma"": 2.0, ""n"": 20}",trail3R,reducido50,todos,ambos,107741,-0.14262,-45404.99,-0.28727,busqueda_24m
1790810558,1,bollinger_rev,15,"{""k_atr"": 2.0, ""k_sigma"": 2.0, ""n"": 20}",trail3R,reducido50,todos,long,53271,-0.14932,-21988.0,-0.21492,busqueda_24m
1790810558,1,bollinger_rev,15,"{""k_atr"": 2.0, ""k_sigma"": 2.0, ""n"": 20}",trail3R,reducido50,todos,short,54470,-0.13606,-23416.99,-0.17573,busqueda_24m
1790810558,1,bollinger_rev,15,"{""k_atr"": 2.0, ""k_sigma"": 2.0, ""n"": 20}",obj3R_be,reducido50,todos,ambos,107741,-0.14256,-44066.56,-0.33896,busqueda_24m
1790810558,1,bollinger_rev,15,"{""k_atr"": 2.0, ""k_sigma"": 2.0, ""n"": 20}",obj3R_be,reducido50,todos,long,53271,-0.15743,-23410.59,-0.27571,busqueda_24m
1790810558,1,bollinger_rev,15,"{""k_atr"": 2.0, ""k_sigma"": 2.0, ""n"": 20}",obj3R_be,reducido50,todos,short,54470,-0.12802,-20655.97,-0.17956,busqueda_24m
1790810558,1,bollinger_rev,15,"{""k_atr"": 2.0, ""k_sigma"": 2.0, ""n"": 20}",obj5pct,reducido50,todos,ambos,107741,-0.13637,-37883.9,-1.07034,busqueda_24m
1790810558,1,bollinger_rev,15,"{""k_atr"": 2.0, ""k_sigma"": 2.0, ""n"": 20}",obj5pct,reducido50,todos,long,53271,-0.14464,-19519.6,-0.84596,busqueda_24m
1790810558,1,bollinger_rev,15,"{""k_atr"": 2.0, ""k_sigma"": 2.0, ""n"": 20}",obj5pct,reducido50,todos,short,54470,-0.12829,-18364.29,-0.64627,busqueda_24m
1790810558,1,bollinger_rev,15,"{""k_atr"": 2.0, ""k_sigma"": 2.0, ""n"": 20}",obj10pct,reducido50,todos,ambos,107741,-0.1323,-37769.32,-0.73069,busqueda_24m
1790810558,1,bollinger_rev,15,"{""k_atr"": 2.0, ""k_sigma"": 2.0, ""n"": 20}",obj10pct,reducido50,todos,long,53271,-0.14749,-20543.0,-0.5476,busqueda_24m
1790810558,1,bollinger_rev,15,"{""k_atr"": 2.0, ""k_sigma"": 2.0, ""n"": 20}",obj10pct,reducido50,todos,short,54470,-0.11743,-17226.33,-0.38641,busqueda_24m
1790810558,1,bollinger_rev,15,"{""k_atr"": 2.0, ""k_sigma"": 2.0, ""n"": 20}",obj20pct,reducido50,todos,ambos,107741,-0.12809,-36995.33,-0.45783,busqueda_24m
1790810558,1,bollinger_rev,15,"{""k_atr"": 2.0, ""k_sigma"": 2.0, ""n"": 20}",obj20pct,reducido50,todos,long,53271,-0.14974,-21464.81,-0.35596,busqueda_24m
1790810558,1,bollinger_rev,15,"{""k_atr"": 2.0, ""k_sigma"": 2.0, ""n"": 20}",obj20pct,reducido50,todos,short,54470,-0.1069,-15530.52,-0.20954,busqueda_24m
1790810558,1,bollinger_rev,15,"{""k_atr"": 2.0, ""k_sigma"": 2.0, ""n"": 20}",obj30pct,reducido50,todos,ambos,107741,-0.13092,-38220.07,-0.37545,busqueda_24m
1790810558,1,bollinger_rev,15,"{""k_atr"": 2.0, ""k_sigma"": 2.0, ""n"": 20}",obj30pct,reducido50,todos,long,53271,-0.14953,-22032.75,-0.29853,busqueda_24m
1790810558,1,bollinger_rev,15,"{""k_atr"": 2.0, ""k_sigma"": 2.0, ""n"": 20}",obj30pct,reducido50,todos,short,54470,-0.11272,-16187.32,-0.17229,busqueda_24m
1790810558,1,bollinger_rev,15,"{""k_atr"": 2.0, ""k_sigma"": 2.0, ""n"": 20}",obj50pct,reducido50,todos,ambos,107741,-0.13519,-40921.09,-0.31737,busqueda_24m
1790810558,1,bollinger_rev,15,"{""k_atr"": 2.0, ""k_sigma"": 2.0, ""n"": 20}",obj50pct,reducido50,todos,long,53271,-0.15003,-22383.89,-0.2539,busqueda_24m
1790810558,1,bollinger_rev,15,"{""k_atr"": 2.0, ""k_sigma"": 2.0, ""n"": 20}",obj50pct,reducido50,todos,short,54470,-0.12068,-18537.2,-0.16052,busqueda_24m
1790810558,1,bollinger_rev,15,"{""k_atr"": 2.0, ""k_sigma"": 2.5, ""n"": 20}",obj1R,reducido50,todos,ambos,42136,-0.1507,-17656.71,-0.3988,busqueda_24m
1790810558,1,bollinger_rev,15,"{""k_atr"": 2.0, ""k_sigma"": 2.5, ""n"": 20}",obj1R,reducido50,todos,long,20925,-0.16916,-9970.07,-0.24629,busqueda_24m
1790810558,1,bollinger_rev,15,"{""k_atr"": 2.0, ""k_sigma"": 2.5, ""n"": 20}",obj1R,reducido50,todos,short,21211,-0.1325,-7686.64,-0.2572,busqueda_24m
1790810558,1,bollinger_rev,15,"{""k_atr"": 2.0, ""k_sigma"": 2.5, ""n"": 20}",obj2R,reducido50,todos,ambos,42136,-0.14861,-16958.37,-0.30896,busqueda_24m
1790810558,1,bollinger_rev,15,"{""k_atr"": 2.0, ""k_sigma"": 2.5, ""n"": 20}",obj2R,reducido50,todos,long,20925,-0.17078,-10049.98,-0.17949,busqueda_24m
1790810558,1,bollinger_rev,15,"{""k_atr"": 2.0, ""k_sigma"": 2.5, ""n"": 20}",obj2R,reducido50,todos,short,21211,-0.12675,-6908.39,-0.16095,busqueda_24m
1790810558,1,bollinger_rev,15,"{""k_atr"": 2.0, ""k_sigma"": 2.5, ""n"": 20}",obj3R,reducido50,todos,ambos,42136,-0.15139,-17057.07,-0.28808,busqueda_24m
1790810558,1,bollinger_rev,15,"{""k_atr"": 2.0, ""k_sigma"": 2.5, ""n"": 20}",obj3R,reducido50,todos,long,20925,-0.17282,-10036.89,-0.16132,busqueda_24m
1790810558,1,bollinger_rev,15,"{""k_atr"": 2.0, ""k_sigma"": 2.5, ""n"": 20}",obj3R,reducido50,todos,short,21211,-0.13024,-7020.18,-0.14208,busqueda_24m
1790810558,1,bollinger_rev,15,"{""k_atr"": 2.0, ""k_sigma"": 2.5, ""n"": 20}",trail2R,reducido50,todos,ambos,42136,-0.14549,-16700.21,-0.27692,busqueda_24m
1790810558,1,bollinger_rev,15,"{""k_atr"": 2.0, ""k_sigma"": 2.5, ""n"": 20}",trail2R,reducido50,todos,long,20925,-0.16651,-9758.35,-0.15911,busqueda_24m
1790810558,1,bollinger_rev,15,"{""k_atr"": 2.0, ""k_sigma"": 2.5, ""n"": 20}",trail2R,reducido50,todos,short,21211,-0.12474,-6941.86,-0.1415,busqueda_24m
1790810558,1,bollinger_rev,15,"{""k_atr"": 2.0, ""k_sigma"": 2.5, ""n"": 20}",trail3R,reducido50,todos,ambos,42136,-0.14855,-16960.33,-0.26935,busqueda_24m
1790810558,1,bollinger_rev,15,"{""k_atr"": 2.0, ""k_sigma"": 2.5, ""n"": 20}",trail3R,reducido50,todos,long,20925,-0.17178,-10063.66,-0.15516,busqueda_24m
1790810558,1,bollinger_rev,15,"{""k_atr"": 2.0, ""k_sigma"": 2.5, ""n"": 20}",trail3R,reducido50,todos,short,21211,-0.12563,-6896.66,-0.12867,busqueda_24m
1790810558,1,bollinger_rev,15,"{""k_atr"": 2.0, ""k_sigma"": 2.5, ""n"": 20}",obj3R_be,reducido50,todos,ambos,42136,-0.14792,-16757.79,-0.2906,busqueda_24m
1790810558,1,bollinger_rev,15,"{""k_atr"": 2.0, ""k_sigma"": 2.5, ""n"": 20}",obj3R_be,reducido50,todos,long,20925,-0.17006,-9886.17,-0.16697,busqueda_24m
1790810558,1,bollinger_rev,15,"{""k_atr"": 2.0, ""k_sigma"": 2.5, ""n"": 20}",obj3R_be,reducido50,todos,short,21211,-0.12609,-6871.62,-0.14496,busqueda_24m
1790810558,1,bollinger_rev,15,"{""k_atr"": 2.0, ""k_sigma"": 2.5, ""n"": 20}",obj5pct,reducido50,todos,ambos,42136,-0.13593,-14839.32,-0.71735,busqueda_24m
1790810558,1,bollinger_rev,15,"{""k_atr"": 2.0, ""k_sigma"": 2.5, ""n"": 20}",obj5pct,reducido50,todos,long,20925,-0.14567,-7868.43,-0.45825,busqueda_24m
1790810558,1,bollinger_rev,15,"{""k_atr"": 2.0, ""k_sigma"": 2.5, ""n"": 20}",obj5pct,reducido50,todos,short,21211,-0.12632,-6970.88,-0.49502,busqueda_24m
1790810558,1,bollinger_rev,15,"{""k_atr"": 2.0, ""k_sigma"": 2.5, ""n"": 20}",obj10pct,reducido50,todos,ambos,42136,-0.14141,-15210.69,-0.50814,busqueda_24m
1790810558,1,bollinger_rev,15,"{""k_atr"": 2.0, ""k_sigma"": 2.5, ""n"": 20}",obj10pct,reducido50,todos,long,20925,-0.15419,-8421.94,-0.31984,busqueda_24m
1790810558,1,bollinger_rev,15,"{""k_atr"": 2.0, ""k_sigma"": 2.5, ""n"": 20}",obj10pct,reducido50,todos,short,21211,-0.12881,-6788.75,-0.33136,busqueda_24m
1790810558,1,bollinger_rev,15,"{""k_atr"": 2.0, ""k_sigma"": 2.5, ""n"": 20}",obj20pct,reducido50,todos,ambos,42136,-0.14788,-16746.43,-0.40503,busqueda_24m
1790810558,1,bollinger_rev,15,"{""k_atr"": 2.0, ""k_sigma"": 2.5, ""n"": 20}",obj20pct,reducido50,todos,long,20925,-0.16451,-9568.74,-0.24015,busqueda_24m
1790810558,1,bollinger_rev,15,"{""k_atr"": 2.0, ""k_sigma"": 2.5, ""n"": 20}",obj20pct,reducido50,todos,short,21211,-0.13148,-7177.69,-0.2396,busqueda_24m
1790810558,1,bollinger_rev,15,"{""k_atr"": 2.0, ""k_sigma"": 2.5, ""n"": 20}",obj30pct,reducido50,todos,ambos,42136,-0.15011,-17483.02,-0.3708,busqueda_24m
1790810558,1,bollinger_rev,15,"{""k_atr"": 2.0, ""k_sigma"": 2.5, ""n"": 20}",obj30pct,reducido50,todos,long,20925,-0.17274,-10264.07,-0.21272,busqueda_24m
1790810558,1,bollinger_rev,15,"{""k_atr"": 2.0, ""k_sigma"": 2.5, ""n"": 20}",obj30pct,reducido50,todos,short,21211,-0.12777,-7218.95,-0.19577,busqueda_24m
1790810558,1,bollinger_rev,15,"{""k_atr"": 2.0, ""k_sigma"": 2.5, ""n"": 20}",obj50pct,reducido50,todos,ambos,42136,-0.14666,-17234.55,-0.31931,busqueda_24m
1790810558,1,bollinger_rev,15,"{""k_atr"": 2.0, ""k_sigma"": 2.5, ""n"": 20}",obj50pct,reducido50,todos,long,20925,-0.16894,-9999.81,-0.17216,busqueda_24m
1790810558,1,bollinger_rev,15,"{""k_atr"": 2.0, ""k_sigma"": 2.5, ""n"": 20}",obj50pct,reducido50,todos,short,21211,-0.12468,-7234.74,-0.1606,busqueda_24m
1790810558,1,bollinger_rev,15,"{""k_atr"": 2.0, ""k_sigma"": 2.5, ""n"": 20}",obj1R,reducido50,todos,ambos,42136,-0.12443,-13599.15,-0.31296,busqueda_24m
1790810558,1,bollinger_rev,15,"{""k_atr"": 2.0, ""k_sigma"": 2.5, ""n"": 20}",obj1R,reducido50,todos,long,21211,-0.14269,-8033.86,-0.29559,busqueda_24m
1790810558,1,bollinger_rev,15,"{""k_atr"": 2.0, ""k_sigma"": 2.5, ""n"": 20}",obj1R,reducido50,todos,short,20925,-0.10592,-5565.3,-0.14521,busqueda_24m
1790810558,1,bollinger_rev,15,"{""k_atr"": 2.0, ""k_sigma"": 2.5, ""n"": 20}",obj2R,reducido50,todos,ambos,42136,-0.1349,-15151.41,-0.23925,busqueda_24m
1790810558,1,bollinger_rev,15,"{""k_atr"": 2.0, ""k_sigma"": 2.5, ""n"": 20}",obj2R,reducido50,todos,long,21211,-0.143,-7871.47,-0.20842,busqueda_24m
1790810558,1,bollinger_rev,15,"{""k_atr"": 2.0, ""k_sigma"": 2.5, ""n"": 20}",obj2R,reducido50,todos,short,20925,-0.1267,-7279.94,-0.13371,busqueda_24m
1790810558,1,bollinger_rev,15,"{""k_atr"": 2.0, ""k_sigma"": 2.5, ""n"": 20}",obj3R,reducido50,todos,ambos,42136,-0.14296,-16985.78,-0.23521,busqueda_24m
1790810558,1,bollinger_rev,15,"{""k_atr"": 2.0, ""k_sigma"": 2.5, ""n"": 20}",obj3R,reducido50,todos,long,21211,-0.14513,-8128.19,-0.18848,busqueda_24m
1790810558,1,bollinger_rev,15,"{""k_atr"": 2.0, ""k_sigma"": 2.5, ""n"": 20}",obj3R,reducido50,todos,short,20925,-0.14077,-8857.59,-0.14334,busqueda_24m
1790810558,1,bollinger_rev,15,"{""k_atr"": 2.0, ""k_sigma"": 2.5, ""n"": 20}",trail2R,reducido50,todos,ambos,42136,-0.15121,-17673.17,-0.24736,busqueda_24m
1790810558,1,bollinger_rev,15,"{""k_atr"": 2.0, ""k_sigma"": 2.5, ""n"": 20}",trail2R,reducido50,todos,long,21211,-0.15387,-8634.07,-0.19888,busqueda_24m
1790810558,1,bollinger_rev,15,"{""k_atr"": 2.0, ""k_sigma"": 2.5, ""n"": 20}",trail2R,reducido50,todos,short,20925,-0.14851,-9039.1,-0.15395,busqueda_24m
1790810558,1,bollinger_rev,15,"{""k_atr"": 2.0, ""k_sigma"": 2.5, ""n"": 20}",trail3R,reducido50,todos,ambos,42136,-0.14146,-17515.14,-0.22542,busqueda_24m
1790810558,1,bollinger_rev,15,"{""k_atr"": 2.0, ""k_sigma"": 2.5, ""n"": 20}",trail3R,reducido50,todos,long,21211,-0.1408,-7760.12,-0.1582,busqueda_24m
1790810558,1,bollinger_rev,15,"{""k_atr"": 2.0, ""k_sigma"": 2.5, ""n"": 20}",trail3R,reducido50,todos,short,20925,-0.14213,-9755.02,-0.15555,busqueda_24m
1790810558,1,bollinger_rev,15,"{""k_atr"": 2.0, ""k_sigma"": 2.5, ""n"": 20}",obj3R_be,reducido50,todos,ambos,42136,-0.14333,-16549.13,-0.23974,busqueda_24m
1790810558,1,bollinger_rev,15,"{""k_atr"": 2.0, ""k_sigma"": 2.5, ""n"": 20}",obj3R_be,reducido50,todos,long,21211,-0.15337,-8554.28,-0.21249,busqueda_24m
1790810558,1,bollinger_rev,15,"{""k_atr"": 2.0, ""k_sigma"": 2.5, ""n"": 20}",obj3R_be,reducido50,todos,short,20925,-0.13316,-7994.84,-0.13525,busqueda_24m
1790810558,1,bollinger_rev,15,"{""k_atr"": 2.0, ""k_sigma"": 2.5, ""n"": 20}",obj5pct,reducido50,todos,ambos,42136,-0.12651,-14281.46,-0.67828,busqueda_24m
1790810558,1,bollinger_rev,15,"{""k_atr"": 2.0, ""k_sigma"": 2.5, ""n"": 20}",obj5pct,reducido50,todos,long,21211,-0.13269,-7572.45,-0.57849,busqueda_24m
1790810558,1,bollinger_rev,15,"{""k_atr"": 2.0, ""k_sigma"": 2.5, ""n"": 20}",obj5pct,reducido50,todos,short,20925,-0.12024,-6709.0,-0.38924,busqueda_24m
1790810558,1,bollinger_rev,15,"{""k_atr"": 2.0, ""k_sigma"": 2.5, ""n"": 20}",obj10pct,reducido50,todos,ambos,42136,-0.12175,-13937.5,-0.46716,busqueda_24m
1790810558,1,bollinger_rev,15,"{""k_atr"": 2.0, ""k_sigma"": 2.5, ""n"": 20}",obj10pct,reducido50,todos,long,21211,-0.13429,-7929.71,-0.42036,busqueda_24m
1790810558,1,bollinger_rev,15,"{""k_atr"": 2.0, ""k_sigma"": 2.5, ""n"": 20}",obj10pct,reducido50,todos,short,20925,-0.10905,-6007.79,-0.23804,busqueda_24m
1790810558,1,bollinger_rev,15,"{""k_atr"": 2.0, ""k_sigma"": 2.5, ""n"": 20}",obj20pct,reducido50,todos,ambos,42136,-0.12719,-14410.44,-0.33513,busqueda_24m
1790810558,1,bollinger_rev,15,"{""k_atr"": 2.0, ""k_sigma"": 2.5, ""n"": 20}",obj20pct,reducido50,todos,long,21211,-0.14479,-8516.3,-0.30693,busqueda_24m
1790810558,1,bollinger_rev,15,"{""k_atr"": 2.0, ""k_sigma"": 2.5, ""n"": 20}",obj20pct,reducido50,todos,short,20925,-0.10935,-5894.14,-0.15339,busqueda_24m
1790810558,1,bollinger_rev,15,"{""k_atr"": 2.0, ""k_sigma"": 2.5, ""n"": 20}",obj30pct,reducido50,todos,ambos,42136,-0.13031,-14587.16,-0.27446,busqueda_24m
1790810558,1,bollinger_rev,15,"{""k_atr"": 2.0, ""k_sigma"": 2.5, ""n"": 20}",obj30pct,reducido50,todos,long,21211,-0.15174,-9002.93,-0.26871,busqueda_24m
1790810558,1,bollinger_rev,15,"{""k_atr"": 2.0, ""k_sigma"": 2.5, ""n"": 20}",obj30pct,reducido50,todos,short,20925,-0.10858,-5584.24,-0.11616,busqueda_24m
1790810558,1,bollinger_rev,15,"{""k_atr"": 2.0, ""k_sigma"": 2.5, ""n"": 20}",obj50pct,reducido50,todos,ambos,42136,-0.13141,-15430.38,-0.23055,busqueda_24m
1790810558,1,bollinger_rev,15,"{""k_atr"": 2.0, ""k_sigma"": 2.5, ""n"": 20}",obj50pct,reducido50,todos,long,21211,-0.1465,-8659.51,-0.21337,busqueda_24m
1790810558,1,bollinger_rev,15,"{""k_atr"": 2.0, ""k_sigma"": 2.5, ""n"": 20}",obj50pct,reducido50,todos,short,20925,-0.11611,-6770.87,-0.11503,busqueda_24m
1790810558,1,bollinger_rev,15,"{""k_atr"": 2.0, ""k_sigma"": 3.0, ""n"": 20}",obj1R,reducido50,todos,ambos,12389,-0.144,-4686.54,-0.17373,busqueda_24m
1790810558,1,bollinger_rev,15,"{""k_atr"": 2.0, ""k_sigma"": 3.0, ""n"": 20}",obj1R,reducido50,todos,long,5818,-0.15911,-2285.05,-0.09912,busqueda_24m
1790810558,1,bollinger_rev,15,"{""k_atr"": 2.0, ""k_sigma"": 3.0, ""n"": 20}",obj1R,reducido50,todos,short,6571,-0.13063,-2401.49,-0.15837,busqueda_24m
1790810558,1,bollinger_rev,15,"{""k_atr"": 2.0, ""k_sigma"": 3.0, ""n"": 20}",obj2R,reducido50,todos,ambos,12389,-0.1415,-4502.15,-0.1287,busqueda_24m
1790810558,1,bollinger_rev,15,"{""k_atr"": 2.0, ""k_sigma"": 3.0, ""n"": 20}",obj2R,reducido50,todos,long,5818,-0.15271,-2311.56,-0.07592,busqueda_24m
1790810558,1,bollinger_rev,15,"{""k_atr"": 2.0, ""k_sigma"": 3.0, ""n"": 20}",obj2R,reducido50,todos,short,6571,-0.13158,-2190.59,-0.10337,busqueda_24m
1790810558,1,bollinger_rev,15,"{""k_atr"": 2.0, ""k_sigma"": 3.0, ""n"": 20}",obj3R,reducido50,todos,ambos,12389,-0.1473,-4660.81,-0.12813,busqueda_24m
1790810558,1,bollinger_rev,15,"{""k_atr"": 2.0, ""k_sigma"": 3.0, ""n"": 20}",obj3R,reducido50,todos,long,5818,-0.14906,-2174.5,-0.06904,busqueda_24m
1790810558,1,bollinger_rev,15,"{""k_atr"": 2.0, ""k_sigma"": 3.0, ""n"": 20}",obj3R,reducido50,todos,short,6571,-0.14575,-2486.31,-0.10571,busqueda_24m
1790810558,1,bollinger_rev,15,"{""k_atr"": 2.0, ""k_sigma"": 3.0, ""n"": 20}",trail2R,reducido50,todos,ambos,12389,-0.14439,-4523.88,-0.12091,busqueda_24m
1790810558,1,bollinger_rev,15,"{""k_atr"": 2.0, ""k_sigma"": 3.0, ""n"": 20}",trail2R,reducido50,todos,long,5818,-0.15087,-2133.34,-0.06584,busqueda_24m
1790810558,1,bollinger_rev,15,"{""k_atr"": 2.0, ""k_sigma"": 3.0, ""n"": 20}",trail2R,reducido50,todos,short,6571,-0.13865,-2390.54,-0.10009,busqueda_24m
1790810558,1,bollinger_rev,15,"{""k_atr"": 2.0, ""k_sigma"": 3.0, ""n"": 20}",trail3R,reducido50,todos,ambos,12389,-0.14584,-4582.95,-0.11888,busqueda_24m
1790810558,1,bollinger_rev,15,"{""k_atr"": 2.0, ""k_sigma"": 3.0, ""n"": 20}",trail3R,reducido50,todos,long,5818,-0.15194,-2191.91,-0.06647,busqueda_24m
1790810558,1,bollinger_rev,15,"{""k_atr"": 2.0, ""k_sigma"": 3.0, ""n"": 20}",trail3R,reducido50,todos,short,6571,-0.14045,-2391.04,-0.09338,busqueda_24m
1790810558,1,bollinger_rev,15,"{""k_atr"": 2.0, ""k_sigma"": 3.0, ""n"": 20}",obj3R_be,reducido50,todos,ambos,12389,-0.1464,-4718.94,-0.13263,busqueda_24m
1790810558,1,bollinger_rev,15,"{""k_atr"": 2.0, ""k_sigma"": 3.0, ""n"": 20}",obj3R_be,reducido50,todos,long,5818,-0.14964,-2162.91,-0.07042,busqueda_24m
1790810558,1,bollinger_rev,15,"{""k_atr"": 2.0, ""k_sigma"": 3.0, ""n"": 20}",obj3R_be,reducido50,todos,short,6571,-0.14354,-2556.03,-0.11335,busqueda_24m
1790810558,1,bollinger_rev,15,"{""k_atr"": 2.0, ""k_sigma"": 3.0, ""n"": 20}",obj5pct,reducido50,todos,ambos,12389,-0.13193,-4146.44,-0.41728,busqueda_24m
1790810558,1,bollinger_rev,15,"{""k_atr"": 2.0, ""k_sigma"": 3.0, ""n"": 20}",obj5pct,reducido50,todos,long,5818,-0.13824,-1910.88,-0.25729,busqueda_24m
1790810558,1,bollinger_rev,15,"{""k_atr"": 2.0, ""k_sigma"": 3.0, ""n"": 20}",obj5pct,reducido50,todos,short,6571,-0.12635,-2235.56,-0.32758,busqueda_24m
1790810558,1,bollinger_rev,15,"{""k_atr"": 2.0, ""k_sigma"": 3.0, ""n"": 20}",obj10pct,reducido50,todos,ambos,12389,-0.12867,-3954.47,-0.26916,busqueda_24m
1790810558,1,bollinger_rev,15,"{""k_atr"": 2.0, ""k_sigma"": 3.0, ""n"": 20}",obj10pct,reducido50,todos,long,5818,-0.13883,-1969.9,-0.16906,busqueda_24m
1790810558,1,bollinger_rev,15,"{""k_atr"": 2.0, ""k_sigma"": 3.0, ""n"": 20}",obj10pct,reducido50,todos,short,6571,-0.11967,-1984.57,-0.20416,busqueda_24m
1790810558,1,bollinger_rev,15,"{""k_atr"": 2.0, ""k_sigma"": 3.0, ""n"": 20}",obj20pct,reducido50,todos,ambos,12389,-0.13838,-4807.49,-0.21277,busqueda_24m
1790810558,1,bollinger_rev,15,"{""k_atr"": 2.0, ""k_sigma"": 3.0, ""n"": 20}",obj20pct,reducido50,todos,long,5818,-0.14285,-2390.26,-0.12652,busqueda_24m
1790810558,1,bollinger_rev,15,"{""k_atr"": 2.0, ""k_sigma"": 3.0, ""n"": 20}",obj20pct,reducido50,todos,short,6571,-0.13442,-2417.23,-0.16773,busqueda_24m
1790810558,1,bollinger_rev,15,"{""k_atr"": 2.0, ""k_sigma"": 3.0, ""n"": 20}",obj30pct,reducido50,todos,ambos,12389,-0.14348,-5041.89,-0.18839,busqueda_24m
1790810558,1,bollinger_rev,15,"{""k_atr"": 2.0, ""k_sigma"": 3.0, ""n"": 20}",obj30pct,reducido50,todos,long,5818,-0.15492,-2742.38,-0.11881,busqueda_24m
1790810558,1,bollinger_rev,15,"{""k_atr"": 2.0, ""k_sigma"": 3.0, ""n"": 20}",obj30pct,reducido50,todos,short,6571,-0.13336,-2299.51,-0.1342,busqueda_24m
1790810558,1,bollinger_rev,15,"{""k_atr"": 2.0, ""k_sigma"": 3.0, ""n"": 20}",obj50pct,reducido50,todos,ambos,12389,-0.15245,-5504.19,-0.1779,busqueda_24m
1790810558,1,bollinger_rev,15,"{""k_atr"": 2.0, ""k_sigma"": 3.0, ""n"": 20}",obj50pct,reducido50,todos,long,5818,-0.161,-2706.31,-0.09973,busqueda_24m
1790810558,1,bollinger_rev,15,"{""k_atr"": 2.0, ""k_sigma"": 3.0, ""n"": 20}",obj50pct,reducido50,todos,short,6571,-0.14487,-2797.88,-0.13417,busqueda_24m
1790810558,1,bollinger_rev,15,"{""k_atr"": 2.0, ""k_sigma"": 3.0, ""n"": 20}",obj1R,reducido50,todos,ambos,12389,-0.11789,-4223.98,-0.1534,busqueda_24m
1790810558,1,bollinger_rev,15,"{""k_atr"": 2.0, ""k_sigma"": 3.0, ""n"": 20}",obj1R,reducido50,todos,long,6571,-0.1314,-2372.0,-0.1592,busqueda_24m
1790810558,1,bollinger_rev,15,"{""k_atr"": 2.0, ""k_sigma"": 3.0, ""n"": 20}",obj1R,reducido50,todos,short,5818,-0.10263,-1851.98,-0.07877,busqueda_24m
1790810558,1,bollinger_rev,15,"{""k_atr"": 2.0, ""k_sigma"": 3.0, ""n"": 20}",obj2R,reducido50,todos,ambos,12389,-0.13519,-4980.96,-0.15331,busqueda_24m
1790810558,1,bollinger_rev,15,"{""k_atr"": 2.0, ""k_sigma"": 3.0, ""n"": 20}",obj2R,reducido50,todos,long,6571,-0.13545,-2522.34,-0.13088,busqueda_24m
1790810558,1,bollinger_rev,15,"{""k_atr"": 2.0, ""k_sigma"": 3.0, ""n"": 20}",obj2R,reducido50,todos,short,5818,-0.13489,-2458.62,-0.08713,busqueda_24m
1790810558,1,bollinger_rev,15,"{""k_atr"": 2.0, ""k_sigma"": 3.0, ""n"": 20}",obj3R,reducido50,todos,ambos,12389,-0.14571,-5460.73,-0.15466,busqueda_24m
1790810558,1,bollinger_rev,15,"{""k_atr"": 2.0, ""k_sigma"": 3.0, ""n"": 20}",obj3R,reducido50,todos,long,6571,-0.14834,-2706.39,-0.12583,busqueda_24m
1790810558,1,bollinger_rev,15,"{""k_atr"": 2.0, ""k_sigma"": 3.0, ""n"": 20}",obj3R,reducido50,todos,short,5818,-0.14275,-2754.34,-0.09394,busqueda_24m
1790810558,1,bollinger_rev,15,"{""k_atr"": 2.0, ""k_sigma"": 3.0, ""n"": 20}",trail2R,reducido50,todos,ambos,12389,-0.16083,-6113.69,-0.17802,busqueda_24m
1790810558,1,bollinger_rev,15,"{""k_atr"": 2.0, ""k_sigma"": 3.0, ""n"": 20}",trail2R,reducido50,todos,long,6571,-0.1636,-2992.87,-0.14421,busqueda_24m
1790810558,1,bollinger_rev,15,"{""k_atr"": 2.0, ""k_sigma"": 3.0, ""n"": 20}",trail2R,reducido50,todos,short,5818,-0.1577,-3120.82,-0.11113,busqueda_24m
1790810558,1,bollinger_rev,15,"{""k_atr"": 2.0, ""k_sigma"": 3.0, ""n"": 20}",trail3R,reducido50,todos,ambos,12389,-0.15396,-6142.74,-0.16856,busqueda_24m
1790810558,1,bollinger_rev,15,"{""k_atr"": 2.0, ""k_sigma"": 3.0, ""n"": 20}",trail3R,reducido50,todos,long,6571,-0.15593,-2932.87,-0.12349,busqueda_24m
1790810558,1,bollinger_rev,15,"{""k_atr"": 2.0, ""k_sigma"": 3.0, ""n"": 20}",trail3R,reducido50,todos,short,5818,-0.15173,-3209.87,-0.11282,busqueda_24m
1790810558,1,bollinger_rev,15,"{""k_atr"": 2.0, ""k_sigma"": 3.0, ""n"": 20}",obj3R_be,reducido50,todos,ambos,12389,-0.13955,-5148.59,-0.1512,busqueda_24m
1790810558,1,bollinger_rev,15,"{""k_atr"": 2.0, ""k_sigma"": 3.0, ""n"": 20}",obj3R_be,reducido50,todos,long,6571,-0.1435,-2533.2,-0.1234,busqueda_24m
1790810558,1,bollinger_rev,15,"{""k_atr"": 2.0, ""k_sigma"": 3.0, ""n"": 20}",obj3R_be,reducido50,todos,short,5818,-0.13508,-2615.38,-0.09111,busqueda_24m
1790810558,1,bollinger_rev,15,"{""k_atr"": 2.0, ""k_sigma"": 3.0, ""n"": 20}",obj5pct,reducido50,todos,ambos,12389,-0.12274,-4466.96,-0.37185,busqueda_24m
1790810558,1,bollinger_rev,15,"{""k_atr"": 2.0, ""k_sigma"": 3.0, ""n"": 20}",obj5pct,reducido50,todos,long,6571,-0.13769,-2644.87,-0.34708,busqueda_24m
1790810558,1,bollinger_rev,15,"{""k_atr"": 2.0, ""k_sigma"": 3.0, ""n"": 20}",obj5pct,reducido50,todos,short,5818,-0.10585,-1822.08,-0.19187,busqueda_24m
1790810558,1,bollinger_rev,15,"{""k_atr"": 2.0, ""k_sigma"": 3.0, ""n"": 20}",obj10pct,reducido50,todos,ambos,12389,-0.12521,-4563.07,-0.28444,busqueda_24m
1790810558,1,bollinger_rev,15,"{""k_atr"": 2.0, ""k_sigma"": 3.0, ""n"": 20}",obj10pct,reducido50,todos,long,6571,-0.13551,-2665.08,-0.25966,busqueda_24m
1790810558,1,bollinger_rev,15,"{""k_atr"": 2.0, ""k_sigma"": 3.0, ""n"": 20}",obj10pct,reducido50,todos,short,5818,-0.11358,-1897.99,-0.14871,busqueda_24m
1790810558,1,bollinger_rev,15,"{""k_atr"": 2.0, ""k_sigma"": 3.0, ""n"": 20}",obj20pct,reducido50,todos,ambos,12389,-0.13316,-4707.9,-0.21125,busqueda_24m
1790810558,1,bollinger_rev,15,"{""k_atr"": 2.0, ""k_sigma"": 3.0, ""n"": 20}",obj20pct,reducido50,todos,long,6571,-0.14215,-2718.21,-0.197,busqueda_24m
1790810558,1,bollinger_rev,15,"{""k_atr"": 2.0, ""k_sigma"": 3.0, ""n"": 20}",obj20pct,reducido50,todos,short,5818,-0.123,-1989.69,-0.10812,busqueda_24m
1790810558,1,bollinger_rev,15,"{""k_atr"": 2.0, ""k_sigma"": 3.0, ""n"": 20}",obj30pct,reducido50,todos,ambos,12389,-0.13311,-4543.38,-0.17132,busqueda_24m
1790810558,1,bollinger_rev,15,"{""k_atr"": 2.0, ""k_sigma"": 3.0, ""n"": 20}",obj30pct,reducido50,todos,long,6571,-0.14142,-2657.23,-0.16252,busqueda_24m
1790810558,1,bollinger_rev,15,"{""k_atr"": 2.0, ""k_sigma"": 3.0, ""n"": 20}",obj30pct,reducido50,todos,short,5818,-0.12373,-1886.16,-0.08606,busqueda_24m
1790810558,1,bollinger_rev,15,"{""k_atr"": 2.0, ""k_sigma"": 3.0, ""n"": 20}",obj50pct,reducido50,todos,ambos,12389,-0.13564,-4627.25,-0.14539,busqueda_24m
1790810558,1,bollinger_rev,15,"{""k_atr"": 2.0, ""k_sigma"": 3.0, ""n"": 20}",obj50pct,reducido50,todos,long,6571,-0.15081,-2738.5,-0.14705,busqueda_24m
1790810558,1,bollinger_rev,15,"{""k_atr"": 2.0, ""k_sigma"": 3.0, ""n"": 20}",obj50pct,reducido50,todos,short,5818,-0.11852,-1888.75,-0.07018,busqueda_24m
1790810558,1,bollinger_rev,60,"{""k_atr"": 2.0, ""k_sigma"": 2.0, ""n"": 20}",obj1R,reducido50,todos,ambos,25663,-0.07164,-9133.02,-0.1189,busqueda_24m
1790810558,1,bollinger_rev,60,"{""k_atr"": 2.0, ""k_sigma"": 2.0, ""n"": 20}",obj1R,reducido50,todos,long,13002,-0.09396,-6461.05,-0.08579,busqueda_24m
1790810558,1,bollinger_rev,60,"{""k_atr"": 2.0, ""k_sigma"": 2.0, ""n"": 20}",obj1R,reducido50,todos,short,12661,-0.04872,-2671.96,-0.04704,busqueda_24m
1790810558,1,bollinger_rev,60,"{""k_atr"": 2.0, ""k_sigma"": 2.0, ""n"": 20}",obj2R,reducido50,todos,ambos,25663,-0.06354,-8063.09,-0.09719,busqueda_24m
1790810558,1,bollinger_rev,60,"{""k_atr"": 2.0, ""k_sigma"": 2.0, ""n"": 20}",obj2R,reducido50,todos,long,13002,-0.10622,-7136.39,-0.0723,busqueda_24m
1790810558,1,bollinger_rev,60,"{""k_atr"": 2.0, ""k_sigma"": 2.0, ""n"": 20}",obj2R,reducido50,todos,short,12661,-0.01971,-926.7,-0.0111,busqueda_24m
1790810558,1,bollinger_rev,60,"{""k_atr"": 2.0, ""k_sigma"": 2.0, ""n"": 20}",obj3R,reducido50,todos,ambos,25663,-0.06852,-9656.46,-0.10952,busqueda_24m
1790810558,1,bollinger_rev,60,"{""k_atr"": 2.0, ""k_sigma"": 2.0, ""n"": 20}",obj3R,reducido50,todos,long,13002,-0.11917,-8432.53,-0.07694,busqueda_24m
1790810558,1,bollinger_rev,60,"{""k_atr"": 2.0, ""k_sigma"": 2.0, ""n"": 20}",obj3R,reducido50,todos,short,12661,-0.0165,-1223.93,-0.01381,busqueda_24m
1790810558,1,bollinger_rev,60,"{""k_atr"": 2.0, ""k_sigma"": 2.0, ""n"": 20}",trail2R,reducido50,todos,ambos,25663,-0.05564,-8063.03,-0.07815,busqueda_24m
1790810558,1,bollinger_rev,60,"{""k_atr"": 2.0, ""k_sigma"": 2.0, ""n"": 20}",trail2R,reducido50,todos,long,13002,-0.09896,-7123.38,-0.06428,busqueda_24m
1790810558,1,bollinger_rev,60,"{""k_atr"": 2.0, ""k_sigma"": 2.0, ""n"": 20}",trail2R,reducido50,todos,short,12661,-0.01116,-939.65,-0.0099,busqueda_24m
1790810558,1,bollinger_rev,60,"{""k_atr"": 2.0, ""k_sigma"": 2.0, ""n"": 20}",trail3R,reducido50,todos,ambos,25663,-0.05504,-8241.75,-0.07552,busqueda_24m
1790810558,1,bollinger_rev,60,"{""k_atr"": 2.0, ""k_sigma"": 2.0, ""n"": 20}",trail3R,reducido50,todos,long,13002,-0.10904,-7680.63,-0.06574,busqueda_24m
1790810558,1,bollinger_rev,60,"{""k_atr"": 2.0, ""k_sigma"": 2.0, ""n"": 20}",trail3R,reducido50,todos,short,12661,0.0004,-561.12,-0.00561,busqueda_24m
1790810558,1,bollinger_rev,60,"{""k_atr"": 2.0, ""k_sigma"": 2.0, ""n"": 20}",obj3R_be,reducido50,todos,ambos,25663,-0.06777,-9608.89,-0.11073,busqueda_24m
1790810558,1,bollinger_rev,60,"{""k_atr"": 2.0, ""k_sigma"": 2.0, ""n"": 20}",obj3R_be,reducido50,todos,long,13002,-0.1094,-7699.34,-0.07307,busqueda_24m
1790810558,1,bollinger_rev,60,"{""k_atr"": 2.0, ""k_sigma"": 2.0, ""n"": 20}",obj3R_be,reducido50,todos,short,12661,-0.02501,-1909.55,-0.02272,busqueda_24m
1790810558,1,bollinger_rev,60,"{""k_atr"": 2.0, ""k_sigma"": 2.0, ""n"": 20}",obj5pct,reducido50,todos,ambos,25663,-0.07185,-10218.19,-0.38512,busqueda_24m
1790810558,1,bollinger_rev,60,"{""k_atr"": 2.0, ""k_sigma"": 2.0, ""n"": 20}",obj5pct,reducido50,todos,long,13002,-0.07628,-5799.96,-0.24351,busqueda_24m
1790810558,1,bollinger_rev,60,"{""k_atr"": 2.0, ""k_sigma"": 2.0, ""n"": 20}",obj5pct,reducido50,todos,short,12661,-0.0673,-4418.23,-0.31235,busqueda_24m
1790810558,1,bollinger_rev,60,"{""k_atr"": 2.0, ""k_sigma"": 2.0, ""n"": 20}",obj10pct,reducido50,todos,ambos,25663,-0.07174,-9968.26,-0.25721,busqueda_24m
1790810558,1,bollinger_rev,60,"{""k_atr"": 2.0, ""k_sigma"": 2.0, ""n"": 20}",obj10pct,reducido50,todos,long,13002,-0.0821,-6105.4,-0.17602,busqueda_24m
1790810558,1,bollinger_rev,60,"{""k_atr"": 2.0, ""k_sigma"": 2.0, ""n"": 20}",obj10pct,reducido50,todos,short,12661,-0.0611,-3862.86,-0.17727,busqueda_24m
1790810558,1,bollinger_rev,60,"{""k_atr"": 2.0, ""k_sigma"": 2.0, ""n"": 20}",obj20pct,reducido50,todos,ambos,25663,-0.07422,-10415.83,-0.18862,busqueda_24m
1790810558,1,bollinger_rev,60,"{""k_atr"": 2.0, ""k_sigma"": 2.0, ""n"": 20}",obj20pct,reducido50,todos,long,13002,-0.08724,-6564.19,-0.13155,busqueda_24m
1790810558,1,bollinger_rev,60,"{""k_atr"": 2.0, ""k_sigma"": 2.0, ""n"": 20}",obj20pct,reducido50,todos,short,12661,-0.06085,-3851.64,-0.10366,busqueda_24m
1790810558,1,bollinger_rev,60,"{""k_atr"": 2.0, ""k_sigma"": 2.0, ""n"": 20}",obj30pct,reducido50,todos,ambos,25663,-0.06565,-9230.78,-0.14118,busqueda_24m
1790810558,1,bollinger_rev,60,"{""k_atr"": 2.0, ""k_sigma"": 2.0, ""n"": 20}",obj30pct,reducido50,todos,long,13002,-0.09035,-6710.65,-0.10729,busqueda_24m
1790810558,1,bollinger_rev,60,"{""k_atr"": 2.0, ""k_sigma"": 2.0, ""n"": 20}",obj30pct,reducido50,todos,short,12661,-0.04028,-2520.13,-0.04981,busqueda_24m
1790810558,1,bollinger_rev,60,"{""k_atr"": 2.0, ""k_sigma"": 2.0, ""n"": 20}",obj50pct,reducido50,todos,ambos,25663,-0.05861,-8732.1,-0.12038,busqueda_24m
1790810558,1,bollinger_rev,60,"{""k_atr"": 2.0, ""k_sigma"": 2.0, ""n"": 20}",obj50pct,reducido50,todos,long,13002,-0.10093,-7788.92,-0.09826,busqueda_24m
1790810558,1,bollinger_rev,60,"{""k_atr"": 2.0, ""k_sigma"": 2.0, ""n"": 20}",obj50pct,reducido50,todos,short,12661,-0.01515,-943.18,-0.01329,busqueda_24m
1790810558,1,bollinger_rev,60,"{""k_atr"": 2.0, ""k_sigma"": 2.0, ""n"": 20}",obj1R,reducido50,todos,ambos,25663,-0.05851,-9562.76,-0.12662,busqueda_24m
1790810558,1,bollinger_rev,60,"{""k_atr"": 2.0, ""k_sigma"": 2.0, ""n"": 20}",obj1R,reducido50,todos,long,12661,-0.0825,-6605.37,-0.11917,busqueda_24m
1790810558,1,bollinger_rev,60,"{""k_atr"": 2.0, ""k_sigma"": 2.0, ""n"": 20}",obj1R,reducido50,todos,short,13002,-0.03514,-2957.39,-0.04071,busqueda_24m
1790810558,1,bollinger_rev,60,"{""k_atr"": 2.0, ""k_sigma"": 2.0, ""n"": 20}",obj2R,reducido50,todos,ambos,25663,-0.05739,-10303.89,-0.09105,busqueda_24m
1790810558,1,bollinger_rev,60,"{""k_atr"": 2.0, ""k_sigma"": 2.0, ""n"": 20}",obj2R,reducido50,todos,long,12661,-0.07671,-6044.92,-0.07912,busqueda_24m
1790810558,1,bollinger_rev,60,"{""k_atr"": 2.0, ""k_sigma"": 2.0, ""n"": 20}",obj2R,reducido50,todos,short,13002,-0.03858,-4258.97,-0.0414,busqueda_24m
1790810558,1,bollinger_rev,60,"{""k_atr"": 2.0, ""k_sigma"": 2.0, ""n"": 20}",obj3R,reducido50,todos,ambos,25663,-0.0445,-8872.6,-0.06823,busqueda_24m
1790810558,1,bollinger_rev,60,"{""k_atr"": 2.0, ""k_sigma"": 2.0, ""n"": 20}",obj3R,reducido50,todos,long,12661,-0.06211,-4691.84,-0.05589,busqueda_24m
1790810558,1,bollinger_rev,60,"{""k_atr"": 2.0, ""k_sigma"": 2.0, ""n"": 20}",obj3R,reducido50,todos,short,13002,-0.02735,-4180.76,-0.0368,busqueda_24m
1790810558,1,bollinger_rev,60,"{""k_atr"": 2.0, ""k_sigma"": 2.0, ""n"": 20}",trail2R,reducido50,todos,ambos,25663,-0.033,-7809.06,-0.053,busqueda_24m
1790810558,1,bollinger_rev,60,"{""k_atr"": 2.0, ""k_sigma"": 2.0, ""n"": 20}",trail2R,reducido50,todos,long,12661,-0.04985,-4100.09,-0.04743,busqueda_24m
1790810558,1,bollinger_rev,60,"{""k_atr"": 2.0, ""k_sigma"": 2.0, ""n"": 20}",trail2R,reducido50,todos,short,13002,-0.01659,-3708.97,-0.02976,busqueda_24m
1790810558,1,bollinger_rev,60,"{""k_atr"": 2.0, ""k_sigma"": 2.0, ""n"": 20}",trail3R,reducido50,todos,ambos,25663,-0.01971,-5960.78,-0.03761,busqueda_24m
1790810558,1,bollinger_rev,60,"{""k_atr"": 2.0, ""k_sigma"": 2.0, ""n"": 20}",trail3R,reducido50,todos,long,12661,-0.03226,-2513.84,-0.02588,busqueda_24m
1790810558,1,bollinger_rev,60,"{""k_atr"": 2.0, ""k_sigma"": 2.0, ""n"": 20}",trail3R,reducido50,todos,short,13002,-0.00749,-3446.94,-0.02629,busqueda_24m
1790810558,1,bollinger_rev,60,"{""k_atr"": 2.0, ""k_sigma"": 2.0, ""n"": 20}",obj3R_be,reducido50,todos,ambos,25663,-0.04828,-9422.3,-0.07693,busqueda_24m
1790810558,1,bollinger_rev,60,"{""k_atr"": 2.0, ""k_sigma"": 2.0, ""n"": 20}",obj3R_be,reducido50,todos,long,12661,-0.06348,-4911.58,-0.06246,busqueda_24m
1790810558,1,bollinger_rev,60,"{""k_atr"": 2.0, ""k_sigma"": 2.0, ""n"": 20}",obj3R_be,reducido50,todos,short,13002,-0.03347,-4510.72,-0.04228,busqueda_24m
1790810558,1,bollinger_rev,60,"{""k_atr"": 2.0, ""k_sigma"": 2.0, ""n"": 20}",obj5pct,reducido50,todos,ambos,25663,-0.06648,-9542.69,-0.41194,busqueda_24m
1790810558,1,bollinger_rev,60,"{""k_atr"": 2.0, ""k_sigma"": 2.0, ""n"": 20}",obj5pct,reducido50,todos,long,12661,-0.07234,-5222.12,-0.32847,busqueda_24m
1790810558,1,bollinger_rev,60,"{""k_atr"": 2.0, ""k_sigma"": 2.0, ""n"": 20}",obj5pct,reducido50,todos,short,13002,-0.06077,-4320.57,-0.2292,busqueda_24m
1790810558,1,bollinger_rev,60,"{""k_atr"": 2.0, ""k_sigma"": 2.0, ""n"": 20}",obj10pct,reducido50,todos,ambos,25663,-0.07027,-10420.49,-0.29956,busqueda_24m
1790810558,1,bollinger_rev,60,"{""k_atr"": 2.0, ""k_sigma"": 2.0, ""n"": 20}",obj10pct,reducido50,todos,long,12661,-0.0833,-6088.9,-0.24134,busqueda_24m
1790810558,1,bollinger_rev,60,"{""k_atr"": 2.0, ""k_sigma"": 2.0, ""n"": 20}",obj10pct,reducido50,todos,short,13002,-0.05759,-4331.58,-0.14473,busqueda_24m
1790810558,1,bollinger_rev,60,"{""k_atr"": 2.0, ""k_sigma"": 2.0, ""n"": 20}",obj20pct,reducido50,todos,ambos,25663,-0.05978,-9496.53,-0.18581,busqueda_24m
1790810558,1,bollinger_rev,60,"{""k_atr"": 2.0, ""k_sigma"": 2.0, ""n"": 20}",obj20pct,reducido50,todos,long,12661,-0.0804,-6287.78,-0.16042,busqueda_24m
1790810558,1,bollinger_rev,60,"{""k_atr"": 2.0, ""k_sigma"": 2.0, ""n"": 20}",obj20pct,reducido50,todos,short,13002,-0.03971,-3208.76,-0.0696,busqueda_24m
1790810558,1,bollinger_rev,60,"{""k_atr"": 2.0, ""k_sigma"": 2.0, ""n"": 20}",obj30pct,reducido50,todos,ambos,25663,-0.05465,-9392.48,-0.13909,busqueda_24m
1790810558,1,bollinger_rev,60,"{""k_atr"": 2.0, ""k_sigma"": 2.0, ""n"": 20}",obj30pct,reducido50,todos,long,12661,-0.07293,-6086.65,-0.12082,busqueda_24m
1790810558,1,bollinger_rev,60,"{""k_atr"": 2.0, ""k_sigma"": 2.0, ""n"": 20}",obj30pct,reducido50,todos,short,13002,-0.03685,-3305.83,-0.05324,busqueda_24m
1790810558,1,bollinger_rev,60,"{""k_atr"": 2.0, ""k_sigma"": 2.0, ""n"": 20}",obj50pct,reducido50,todos,ambos,25663,-0.04643,-7949.9,-0.08388,busqueda_24m
1790810558,1,bollinger_rev,60,"{""k_atr"": 2.0, ""k_sigma"": 2.0, ""n"": 20}",obj50pct,reducido50,todos,long,12661,-0.07143,-5990.43,-0.09093,busqueda_24m
1790810558,1,bollinger_rev,60,"{""k_atr"": 2.0, ""k_sigma"": 2.0, ""n"": 20}",obj50pct,reducido50,todos,short,13002,-0.02209,-1959.47,-0.02265,busqueda_24m
1790810558,1,bollinger_rev,60,"{""k_atr"": 2.0, ""k_sigma"": 2.5, ""n"": 20}",obj1R,reducido50,todos,ambos,10575,-0.07159,-3289.21,-0.07373,busqueda_24m
1790810558,1,bollinger_rev,60,"{""k_atr"": 2.0, ""k_sigma"": 2.5, ""n"": 20}",obj1R,reducido50,todos,long,5081,-0.08854,-1698.21,-0.04216,busqueda_24m
1790810558,1,bollinger_rev,60,"{""k_atr"": 2.0, ""k_sigma"": 2.5, ""n"": 20}",obj1R,reducido50,todos,short,5494,-0.05592,-1591.0,-0.05622,busqueda_24m
1790810558,1,bollinger_rev,60,"{""k_atr"": 2.0, ""k_sigma"": 2.5, ""n"": 20}",obj2R,reducido50,todos,ambos,10575,-0.05863,-2328.06,-0.04253,busqueda_24m
1790810558,1,bollinger_rev,60,"{""k_atr"": 2.0, ""k_sigma"": 2.5, ""n"": 20}",obj2R,reducido50,todos,long,5081,-0.10779,-1938.54,-0.03544,busqueda_24m
1790810558,1,bollinger_rev,60,"{""k_atr"": 2.0, ""k_sigma"": 2.5, ""n"": 20}",obj2R,reducido50,todos,short,5494,-0.01317,-389.52,-0.00945,busqueda_24m
1790810558,1,bollinger_rev,60,"{""k_atr"": 2.0, ""k_sigma"": 2.5, ""n"": 20}",obj3R,reducido50,todos,ambos,10575,-0.05682,-2492.06,-0.04021,busqueda_24m
1790810558,1,bollinger_rev,60,"{""k_atr"": 2.0, ""k_sigma"": 2.5, ""n"": 20}",obj3R,reducido50,todos,long,5081,-0.1088,-1955.63,-0.03032,busqueda_24m
1790810558,1,bollinger_rev,60,"{""k_atr"": 2.0, ""k_sigma"": 2.5, ""n"": 20}",obj3R,reducido50,todos,short,5494,-0.00876,-536.43,-0.01249,busqueda_24m
1790810558,1,bollinger_rev,60,"{""k_atr"": 2.0, ""k_sigma"": 2.5, ""n"": 20}",trail2R,reducido50,todos,ambos,10575,-0.05688,-2769.56,-0.04107,busqueda_24m
1790810558,1,bollinger_rev,60,"{""k_atr"": 2.0, ""k_sigma"": 2.5, ""n"": 20}",trail2R,reducido50,todos,long,5081,-0.10103,-1816.62,-0.02694,busqueda_24m
1790810558,1,bollinger_rev,60,"{""k_atr"": 2.0, ""k_sigma"": 2.5, ""n"": 20}",trail2R,reducido50,todos,short,5494,-0.01605,-952.95,-0.02196,busqueda_24m
1790810558,1,bollinger_rev,60,"{""k_atr"": 2.0, ""k_sigma"": 2.5, ""n"": 20}",trail3R,reducido50,todos,ambos,10575,-0.05479,-2638.18,-0.03831,busqueda_24m
1790810558,1,bollinger_rev,60,"{""k_atr"": 2.0, ""k_sigma"": 2.5, ""n"": 20}",trail3R,reducido50,todos,long,5081,-0.10637,-1876.05,-0.027,busqueda_24m
1790810558,1,bollinger_rev,60,"{""k_atr"": 2.0, ""k_sigma"": 2.5, ""n"": 20}",trail3R,reducido50,todos,short,5494,-0.0071,-762.13,-0.01699,busqueda_24m
1790810558,1,bollinger_rev,60,"{""k_atr"": 2.0, ""k_sigma"": 2.5, ""n"": 20}",obj3R_be,reducido50,todos,ambos,10575,-0.05688,-2614.98,-0.04254,busqueda_24m
1790810558,1,bollinger_rev,60,"{""k_atr"": 2.0, ""k_sigma"": 2.5, ""n"": 20}",obj3R_be,reducido50,todos,long,5081,-0.09485,-1559.09,-0.02457,busqueda_24m
1790810558,1,bollinger_rev,60,"{""k_atr"": 2.0, ""k_sigma"": 2.5, ""n"": 20}",obj3R_be,reducido50,todos,short,5494,-0.02177,-1055.89,-0.02578,busqueda_24m
1790810558,1,bollinger_rev,60,"{""k_atr"": 2.0, ""k_sigma"": 2.5, ""n"": 20}",obj5pct,reducido50,todos,ambos,10575,-0.08183,-4922.76,-0.32067,busqueda_24m
1790810558,1,bollinger_rev,60,"{""k_atr"": 2.0, ""k_sigma"": 2.5, ""n"": 20}",obj5pct,reducido50,todos,long,5081,-0.09296,-2846.14,-0.20491,busqueda_24m
1790810558,1,bollinger_rev,60,"{""k_atr"": 2.0, ""k_sigma"": 2.5, ""n"": 20}",obj5pct,reducido50,todos,short,5494,-0.07153,-2076.62,-0.27229,busqueda_24m
1790810558,1,bollinger_rev,60,"{""k_atr"": 2.0, ""k_sigma"": 2.5, ""n"": 20}",obj10pct,reducido50,todos,ambos,10575,-0.08467,-4979.0,-0.23166,busqueda_24m
1790810558,1,bollinger_rev,60,"{""k_atr"": 2.0, ""k_sigma"": 2.5, ""n"": 20}",obj10pct,reducido50,todos,long,5081,-0.09499,-2862.43,-0.1496,busqueda_24m
1790810558,1,bollinger_rev,60,"{""k_atr"": 2.0, ""k_sigma"": 2.5, ""n"": 20}",obj10pct,reducido50,todos,short,5494,-0.07513,-2116.57,-0.18177,busqueda_24m
1790810558,1,bollinger_rev,60,"{""k_atr"": 2.0, ""k_sigma"": 2.5, ""n"": 20}",obj20pct,reducido50,todos,ambos,10575,-0.08135,-4636.96,-0.15062,busqueda_24m
1790810558,1,bollinger_rev,60,"{""k_atr"": 2.0, ""k_sigma"": 2.5, ""n"": 20}",obj20pct,reducido50,todos,long,5081,-0.09292,-2711.93,-0.10089,busqueda_24m
1790810558,1,bollinger_rev,60,"{""k_atr"": 2.0, ""k_sigma"": 2.5, ""n"": 20}",obj20pct,reducido50,todos,short,5494,-0.07064,-1925.03,-0.10178,busqueda_24m
1790810558,1,bollinger_rev,60,"{""k_atr"": 2.0, ""k_sigma"": 2.5, ""n"": 20}",obj30pct,reducido50,todos,ambos,10575,-0.07017,-4125.13,-0.11449,busqueda_24m
1790810558,1,bollinger_rev,60,"{""k_atr"": 2.0, ""k_sigma"": 2.5, ""n"": 20}",obj30pct,reducido50,todos,long,5081,-0.09753,-2735.3,-0.0848,busqueda_24m
1790810558,1,bollinger_rev,60,"{""k_atr"": 2.0, ""k_sigma"": 2.5, ""n"": 20}",obj30pct,reducido50,todos,short,5494,-0.04486,-1389.83,-0.05623,busqueda_24m
1790810558,1,bollinger_rev,60,"{""k_atr"": 2.0, ""k_sigma"": 2.5, ""n"": 20}",obj50pct,reducido50,todos,ambos,10575,-0.0574,-3472.59,-0.08029,busqueda_24m
1790810558,1,bollinger_rev,60,"{""k_atr"": 2.0, ""k_sigma"": 2.5, ""n"": 20}",obj50pct,reducido50,todos,long,5081,-0.11498,-3118.4,-0.07701,busqueda_24m
1790810558,1,bollinger_rev,60,"{""k_atr"": 2.0, ""k_sigma"": 2.5, ""n"": 20}",obj50pct,reducido50,todos,short,5494,-0.00416,-354.19,-0.01042,busqueda_24m
1790810558,1,bollinger_rev,60,"{""k_atr"": 2.0, ""k_sigma"": 2.5, ""n"": 20}",obj1R,reducido50,todos,ambos,10575,-0.05758,-4628.72,-0.10557,busqueda_24m
1790810558,1,bollinger_rev,60,"{""k_atr"": 2.0, ""k_sigma"": 2.5, ""n"": 20}",obj1R,reducido50,todos,long,5494,-0.07214,-2726.58,-0.09855,busqueda_24m
1790810558,1,bollinger_rev,60,"{""k_atr"": 2.0, ""k_sigma"": 2.5, ""n"": 20}",obj1R,reducido50,todos,short,5081,-0.04184,-1902.13,-0.04871,busqueda_24m
1790810558,1,bollinger_rev,60,"{""k_atr"": 2.0, ""k_sigma"": 2.5, ""n"": 20}",obj2R,reducido50,todos,ambos,10575,-0.0636,-5173.42,-0.08711,busqueda_24m
1790810558,1,bollinger_rev,60,"{""k_atr"": 2.0, ""k_sigma"": 2.5, ""n"": 20}",obj2R,reducido50,todos,long,5494,-0.08239,-2763.26,-0.07396,busqueda_24m
1790810558,1,bollinger_rev,60,"{""k_atr"": 2.0, ""k_sigma"": 2.5, ""n"": 20}",obj2R,reducido50,todos,short,5081,-0.04329,-2410.16,-0.04755,busqueda_24m
1790810558,1,bollinger_rev,60,"{""k_atr"": 2.0, ""k_sigma"": 2.5, ""n"": 20}",obj3R,reducido50,todos,ambos,10575,-0.05302,-4798.77,-0.075,busqueda_24m
1790810558,1,bollinger_rev,60,"{""k_atr"": 2.0, ""k_sigma"": 2.5, ""n"": 20}",obj3R,reducido50,todos,long,5494,-0.0675,-2213.39,-0.05481,busqueda_24m
1790810558,1,bollinger_rev,60,"{""k_atr"": 2.0, ""k_sigma"": 2.5, ""n"": 20}",obj3R,reducido50,todos,short,5081,-0.03737,-2585.38,-0.04921,busqueda_24m
1790810558,1,bollinger_rev,60,"{""k_atr"": 2.0, ""k_sigma"": 2.5, ""n"": 20}",trail2R,reducido50,todos,ambos,10575,-0.04647,-4638.35,-0.06461,busqueda_24m
1790810558,1,bollinger_rev,60,"{""k_atr"": 2.0, ""k_sigma"": 2.5, ""n"": 20}",trail2R,reducido50,todos,long,5494,-0.05908,-2016.7,-0.04772,busqueda_24m
1790810558,1,bollinger_rev,60,"{""k_atr"": 2.0, ""k_sigma"": 2.5, ""n"": 20}",trail2R,reducido50,todos,short,5081,-0.03284,-2621.65,-0.0449,busqueda_24m
1790810558,1,bollinger_rev,60,"{""k_atr"": 2.0, ""k_sigma"": 2.5, ""n"": 20}",trail3R,reducido50,todos,ambos,10575,-0.03881,-4022.6,-0.05231,busqueda_24m
1790810558,1,bollinger_rev,60,"{""k_atr"": 2.0, ""k_sigma"": 2.5, ""n"": 20}",trail3R,reducido50,todos,long,5494,-0.0528,-1445.03,-0.0294,busqueda_24m
1790810558,1,bollinger_rev,60,"{""k_atr"": 2.0, ""k_sigma"": 2.5, ""n"": 20}",trail3R,reducido50,todos,short,5081,-0.02369,-2577.57,-0.04342,busqueda_24m
1790810558,1,bollinger_rev,60,"{""k_atr"": 2.0, ""k_sigma"": 2.5, ""n"": 20}",obj3R_be,reducido50,todos,ambos,10575,-0.05837,-5003.06,-0.08178,busqueda_24m
1790810558,1,bollinger_rev,60,"{""k_atr"": 2.0, ""k_sigma"": 2.5, ""n"": 20}",obj3R_be,reducido50,todos,long,5494,-0.06215,-2116.73,-0.05651,busqueda_24m
1790810558,1,bollinger_rev,60,"{""k_atr"": 2.0, ""k_sigma"": 2.5, ""n"": 20}",obj3R_be,reducido50,todos,short,5081,-0.05428,-2886.33,-0.05724,busqueda_24m
1790810558,1,bollinger_rev,60,"{""k_atr"": 2.0, ""k_sigma"": 2.5, ""n"": 20}",obj5pct,reducido50,todos,ambos,10575,-0.05798,-3724.51,-0.28021,busqueda_24m
1790810558,1,bollinger_rev,60,"{""k_atr"": 2.0, ""k_sigma"": 2.5, ""n"": 20}",obj5pct,reducido50,todos,long,5494,-0.05513,-1777.1,-0.22132,busqueda_24m
1790810558,1,bollinger_rev,60,"{""k_atr"": 2.0, ""k_sigma"": 2.5, ""n"": 20}",obj5pct,reducido50,todos,short,5081,-0.06107,-1947.42,-0.17187,busqueda_24m
1790810558,1,bollinger_rev,60,"{""k_atr"": 2.0, ""k_sigma"": 2.5, ""n"": 20}",obj10pct,reducido50,todos,ambos,10575,-0.06553,-4359.55,-0.2256,busqueda_24m
1790810558,1,bollinger_rev,60,"{""k_atr"": 2.0, ""k_sigma"": 2.5, ""n"": 20}",obj10pct,reducido50,todos,long,5494,-0.06524,-2110.22,-0.16695,busqueda_24m
1790810558,1,bollinger_rev,60,"{""k_atr"": 2.0, ""k_sigma"": 2.5, ""n"": 20}",obj10pct,reducido50,todos,short,5081,-0.06584,-2249.32,-0.13464,busqueda_24m
1790810558,1,bollinger_rev,60,"{""k_atr"": 2.0, ""k_sigma"": 2.5, ""n"": 20}",obj20pct,reducido50,todos,ambos,10575,-0.05893,-4215.91,-0.14806,busqueda_24m
1790810558,1,bollinger_rev,60,"{""k_atr"": 2.0, ""k_sigma"": 2.5, ""n"": 20}",obj20pct,reducido50,todos,long,5494,-0.06626,-2414.96,-0.12212,busqueda_24m
1790810558,1,bollinger_rev,60,"{""k_atr"": 2.0, ""k_sigma"": 2.5, ""n"": 20}",obj20pct,reducido50,todos,short,5081,-0.05101,-1800.94,-0.07257,busqueda_24m
1790810558,1,bollinger_rev,60,"{""k_atr"": 2.0, ""k_sigma"": 2.5, ""n"": 20}",obj30pct,reducido50,todos,ambos,10575,-0.05454,-4308.09,-0.11693,busqueda_24m
1790810558,1,bollinger_rev,60,"{""k_atr"": 2.0, ""k_sigma"": 2.5, ""n"": 20}",obj30pct,reducido50,todos,long,5494,-0.07943,-2975.33,-0.12008,busqueda_24m
1790810558,1,bollinger_rev,60,"{""k_atr"": 2.0, ""k_sigma"": 2.5, ""n"": 20}",obj30pct,reducido50,todos,short,5081,-0.02762,-1332.76,-0.04131,busqueda_24m
1790810558,1,bollinger_rev,60,"{""k_atr"": 2.0, ""k_sigma"": 2.5, ""n"": 20}",obj50pct,reducido50,todos,ambos,10575,-0.04684,-3500.18,-0.07177,busqueda_24m
1790810558,1,bollinger_rev,60,"{""k_atr"": 2.0, ""k_sigma"": 2.5, ""n"": 20}",obj50pct,reducido50,todos,long,5494,-0.07479,-2413.16,-0.07961,busqueda_24m
1790810558,1,bollinger_rev,60,"{""k_atr"": 2.0, ""k_sigma"": 2.5, ""n"": 20}",obj50pct,reducido50,todos,short,5081,-0.01662,-1087.01,-0.02514,busqueda_24m
1790810558,1,bollinger_rev,60,"{""k_atr"": 2.0, ""k_sigma"": 3.0, ""n"": 20}",obj1R,reducido50,todos,ambos,3188,-0.0686,-1271.57,-0.06203,busqueda_24m
1790810558,1,bollinger_rev,60,"{""k_atr"": 2.0, ""k_sigma"": 3.0, ""n"": 20}",obj1R,reducido50,todos,long,1466,-0.09463,-812.59,-0.04801,busqueda_24m
1790810558,1,bollinger_rev,60,"{""k_atr"": 2.0, ""k_sigma"": 3.0, ""n"": 20}",obj1R,reducido50,todos,short,1722,-0.04644,-458.99,-0.03678,busqueda_24m
1790810558,1,bollinger_rev,60,"{""k_atr"": 2.0, ""k_sigma"": 3.0, ""n"": 20}",obj2R,reducido50,todos,ambos,3188,-0.04244,-981.16,-0.03831,busqueda_24m
1790810558,1,bollinger_rev,60,"{""k_atr"": 2.0, ""k_sigma"": 3.0, ""n"": 20}",obj2R,reducido50,todos,long,1466,-0.07848,-774.77,-0.0358,busqueda_24m
1790810558,1,bollinger_rev,60,"{""k_atr"": 2.0, ""k_sigma"": 3.0, ""n"": 20}",obj2R,reducido50,todos,short,1722,-0.01176,-206.39,-0.0118,busqueda_24m
1790810558,1,bollinger_rev,60,"{""k_atr"": 2.0, ""k_sigma"": 3.0, ""n"": 20}",obj3R,reducido50,todos,ambos,3188,-0.04615,-1002.06,-0.03569,busqueda_24m
1790810558,1,bollinger_rev,60,"{""k_atr"": 2.0, ""k_sigma"": 3.0, ""n"": 20}",obj3R,reducido50,todos,long,1466,-0.09899,-875.4,-0.03541,busqueda_24m
1790810558,1,bollinger_rev,60,"{""k_atr"": 2.0, ""k_sigma"": 3.0, ""n"": 20}",obj3R,reducido50,todos,short,1722,-0.00117,-126.66,-0.00676,busqueda_24m
1790810558,1,bollinger_rev,60,"{""k_atr"": 2.0, ""k_sigma"": 3.0, ""n"": 20}",trail2R,reducido50,todos,ambos,3188,-0.04225,-1030.26,-0.03364,busqueda_24m
1790810558,1,bollinger_rev,60,"{""k_atr"": 2.0, ""k_sigma"": 3.0, ""n"": 20}",trail2R,reducido50,todos,long,1466,-0.09354,-817.13,-0.03217,busqueda_24m
1790810558,1,bollinger_rev,60,"{""k_atr"": 2.0, ""k_sigma"": 3.0, ""n"": 20}",trail2R,reducido50,todos,short,1722,0.00142,-213.14,-0.01013,busqueda_24m
1790810558,1,bollinger_rev,60,"{""k_atr"": 2.0, ""k_sigma"": 3.0, ""n"": 20}",trail3R,reducido50,todos,ambos,3188,-0.04037,-811.73,-0.02583,busqueda_24m
1790810558,1,bollinger_rev,60,"{""k_atr"": 2.0, ""k_sigma"": 3.0, ""n"": 20}",trail3R,reducido50,todos,long,1466,-0.09514,-712.79,-0.02696,busqueda_24m
1790810558,1,bollinger_rev,60,"{""k_atr"": 2.0, ""k_sigma"": 3.0, ""n"": 20}",trail3R,reducido50,todos,short,1722,0.00626,-98.94,-0.0046,busqueda_24m
1790810558,1,bollinger_rev,60,"{""k_atr"": 2.0, ""k_sigma"": 3.0, ""n"": 20}",obj3R_be,reducido50,todos,ambos,3188,-0.04249,-992.59,-0.03585,busqueda_24m
1790810558,1,bollinger_rev,60,"{""k_atr"": 2.0, ""k_sigma"": 3.0, ""n"": 20}",obj3R_be,reducido50,todos,long,1466,-0.08428,-749.51,-0.03053,busqueda_24m
1790810558,1,bollinger_rev,60,"{""k_atr"": 2.0, ""k_sigma"": 3.0, ""n"": 20}",obj3R_be,reducido50,todos,short,1722,-0.00692,-243.07,-0.0135,busqueda_24m
1790810558,1,bollinger_rev,60,"{""k_atr"": 2.0, ""k_sigma"": 3.0, ""n"": 20}",obj5pct,reducido50,todos,ambos,3188,-0.07725,-1368.98,-0.17913,busqueda_24m
1790810558,1,bollinger_rev,60,"{""k_atr"": 2.0, ""k_sigma"": 3.0, ""n"": 20}",obj5pct,reducido50,todos,long,1466,-0.0904,-757.08,-0.11366,busqueda_24m
1790810558,1,bollinger_rev,60,"{""k_atr"": 2.0, ""k_sigma"": 3.0, ""n"": 20}",obj5pct,reducido50,todos,short,1722,-0.06605,-611.9,-0.15604,busqueda_24m
1790810558,1,bollinger_rev,60,"{""k_atr"": 2.0, ""k_sigma"": 3.0, ""n"": 20}",obj10pct,reducido50,todos,ambos,3188,-0.08361,-1453.85,-0.13362,busqueda_24m
1790810558,1,bollinger_rev,60,"{""k_atr"": 2.0, ""k_sigma"": 3.0, ""n"": 20}",obj10pct,reducido50,todos,long,1466,-0.08855,-784.62,-0.08472,busqueda_24m
1790810558,1,bollinger_rev,60,"{""k_atr"": 2.0, ""k_sigma"": 3.0, ""n"": 20}",obj10pct,reducido50,todos,short,1722,-0.07939,-669.23,-0.11544,busqueda_24m
1790810558,1,bollinger_rev,60,"{""k_atr"": 2.0, ""k_sigma"": 3.0, ""n"": 20}",obj20pct,reducido50,todos,ambos,3188,-0.07071,-1279.12,-0.08333,busqueda_24m
1790810558,1,bollinger_rev,60,"{""k_atr"": 2.0, ""k_sigma"": 3.0, ""n"": 20}",obj20pct,reducido50,todos,long,1466,-0.06955,-686.61,-0.05369,busqueda_24m
1790810558,1,bollinger_rev,60,"{""k_atr"": 2.0, ""k_sigma"": 3.0, ""n"": 20}",obj20pct,reducido50,todos,short,1722,-0.07169,-592.51,-0.06809,busqueda_24m
1790810558,1,bollinger_rev,60,"{""k_atr"": 2.0, ""k_sigma"": 3.0, ""n"": 20}",obj30pct,reducido50,todos,ambos,3188,-0.06403,-1302.01,-0.07416,busqueda_24m
1790810558,1,bollinger_rev,60,"{""k_atr"": 2.0, ""k_sigma"": 3.0, ""n"": 20}",obj30pct,reducido50,todos,long,1466,-0.08381,-901.07,-0.0609,busqueda_24m
1790810558,1,bollinger_rev,60,"{""k_atr"": 2.0, ""k_sigma"": 3.0, ""n"": 20}",obj30pct,reducido50,todos,short,1722,-0.04719,-400.94,-0.03863,busqueda_24m
1790810558,1,bollinger_rev,60,"{""k_atr"": 2.0, ""k_sigma"": 3.0, ""n"": 20}",obj50pct,reducido50,todos,ambos,3188,-0.04631,-1000.48,-0.04771,busqueda_24m
1790810558,1,bollinger_rev,60,"{""k_atr"": 2.0, ""k_sigma"": 3.0, ""n"": 20}",obj50pct,reducido50,todos,long,1466,-0.08964,-945.93,-0.05366,busqueda_24m
1790810558,1,bollinger_rev,60,"{""k_atr"": 2.0, ""k_sigma"": 3.0, ""n"": 20}",obj50pct,reducido50,todos,short,1722,-0.00942,-54.55,-0.00399,busqueda_24m
1790810558,1,bollinger_rev,60,"{""k_atr"": 2.0, ""k_sigma"": 3.0, ""n"": 20}",obj1R,reducido50,todos,ambos,3188,-0.05605,-1296.41,-0.06425,busqueda_24m
1790810558,1,bollinger_rev,60,"{""k_atr"": 2.0, ""k_sigma"": 3.0, ""n"": 20}",obj1R,reducido50,todos,long,1722,-0.07432,-1068.4,-0.08417,busqueda_24m
1790810558,1,bollinger_rev,60,"{""k_atr"": 2.0, ""k_sigma"": 3.0, ""n"": 20}",obj1R,reducido50,todos,short,1466,-0.03459,-228.01,-0.01405,busqueda_24m
1790810558,1,bollinger_rev,60,"{""k_atr"": 2.0, ""k_sigma"": 3.0, ""n"": 20}",obj2R,reducido50,todos,ambos,3188,-0.04583,-971.45,-0.03474,busqueda_24m
1790810558,1,bollinger_rev,60,"{""k_atr"": 2.0, ""k_sigma"": 3.0, ""n"": 20}",obj2R,reducido50,todos,long,1722,-0.06976,-732.59,-0.04236,busqueda_24m
1790810558,1,bollinger_rev,60,"{""k_atr"": 2.0, ""k_sigma"": 3.0, ""n"": 20}",obj2R,reducido50,todos,short,1466,-0.01773,-238.86,-0.01068,busqueda_24m
1790810558,1,bollinger_rev,60,"{""k_atr"": 2.0, ""k_sigma"": 3.0, ""n"": 20}",obj3R,reducido50,todos,ambos,3188,-0.02695,-653.78,-0.01945,busqueda_24m
1790810558,1,bollinger_rev,60,"{""k_atr"": 2.0, ""k_sigma"": 3.0, ""n"": 20}",obj3R,reducido50,todos,long,1722,-0.05985,-665.83,-0.03468,busqueda_24m
1790810558,1,bollinger_rev,60,"{""k_atr"": 2.0, ""k_sigma"": 3.0, ""n"": 20}",obj3R,reducido50,todos,short,1466,0.01169,12.05,0.00043,busqueda_24m
1790810558,1,bollinger_rev,60,"{""k_atr"": 2.0, ""k_sigma"": 3.0, ""n"": 20}",trail2R,reducido50,todos,ambos,3188,-0.02588,-662.0,-0.01823,busqueda_24m
1790810558,1,bollinger_rev,60,"{""k_atr"": 2.0, ""k_sigma"": 3.0, ""n"": 20}",trail2R,reducido50,todos,long,1722,-0.03386,-358.04,-0.01651,busqueda_24m
1790810558,1,bollinger_rev,60,"{""k_atr"": 2.0, ""k_sigma"": 3.0, ""n"": 20}",trail2R,reducido50,todos,short,1466,-0.0165,-303.96,-0.0105,busqueda_24m
1790810558,1,bollinger_rev,60,"{""k_atr"": 2.0, ""k_sigma"": 3.0, ""n"": 20}",trail3R,reducido50,todos,ambos,3188,-0.02945,-725.38,-0.01813,busqueda_24m
1790810558,1,bollinger_rev,60,"{""k_atr"": 2.0, ""k_sigma"": 3.0, ""n"": 20}",trail3R,reducido50,todos,long,1722,-0.06584,-641.64,-0.02757,busqueda_24m
1790810558,1,bollinger_rev,60,"{""k_atr"": 2.0, ""k_sigma"": 3.0, ""n"": 20}",trail3R,reducido50,todos,short,1466,0.01328,-83.74,-0.00258,busqueda_24m
1790810558,1,bollinger_rev,60,"{""k_atr"": 2.0, ""k_sigma"": 3.0, ""n"": 20}",obj3R_be,reducido50,todos,ambos,3188,-0.03442,-827.41,-0.02702,busqueda_24m
1790810558,1,bollinger_rev,60,"{""k_atr"": 2.0, ""k_sigma"": 3.0, ""n"": 20}",obj3R_be,reducido50,todos,long,1722,-0.05466,-646.55,-0.0355,busqueda_24m
1790810558,1,bollinger_rev,60,"{""k_atr"": 2.0, ""k_sigma"": 3.0, ""n"": 20}",obj3R_be,reducido50,todos,short,1466,-0.01064,-180.86,-0.00731,busqueda_24m
1790810558,1,bollinger_rev,60,"{""k_atr"": 2.0, ""k_sigma"": 3.0, ""n"": 20}",obj5pct,reducido50,todos,ambos,3188,-0.07188,-1262.57,-0.21164,busqueda_24m
1790810558,1,bollinger_rev,60,"{""k_atr"": 2.0, ""k_sigma"": 3.0, ""n"": 20}",obj5pct,reducido50,todos,long,1722,-0.07624,-781.02,-0.19704,busqueda_24m
1790810558,1,bollinger_rev,60,"{""k_atr"": 2.0, ""k_sigma"": 3.0, ""n"": 20}",obj5pct,reducido50,todos,short,1466,-0.06676,-481.55,-0.10572,busqueda_24m
1790810558,1,bollinger_rev,60,"{""k_atr"": 2.0, ""k_sigma"": 3.0, ""n"": 20}",obj10pct,reducido50,todos,ambos,3188,-0.07357,-1309.74,-0.14605,busqueda_24m
1790810558,1,bollinger_rev,60,"{""k_atr"": 2.0, ""k_sigma"": 3.0, ""n"": 20}",obj10pct,reducido50,todos,long,1722,-0.08207,-898.73,-0.15548,busqueda_24m
1790810558,1,bollinger_rev,60,"{""k_atr"": 2.0, ""k_sigma"": 3.0, ""n"": 20}",obj10pct,reducido50,todos,short,1466,-0.06359,-411.0,-0.05741,busqueda_24m
1790810558,1,bollinger_rev,60,"{""k_atr"": 2.0, ""k_sigma"": 3.0, ""n"": 20}",obj20pct,reducido50,todos,ambos,3188,-0.05292,-1071.71,-0.0809,busqueda_24m
1790810558,1,bollinger_rev,60,"{""k_atr"": 2.0, ""k_sigma"": 3.0, ""n"": 20}",obj20pct,reducido50,todos,long,1722,-0.05872,-795.15,-0.0946,busqueda_24m
1790810558,1,bollinger_rev,60,"{""k_atr"": 2.0, ""k_sigma"": 3.0, ""n"": 20}",obj20pct,reducido50,todos,short,1466,-0.04611,-276.57,-0.02612,busqueda_24m
1790810558,1,bollinger_rev,60,"{""k_atr"": 2.0, ""k_sigma"": 3.0, ""n"": 20}",obj30pct,reducido50,todos,ambos,3188,-0.04818,-996.35,-0.05877,busqueda_24m
1790810558,1,bollinger_rev,60,"{""k_atr"": 2.0, ""k_sigma"": 3.0, ""n"": 20}",obj30pct,reducido50,todos,long,1722,-0.04862,-709.63,-0.06774,busqueda_24m
1790810558,1,bollinger_rev,60,"{""k_atr"": 2.0, ""k_sigma"": 3.0, ""n"": 20}",obj30pct,reducido50,todos,short,1466,-0.04767,-286.72,-0.02067,busqueda_24m
1790810558,1,bollinger_rev,60,"{""k_atr"": 2.0, ""k_sigma"": 3.0, ""n"": 20}",obj50pct,reducido50,todos,ambos,3188,-0.03877,-743.56,-0.03369,busqueda_24m
1790810558,1,bollinger_rev,60,"{""k_atr"": 2.0, ""k_sigma"": 3.0, ""n"": 20}",obj50pct,reducido50,todos,long,1722,-0.07096,-881.44,-0.0659,busqueda_24m
1790810558,1,bollinger_rev,60,"{""k_atr"": 2.0, ""k_sigma"": 3.0, ""n"": 20}",obj50pct,reducido50,todos,short,1466,-0.00095,137.88,0.00764,busqueda_24m
1790810558,1,bollinger_rev,240,"{""k_atr"": 2.0, ""k_sigma"": 2.0, ""n"": 20}",obj1R,reducido50,todos,ambos,6342,-0.03993,-2018.14,-0.03029,busqueda_24m
1790810558,1,bollinger_rev,240,"{""k_atr"": 2.0, ""k_sigma"": 2.0, ""n"": 20}",obj1R,reducido50,todos,long,3099,-0.10879,-3669.29,-0.05983,busqueda_24m
1790810558,1,bollinger_rev,240,"{""k_atr"": 2.0, ""k_sigma"": 2.0, ""n"": 20}",obj1R,reducido50,todos,short,3243,0.02586,1651.15,0.03341,busqueda_24m
1790810558,1,bollinger_rev,240,"{""k_atr"": 2.0, ""k_sigma"": 2.0, ""n"": 20}",obj2R,reducido50,todos,ambos,6342,-0.03395,-1887.66,-0.02716,busqueda_24m
1790810558,1,bollinger_rev,240,"{""k_atr"": 2.0, ""k_sigma"": 2.0, ""n"": 20}",obj2R,reducido50,todos,long,3099,-0.11166,-4034.53,-0.05533,busqueda_24m
1790810558,1,bollinger_rev,240,"{""k_atr"": 2.0, ""k_sigma"": 2.0, ""n"": 20}",obj2R,reducido50,todos,short,3243,0.04031,2146.87,0.03091,busqueda_24m
1790810558,1,bollinger_rev,240,"{""k_atr"": 2.0, ""k_sigma"": 2.0, ""n"": 20}",obj3R,reducido50,todos,ambos,6342,-0.02814,-1985.75,-0.0252,busqueda_24m
1790810558,1,bollinger_rev,240,"{""k_atr"": 2.0, ""k_sigma"": 2.0, ""n"": 20}",obj3R,reducido50,todos,long,3099,-0.12281,-4746.55,-0.06028,busqueda_24m
1790810558,1,bollinger_rev,240,"{""k_atr"": 2.0, ""k_sigma"": 2.0, ""n"": 20}",obj3R,reducido50,todos,short,3243,0.06233,2760.8,0.03749,busqueda_24m
1790810558,1,bollinger_rev,240,"{""k_atr"": 2.0, ""k_sigma"": 2.0, ""n"": 20}",trail2R,reducido50,todos,ambos,6342,0.00417,-167.58,-0.00167,busqueda_24m
1790810558,1,bollinger_rev,240,"{""k_atr"": 2.0, ""k_sigma"": 2.0, ""n"": 20}",trail2R,reducido50,todos,long,3099,-0.08968,-3798.12,-0.04881,busqueda_24m
1790810558,1,bollinger_rev,240,"{""k_atr"": 2.0, ""k_sigma"": 2.0, ""n"": 20}",trail2R,reducido50,todos,short,3243,0.09384,3630.54,0.04437,busqueda_24m
1790810558,1,bollinger_rev,240,"{""k_atr"": 2.0, ""k_sigma"": 2.0, ""n"": 20}",trail3R,reducido50,todos,ambos,6342,-0.00069,-693.41,-0.00674,busqueda_24m
1790810558,1,bollinger_rev,240,"{""k_atr"": 2.0, ""k_sigma"": 2.0, ""n"": 20}",trail3R,reducido50,todos,long,3099,-0.09763,-4048.34,-0.04804,busqueda_24m
1790810558,1,bollinger_rev,240,"{""k_atr"": 2.0, ""k_sigma"": 2.0, ""n"": 20}",trail3R,reducido50,todos,short,3243,0.09195,3354.93,0.04057,busqueda_24m
1790810558,1,bollinger_rev,240,"{""k_atr"": 2.0, ""k_sigma"": 2.0, ""n"": 20}",obj3R_be,reducido50,todos,ambos,6342,-0.0154,-980.28,-0.01253,busqueda_24m
1790810558,1,bollinger_rev,240,"{""k_atr"": 2.0, ""k_sigma"": 2.0, ""n"": 20}",obj3R_be,reducido50,todos,long,3099,-0.1032,-3917.48,-0.05204,busqueda_24m
1790810558,1,bollinger_rev,240,"{""k_atr"": 2.0, ""k_sigma"": 2.0, ""n"": 20}",obj3R_be,reducido50,todos,short,3243,0.06851,2937.21,0.04129,busqueda_24m
1790810558,1,bollinger_rev,240,"{""k_atr"": 2.0, ""k_sigma"": 2.0, ""n"": 20}",obj5pct,reducido50,todos,ambos,6342,-0.034,-2378.29,-0.18433,busqueda_24m
1790810558,1,bollinger_rev,240,"{""k_atr"": 2.0, ""k_sigma"": 2.0, ""n"": 20}",obj5pct,reducido50,todos,long,3099,-0.03486,-1356.9,-0.12649,busqueda_24m
1790810558,1,bollinger_rev,240,"{""k_atr"": 2.0, ""k_sigma"": 2.0, ""n"": 20}",obj5pct,reducido50,todos,short,3243,-0.03317,-1021.39,-0.13555,busqueda_24m
1790810558,1,bollinger_rev,240,"{""k_atr"": 2.0, ""k_sigma"": 2.0, ""n"": 20}",obj10pct,reducido50,todos,ambos,6342,-0.04299,-2948.19,-0.14029,busqueda_24m
1790810558,1,bollinger_rev,240,"{""k_atr"": 2.0, ""k_sigma"": 2.0, ""n"": 20}",obj10pct,reducido50,todos,long,3099,-0.05719,-2219.78,-0.12302,busqueda_24m
1790810558,1,bollinger_rev,240,"{""k_atr"": 2.0, ""k_sigma"": 2.0, ""n"": 20}",obj10pct,reducido50,todos,short,3243,-0.02942,-728.42,-0.06203,busqueda_24m
1790810558,1,bollinger_rev,240,"{""k_atr"": 2.0, ""k_sigma"": 2.0, ""n"": 20}",obj20pct,reducido50,todos,ambos,6342,-0.04521,-2929.73,-0.09178,busqueda_24m
1790810558,1,bollinger_rev,240,"{""k_atr"": 2.0, ""k_sigma"": 2.0, ""n"": 20}",obj20pct,reducido50,todos,long,3099,-0.08375,-3033.55,-0.11021,busqueda_24m
1790810558,1,bollinger_rev,240,"{""k_atr"": 2.0, ""k_sigma"": 2.0, ""n"": 20}",obj20pct,reducido50,todos,short,3243,-0.00837,103.82,0.00554,busqueda_24m
1790810558,1,bollinger_rev,240,"{""k_atr"": 2.0, ""k_sigma"": 2.0, ""n"": 20}",obj30pct,reducido50,todos,ambos,6342,-0.04414,-2680.09,-0.06552,busqueda_24m
1790810558,1,bollinger_rev,240,"{""k_atr"": 2.0, ""k_sigma"": 2.0, ""n"": 20}",obj30pct,reducido50,todos,long,3099,-0.08979,-3263.28,-0.09169,busqueda_24m
1790810558,1,bollinger_rev,240,"{""k_atr"": 2.0, ""k_sigma"": 2.0, ""n"": 20}",obj30pct,reducido50,todos,short,3243,-0.00052,583.18,0.02312,busqueda_24m
1790810558,1,bollinger_rev,240,"{""k_atr"": 2.0, ""k_sigma"": 2.0, ""n"": 20}",obj50pct,reducido50,todos,ambos,6342,-0.04785,-2835.24,-0.05287,busqueda_24m
1790810558,1,bollinger_rev,240,"{""k_atr"": 2.0, ""k_sigma"": 2.0, ""n"": 20}",obj50pct,reducido50,todos,long,3099,-0.10681,-3885.98,-0.08132,busqueda_24m
1790810558,1,bollinger_rev,240,"{""k_atr"": 2.0, ""k_sigma"": 2.0, ""n"": 20}",obj50pct,reducido50,todos,short,3243,0.00851,1050.75,0.02786,busqueda_24m
1790810558,1,bollinger_rev,240,"{""k_atr"": 2.0, ""k_sigma"": 2.0, ""n"": 20}",obj1R,reducido50,todos,ambos,6342,-0.0233,-3115.82,-0.04706,busqueda_24m
1790810558,1,bollinger_rev,240,"{""k_atr"": 2.0, ""k_sigma"": 2.0, ""n"": 20}",obj1R,reducido50,todos,long,3243,-0.08858,-4066.41,-0.08358,busqueda_24m
1790810558,1,bollinger_rev,240,"{""k_atr"": 2.0, ""k_sigma"": 2.0, ""n"": 20}",obj1R,reducido50,todos,short,3099,0.04502,950.59,0.01588,busqueda_24m
1790810558,1,bollinger_rev,240,"{""k_atr"": 2.0, ""k_sigma"": 2.0, ""n"": 20}",obj2R,reducido50,todos,ambos,6342,0.02383,772.32,0.00771,busqueda_24m
1790810558,1,bollinger_rev,240,"{""k_atr"": 2.0, ""k_sigma"": 2.0, ""n"": 20}",obj2R,reducido50,todos,long,3243,-0.05925,-2465.14,-0.03796,busqueda_24m
1790810558,1,bollinger_rev,240,"{""k_atr"": 2.0, ""k_sigma"": 2.0, ""n"": 20}",obj2R,reducido50,todos,short,3099,0.11077,3237.46,0.03596,busqueda_24m
1790810558,1,bollinger_rev,240,"{""k_atr"": 2.0, ""k_sigma"": 2.0, ""n"": 20}",obj3R,reducido50,todos,ambos,6342,0.03143,1413.17,0.01318,busqueda_24m
1790810558,1,bollinger_rev,240,"{""k_atr"": 2.0, ""k_sigma"": 2.0, ""n"": 20}",obj3R,reducido50,todos,long,3243,-0.05285,-2003.49,-0.0285,busqueda_24m
1790810558,1,bollinger_rev,240,"{""k_atr"": 2.0, ""k_sigma"": 2.0, ""n"": 20}",obj3R,reducido50,todos,short,3099,0.11962,3416.66,0.03795,busqueda_24m
1790810558,1,bollinger_rev,240,"{""k_atr"": 2.0, ""k_sigma"": 2.0, ""n"": 20}",trail2R,reducido50,todos,ambos,6342,0.03073,1033.72,0.01014,busqueda_24m
1790810558,1,bollinger_rev,240,"{""k_atr"": 2.0, ""k_sigma"": 2.0, ""n"": 20}",trail2R,reducido50,todos,long,3243,-0.02856,-603.15,-0.00879,busqueda_24m
1790810558,1,bollinger_rev,240,"{""k_atr"": 2.0, ""k_sigma"": 2.0, ""n"": 20}",trail2R,reducido50,todos,short,3099,0.09276,1636.87,0.02054,busqueda_24m
1790810558,1,bollinger_rev,240,"{""k_atr"": 2.0, ""k_sigma"": 2.0, ""n"": 20}",trail3R,reducido50,todos,ambos,6342,0.02504,542.62,0.00536,busqueda_24m
1790810558,1,bollinger_rev,240,"{""k_atr"": 2.0, ""k_sigma"": 2.0, ""n"": 20}",trail3R,reducido50,todos,long,3243,-0.02786,-475.5,-0.00671,busqueda_24m
1790810558,1,bollinger_rev,240,"{""k_atr"": 2.0, ""k_sigma"": 2.0, ""n"": 20}",trail3R,reducido50,todos,short,3099,0.08041,1018.12,0.01311,busqueda_24m
1790810558,1,bollinger_rev,240,"{""k_atr"": 2.0, ""k_sigma"": 2.0, ""n"": 20}",obj3R_be,reducido50,todos,ambos,6342,0.02854,1160.42,0.01133,busqueda_24m
1790810558,1,bollinger_rev,240,"{""k_atr"": 2.0, ""k_sigma"": 2.0, ""n"": 20}",obj3R_be,reducido50,todos,long,3243,-0.0545,-2162.35,-0.03312,busqueda_24m
1790810558,1,bollinger_rev,240,"{""k_atr"": 2.0, ""k_sigma"": 2.0, ""n"": 20}",obj3R_be,reducido50,todos,short,3099,0.11544,3322.78,0.03826,busqueda_24m
1790810558,1,bollinger_rev,240,"{""k_atr"": 2.0, ""k_sigma"": 2.0, ""n"": 20}",obj5pct,reducido50,todos,ambos,6342,-0.02118,-1478.0,-0.14491,busqueda_24m
1790810558,1,bollinger_rev,240,"{""k_atr"": 2.0, ""k_sigma"": 2.0, ""n"": 20}",obj5pct,reducido50,todos,long,3243,-0.02834,-915.26,-0.12248,busqueda_24m
1790810558,1,bollinger_rev,240,"{""k_atr"": 2.0, ""k_sigma"": 2.0, ""n"": 20}",obj5pct,reducido50,todos,short,3099,-0.01369,-562.74,-0.0737,busqueda_24m
1790810558,1,bollinger_rev,240,"{""k_atr"": 2.0, ""k_sigma"": 2.0, ""n"": 20}",obj10pct,reducido50,todos,ambos,6342,-0.02084,-1751.09,-0.08679,busqueda_24m
1790810558,1,bollinger_rev,240,"{""k_atr"": 2.0, ""k_sigma"": 2.0, ""n"": 20}",obj10pct,reducido50,todos,long,3243,-0.03101,-1003.88,-0.07952,busqueda_24m
1790810558,1,bollinger_rev,240,"{""k_atr"": 2.0, ""k_sigma"": 2.0, ""n"": 20}",obj10pct,reducido50,todos,short,3099,-0.01019,-747.21,-0.04291,busqueda_24m
1790810558,1,bollinger_rev,240,"{""k_atr"": 2.0, ""k_sigma"": 2.0, ""n"": 20}",obj20pct,reducido50,todos,ambos,6342,-0.01522,-1799.52,-0.05719,busqueda_24m
1790810558,1,bollinger_rev,240,"{""k_atr"": 2.0, ""k_sigma"": 2.0, ""n"": 20}",obj20pct,reducido50,todos,long,3243,-0.04176,-1570.19,-0.07075,busqueda_24m
1790810558,1,bollinger_rev,240,"{""k_atr"": 2.0, ""k_sigma"": 2.0, ""n"": 20}",obj20pct,reducido50,todos,short,3099,0.01255,-229.33,-0.00868,busqueda_24m
1790810558,1,bollinger_rev,240,"{""k_atr"": 2.0, ""k_sigma"": 2.0, ""n"": 20}",obj30pct,reducido50,todos,ambos,6342,-0.0205,-2253.89,-0.0567,busqueda_24m
1790810558,1,bollinger_rev,240,"{""k_atr"": 2.0, ""k_sigma"": 2.0, ""n"": 20}",obj30pct,reducido50,todos,long,3243,-0.05696,-2309.05,-0.07846,busqueda_24m
1790810558,1,bollinger_rev,240,"{""k_atr"": 2.0, ""k_sigma"": 2.0, ""n"": 20}",obj30pct,reducido50,todos,short,3099,0.01766,55.17,0.00163,busqueda_24m
1790810558,1,bollinger_rev,240,"{""k_atr"": 2.0, ""k_sigma"": 2.0, ""n"": 20}",obj50pct,reducido50,todos,ambos,6342,-0.01553,-2283.09,-0.04308,busqueda_24m
1790810558,1,bollinger_rev,240,"{""k_atr"": 2.0, ""k_sigma"": 2.0, ""n"": 20}",obj50pct,reducido50,todos,long,3243,-0.06281,-2826.71,-0.07058,busqueda_24m
1790810558,1,bollinger_rev,240,"{""k_atr"": 2.0, ""k_sigma"": 2.0, ""n"": 20}",obj50pct,reducido50,todos,short,3099,0.03395,543.62,0.0116,busqueda_24m
1790810558,1,bollinger_rev,240,"{""k_atr"": 2.0, ""k_sigma"": 2.5, ""n"": 20}",obj1R,reducido50,todos,ambos,2512,-0.01486,-437.83,-0.0122,busqueda_24m
1790810558,1,bollinger_rev,240,"{""k_atr"": 2.0, ""k_sigma"": 2.5, ""n"": 20}",obj1R,reducido50,todos,long,1165,-0.0397,-398.94,-0.01313,busqueda_24m
1790810558,1,bollinger_rev,240,"{""k_atr"": 2.0, ""k_sigma"": 2.5, ""n"": 20}",obj1R,reducido50,todos,short,1347,0.00662,-38.89,-0.0016,busqueda_24m
1790810558,1,bollinger_rev,240,"{""k_atr"": 2.0, ""k_sigma"": 2.5, ""n"": 20}",obj2R,reducido50,todos,ambos,2512,-0.01536,-25.08,-0.00059,busqueda_24m
1790810558,1,bollinger_rev,240,"{""k_atr"": 2.0, ""k_sigma"": 2.5, ""n"": 20}",obj2R,reducido50,todos,long,1165,-0.10078,-1207.59,-0.03257,busqueda_24m
1790810558,1,bollinger_rev,240,"{""k_atr"": 2.0, ""k_sigma"": 2.5, ""n"": 20}",obj2R,reducido50,todos,short,1347,0.05852,1182.51,0.03337,busqueda_24m
1790810558,1,bollinger_rev,240,"{""k_atr"": 2.0, ""k_sigma"": 2.5, ""n"": 20}",obj3R,reducido50,todos,ambos,2512,-0.01544,-192.35,-0.00419,busqueda_24m
1790810558,1,bollinger_rev,240,"{""k_atr"": 2.0, ""k_sigma"": 2.5, ""n"": 20}",obj3R,reducido50,todos,long,1165,-0.13956,-1898.05,-0.04679,busqueda_24m
1790810558,1,bollinger_rev,240,"{""k_atr"": 2.0, ""k_sigma"": 2.5, ""n"": 20}",obj3R,reducido50,todos,short,1347,0.09191,1705.7,0.0461,busqueda_24m
1790810558,1,bollinger_rev,240,"{""k_atr"": 2.0, ""k_sigma"": 2.5, ""n"": 20}",trail2R,reducido50,todos,ambos,2512,0.01029,456.11,0.00842,busqueda_24m
1790810558,1,bollinger_rev,240,"{""k_atr"": 2.0, ""k_sigma"": 2.5, ""n"": 20}",trail2R,reducido50,todos,long,1165,-0.09978,-1216.97,-0.02885,busqueda_24m
1790810558,1,bollinger_rev,240,"{""k_atr"": 2.0, ""k_sigma"": 2.5, ""n"": 20}",trail2R,reducido50,todos,short,1347,0.10549,1673.08,0.04146,busqueda_24m
1790810558,1,bollinger_rev,240,"{""k_atr"": 2.0, ""k_sigma"": 2.5, ""n"": 20}",trail3R,reducido50,todos,ambos,2512,0.00294,142.15,0.00249,busqueda_24m
1790810558,1,bollinger_rev,240,"{""k_atr"": 2.0, ""k_sigma"": 2.5, ""n"": 20}",trail3R,reducido50,todos,long,1165,-0.11744,-1584.8,-0.03605,busqueda_24m
1790810558,1,bollinger_rev,240,"{""k_atr"": 2.0, ""k_sigma"": 2.5, ""n"": 20}",trail3R,reducido50,todos,short,1347,0.10705,1726.95,0.03983,busqueda_24m
1790810558,1,bollinger_rev,240,"{""k_atr"": 2.0, ""k_sigma"": 2.5, ""n"": 20}",obj3R_be,reducido50,todos,ambos,2512,-0.00285,82.96,0.00188,busqueda_24m
1790810558,1,bollinger_rev,240,"{""k_atr"": 2.0, ""k_sigma"": 2.5, ""n"": 20}",obj3R_be,reducido50,todos,long,1165,-0.11282,-1519.4,-0.03996,busqueda_24m
1790810558,1,bollinger_rev,240,"{""k_atr"": 2.0, ""k_sigma"": 2.5, ""n"": 20}",obj3R_be,reducido50,todos,short,1347,0.09226,1602.36,0.04523,busqueda_24m
1790810558,1,bollinger_rev,240,"{""k_atr"": 2.0, ""k_sigma"": 2.5, ""n"": 20}",obj5pct,reducido50,todos,ambos,2512,-0.02613,-722.12,-0.12095,busqueda_24m
1790810558,1,bollinger_rev,240,"{""k_atr"": 2.0, ""k_sigma"": 2.5, ""n"": 20}",obj5pct,reducido50,todos,long,1165,-0.01691,-212.87,-0.05297,busqueda_24m
1790810558,1,bollinger_rev,240,"{""k_atr"": 2.0, ""k_sigma"": 2.5, ""n"": 20}",obj5pct,reducido50,todos,short,1347,-0.03411,-509.26,-0.11405,busqueda_24m
1790810558,1,bollinger_rev,240,"{""k_atr"": 2.0, ""k_sigma"": 2.5, ""n"": 20}",obj10pct,reducido50,todos,ambos,2512,-0.02927,-822.17,-0.08621,busqueda_24m
1790810558,1,bollinger_rev,240,"{""k_atr"": 2.0, ""k_sigma"": 2.5, ""n"": 20}",obj10pct,reducido50,todos,long,1165,-0.01805,-235.16,-0.03508,busqueda_24m
1790810558,1,bollinger_rev,240,"{""k_atr"": 2.0, ""k_sigma"": 2.5, ""n"": 20}",obj10pct,reducido50,todos,short,1347,-0.03898,-587.01,-0.08606,busqueda_24m
1790810558,1,bollinger_rev,240,"{""k_atr"": 2.0, ""k_sigma"": 2.5, ""n"": 20}",obj20pct,reducido50,todos,ambos,2512,-0.02697,-903.97,-0.05565,busqueda_24m
1790810558,1,bollinger_rev,240,"{""k_atr"": 2.0, ""k_sigma"": 2.5, ""n"": 20}",obj20pct,reducido50,todos,long,1165,-0.02613,-522.24,-0.03882,busqueda_24m
1790810558,1,bollinger_rev,240,"{""k_atr"": 2.0, ""k_sigma"": 2.5, ""n"": 20}",obj20pct,reducido50,todos,short,1347,-0.0277,-381.73,-0.0392,busqueda_24m
1790810558,1,bollinger_rev,240,"{""k_atr"": 2.0, ""k_sigma"": 2.5, ""n"": 20}",obj30pct,reducido50,todos,ambos,2512,-0.02629,-728.84,-0.03386,busqueda_24m
1790810558,1,bollinger_rev,240,"{""k_atr"": 2.0, ""k_sigma"": 2.5, ""n"": 20}",obj30pct,reducido50,todos,long,1165,-0.0341,-566.66,-0.03062,busqueda_24m
1790810558,1,bollinger_rev,240,"{""k_atr"": 2.0, ""k_sigma"": 2.5, ""n"": 20}",obj30pct,reducido50,todos,short,1347,-0.01954,-162.19,-0.01313,busqueda_24m
1790810558,1,bollinger_rev,240,"{""k_atr"": 2.0, ""k_sigma"": 2.5, ""n"": 20}",obj50pct,reducido50,todos,ambos,2512,-0.01929,-476.73,-0.01608,busqueda_24m
1790810558,1,bollinger_rev,240,"{""k_atr"": 2.0, ""k_sigma"": 2.5, ""n"": 20}",obj50pct,reducido50,todos,long,1165,-0.05443,-813.18,-0.03158,busqueda_24m
1790810558,1,bollinger_rev,240,"{""k_atr"": 2.0, ""k_sigma"": 2.5, ""n"": 20}",obj50pct,reducido50,todos,short,1347,0.01109,336.46,0.01879,busqueda_24m
1790810558,1,bollinger_rev,240,"{""k_atr"": 2.0, ""k_sigma"": 2.5, ""n"": 20}",obj1R,reducido50,todos,ambos,2512,-0.05753,-2260.78,-0.06109,busqueda_24m
1790810558,1,bollinger_rev,240,"{""k_atr"": 2.0, ""k_sigma"": 2.5, ""n"": 20}",obj1R,reducido50,todos,long,1347,-0.06712,-878.71,-0.03652,busqueda_24m
1790810558,1,bollinger_rev,240,"{""k_atr"": 2.0, ""k_sigma"": 2.5, ""n"": 20}",obj1R,reducido50,todos,short,1165,-0.04646,-1382.08,-0.0431,busqueda_24m
1790810558,1,bollinger_rev,240,"{""k_atr"": 2.0, ""k_sigma"": 2.5, ""n"": 20}",obj2R,reducido50,todos,ambos,2512,-0.01753,-782.88,-0.01675,busqueda_24m
1790810558,1,bollinger_rev,240,"{""k_atr"": 2.0, ""k_sigma"": 2.5, ""n"": 20}",obj2R,reducido50,todos,long,1347,-0.03597,-227.72,-0.00726,busqueda_24m
1790810558,1,bollinger_rev,240,"{""k_atr"": 2.0, ""k_sigma"": 2.5, ""n"": 20}",obj2R,reducido50,todos,short,1165,0.0038,-555.16,-0.01396,busqueda_24m
1790810558,1,bollinger_rev,240,"{""k_atr"": 2.0, ""k_sigma"": 2.5, ""n"": 20}",obj3R,reducido50,todos,ambos,2512,-0.02759,-1220.81,-0.0258,busqueda_24m
1790810558,1,bollinger_rev,240,"{""k_atr"": 2.0, ""k_sigma"": 2.5, ""n"": 20}",obj3R,reducido50,todos,long,1347,-0.03424,-65.34,-0.00183,busqueda_24m
1790810558,1,bollinger_rev,240,"{""k_atr"": 2.0, ""k_sigma"": 2.5, ""n"": 20}",obj3R,reducido50,todos,short,1165,-0.0199,-1155.46,-0.03363,busqueda_24m
1790810558,1,bollinger_rev,240,"{""k_atr"": 2.0, ""k_sigma"": 2.5, ""n"": 20}",trail2R,reducido50,todos,ambos,2512,-0.01545,-573.7,-0.01202,busqueda_24m
1790810558,1,bollinger_rev,240,"{""k_atr"": 2.0, ""k_sigma"": 2.5, ""n"": 20}",trail2R,reducido50,todos,long,1347,0.0095,1058.71,0.02879,busqueda_24m
1790810558,1,bollinger_rev,240,"{""k_atr"": 2.0, ""k_sigma"": 2.5, ""n"": 20}",trail2R,reducido50,todos,short,1165,-0.0443,-1632.41,-0.05136,busqueda_24m
1790810558,1,bollinger_rev,240,"{""k_atr"": 2.0, ""k_sigma"": 2.5, ""n"": 20}",trail3R,reducido50,todos,ambos,2512,-0.03305,-1266.5,-0.0247,busqueda_24m
1790810558,1,bollinger_rev,240,"{""k_atr"": 2.0, ""k_sigma"": 2.5, ""n"": 20}",trail3R,reducido50,todos,long,1347,-0.01962,548.23,0.01419,busqueda_24m
1790810558,1,bollinger_rev,240,"{""k_atr"": 2.0, ""k_sigma"": 2.5, ""n"": 20}",trail3R,reducido50,todos,short,1165,-0.04858,-1814.72,-0.0516,busqueda_24m
1790810558,1,bollinger_rev,240,"{""k_atr"": 2.0, ""k_sigma"": 2.5, ""n"": 20}",obj3R_be,reducido50,todos,ambos,2512,-0.01378,-693.45,-0.01539,busqueda_24m
1790810558,1,bollinger_rev,240,"{""k_atr"": 2.0, ""k_sigma"": 2.5, ""n"": 20}",obj3R_be,reducido50,todos,long,1347,-0.01304,405.6,0.01204,busqueda_24m
1790810558,1,bollinger_rev,240,"{""k_atr"": 2.0, ""k_sigma"": 2.5, ""n"": 20}",obj3R_be,reducido50,todos,short,1165,-0.01464,-1099.05,-0.0334,busqueda_24m
1790810558,1,bollinger_rev,240,"{""k_atr"": 2.0, ""k_sigma"": 2.5, ""n"": 20}",obj5pct,reducido50,todos,ambos,2512,-0.02866,-850.32,-0.12411,busqueda_24m
1790810558,1,bollinger_rev,240,"{""k_atr"": 2.0, ""k_sigma"": 2.5, ""n"": 20}",obj5pct,reducido50,todos,long,1347,-0.03896,-600.08,-0.12627,busqueda_24m
1790810558,1,bollinger_rev,240,"{""k_atr"": 2.0, ""k_sigma"": 2.5, ""n"": 20}",obj5pct,reducido50,todos,short,1165,-0.01675,-250.24,-0.0485,busqueda_24m
1790810558,1,bollinger_rev,240,"{""k_atr"": 2.0, ""k_sigma"": 2.5, ""n"": 20}",obj10pct,reducido50,todos,ambos,2512,-0.03062,-1059.2,-0.07795,busqueda_24m
1790810558,1,bollinger_rev,240,"{""k_atr"": 2.0, ""k_sigma"": 2.5, ""n"": 20}",obj10pct,reducido50,todos,long,1347,-0.04183,-623.89,-0.08153,busqueda_24m
1790810558,1,bollinger_rev,240,"{""k_atr"": 2.0, ""k_sigma"": 2.5, ""n"": 20}",obj10pct,reducido50,todos,short,1165,-0.01767,-435.31,-0.03688,busqueda_24m
1790810558,1,bollinger_rev,240,"{""k_atr"": 2.0, ""k_sigma"": 2.5, ""n"": 20}",obj20pct,reducido50,todos,ambos,2512,-0.03021,-993.32,-0.05109,busqueda_24m
1790810558,1,bollinger_rev,240,"{""k_atr"": 2.0, ""k_sigma"": 2.5, ""n"": 20}",obj20pct,reducido50,todos,long,1347,-0.04977,-641.53,-0.05181,busqueda_24m
1790810558,1,bollinger_rev,240,"{""k_atr"": 2.0, ""k_sigma"": 2.5, ""n"": 20}",obj20pct,reducido50,todos,short,1165,-0.00759,-351.79,-0.02178,busqueda_24m
1790810558,1,bollinger_rev,240,"{""k_atr"": 2.0, ""k_sigma"": 2.5, ""n"": 20}",obj30pct,reducido50,todos,ambos,2512,-0.03037,-985.11,-0.04252,busqueda_24m
1790810558,1,bollinger_rev,240,"{""k_atr"": 2.0, ""k_sigma"": 2.5, ""n"": 20}",obj30pct,reducido50,todos,long,1347,-0.04606,-630.0,-0.0412,busqueda_24m
1790810558,1,bollinger_rev,240,"{""k_atr"": 2.0, ""k_sigma"": 2.5, ""n"": 20}",obj30pct,reducido50,todos,short,1165,-0.01222,-355.11,-0.01839,busqueda_24m
1790810558,1,bollinger_rev,240,"{""k_atr"": 2.0, ""k_sigma"": 2.5, ""n"": 20}",obj50pct,reducido50,todos,ambos,2512,-0.05026,-1688.83,-0.05654,busqueda_24m
1790810558,1,bollinger_rev,240,"{""k_atr"": 2.0, ""k_sigma"": 2.5, ""n"": 20}",obj50pct,reducido50,todos,long,1347,-0.05151,-804.43,-0.04038,busqueda_24m
1790810558,1,bollinger_rev,240,"{""k_atr"": 2.0, ""k_sigma"": 2.5, ""n"": 20}",obj50pct,reducido50,todos,short,1165,-0.04882,-884.4,-0.03508,busqueda_24m
1790810558,1,bollinger_rev,240,"{""k_atr"": 2.0, ""k_sigma"": 3.0, ""n"": 20}",obj1R,reducido50,todos,ambos,714,-0.0099,-63.73,-0.00421,busqueda_24m
1790810558,1,bollinger_rev,240,"{""k_atr"": 2.0, ""k_sigma"": 3.0, ""n"": 20}",obj1R,reducido50,todos,long,260,-0.0664,-115.2,-0.01034,busqueda_24m
1790810558,1,bollinger_rev,240,"{""k_atr"": 2.0, ""k_sigma"": 3.0, ""n"": 20}",obj1R,reducido50,todos,short,454,0.02246,51.47,0.00464,busqueda_24m
1790810558,1,bollinger_rev,240,"{""k_atr"": 2.0, ""k_sigma"": 3.0, ""n"": 20}",obj2R,reducido50,todos,ambos,714,0.00448,236.39,0.01227,busqueda_24m
1790810558,1,bollinger_rev,240,"{""k_atr"": 2.0, ""k_sigma"": 3.0, ""n"": 20}",obj2R,reducido50,todos,long,260,-0.08819,-141.51,-0.00996,busqueda_24m
1790810558,1,bollinger_rev,240,"{""k_atr"": 2.0, ""k_sigma"": 3.0, ""n"": 20}",obj2R,reducido50,todos,short,454,0.05756,377.91,0.02494,busqueda_24m
1790810558,1,bollinger_rev,240,"{""k_atr"": 2.0, ""k_sigma"": 3.0, ""n"": 20}",obj3R,reducido50,todos,ambos,714,0.00617,338.61,0.01747,busqueda_24m
1790810558,1,bollinger_rev,240,"{""k_atr"": 2.0, ""k_sigma"": 3.0, ""n"": 20}",obj3R,reducido50,todos,long,260,-0.1388,-312.82,-0.02399,busqueda_24m
1790810558,1,bollinger_rev,240,"{""k_atr"": 2.0, ""k_sigma"": 3.0, ""n"": 20}",obj3R,reducido50,todos,short,454,0.0892,651.43,0.04038,busqueda_24m
1790810558,1,bollinger_rev,240,"{""k_atr"": 2.0, ""k_sigma"": 3.0, ""n"": 20}",trail2R,reducido50,todos,ambos,714,0.00751,166.38,0.00878,busqueda_24m
1790810558,1,bollinger_rev,240,"{""k_atr"": 2.0, ""k_sigma"": 3.0, ""n"": 20}",trail2R,reducido50,todos,long,260,-0.08574,-212.59,-0.01674,busqueda_24m
1790810558,1,bollinger_rev,240,"{""k_atr"": 2.0, ""k_sigma"": 3.0, ""n"": 20}",trail2R,reducido50,todos,short,454,0.06092,378.97,0.02478,busqueda_24m
1790810558,1,bollinger_rev,240,"{""k_atr"": 2.0, ""k_sigma"": 3.0, ""n"": 20}",trail3R,reducido50,todos,ambos,714,-0.00433,111.98,0.00595,busqueda_24m
1790810558,1,bollinger_rev,240,"{""k_atr"": 2.0, ""k_sigma"": 3.0, ""n"": 20}",trail3R,reducido50,todos,long,260,-0.10221,-271.8,-0.02305,busqueda_24m
1790810558,1,bollinger_rev,240,"{""k_atr"": 2.0, ""k_sigma"": 3.0, ""n"": 20}",trail3R,reducido50,todos,short,454,0.05173,383.78,0.02403,busqueda_24m
1790810558,1,bollinger_rev,240,"{""k_atr"": 2.0, ""k_sigma"": 3.0, ""n"": 20}",obj3R_be,reducido50,todos,ambos,714,0.0203,391.43,0.02102,busqueda_24m
1790810558,1,bollinger_rev,240,"{""k_atr"": 2.0, ""k_sigma"": 3.0, ""n"": 20}",obj3R_be,reducido50,todos,long,260,-0.10363,-191.43,-0.01535,busqueda_24m
1790810558,1,bollinger_rev,240,"{""k_atr"": 2.0, ""k_sigma"": 3.0, ""n"": 20}",obj3R_be,reducido50,todos,short,454,0.09127,582.86,0.03731,busqueda_24m
1790810558,1,bollinger_rev,240,"{""k_atr"": 2.0, ""k_sigma"": 3.0, ""n"": 20}",obj5pct,reducido50,todos,ambos,714,-0.00745,-27.42,-0.01128,busqueda_24m
1790810558,1,bollinger_rev,240,"{""k_atr"": 2.0, ""k_sigma"": 3.0, ""n"": 20}",obj5pct,reducido50,todos,long,260,-0.00925,-27.05,-0.01622,busqueda_24m
1790810558,1,bollinger_rev,240,"{""k_atr"": 2.0, ""k_sigma"": 3.0, ""n"": 20}",obj5pct,reducido50,todos,short,454,-0.00642,-0.37,-0.00021,busqueda_24m
1790810558,1,bollinger_rev,240,"{""k_atr"": 2.0, ""k_sigma"": 3.0, ""n"": 20}",obj10pct,reducido50,todos,ambos,714,-0.01141,-66.18,-0.01696,busqueda_24m
1790810558,1,bollinger_rev,240,"{""k_atr"": 2.0, ""k_sigma"": 3.0, ""n"": 20}",obj10pct,reducido50,todos,long,260,-0.04601,-133.81,-0.04627,busqueda_24m
1790810558,1,bollinger_rev,240,"{""k_atr"": 2.0, ""k_sigma"": 3.0, ""n"": 20}",obj10pct,reducido50,todos,short,454,0.0084,67.63,0.02473,busqueda_24m
1790810558,1,bollinger_rev,240,"{""k_atr"": 2.0, ""k_sigma"": 3.0, ""n"": 20}",obj20pct,reducido50,todos,ambos,714,-0.00697,-6.15,-0.00094,busqueda_24m
1790810558,1,bollinger_rev,240,"{""k_atr"": 2.0, ""k_sigma"": 3.0, ""n"": 20}",obj20pct,reducido50,todos,long,260,-0.04045,-154.39,-0.02915,busqueda_24m
1790810558,1,bollinger_rev,240,"{""k_atr"": 2.0, ""k_sigma"": 3.0, ""n"": 20}",obj20pct,reducido50,todos,short,454,0.01221,148.24,0.03599,busqueda_24m
1790810558,1,bollinger_rev,240,"{""k_atr"": 2.0, ""k_sigma"": 3.0, ""n"": 20}",obj30pct,reducido50,todos,ambos,714,-0.01903,-31.9,-0.00374,busqueda_24m
1790810558,1,bollinger_rev,240,"{""k_atr"": 2.0, ""k_sigma"": 3.0, ""n"": 20}",obj30pct,reducido50,todos,long,260,-0.08071,-217.13,-0.03331,busqueda_24m
1790810558,1,bollinger_rev,240,"{""k_atr"": 2.0, ""k_sigma"": 3.0, ""n"": 20}",obj30pct,reducido50,todos,short,454,0.01629,185.24,0.03262,busqueda_24m
1790810558,1,bollinger_rev,240,"{""k_atr"": 2.0, ""k_sigma"": 3.0, ""n"": 20}",obj50pct,reducido50,todos,ambos,714,-0.02743,-53.81,-0.0045,busqueda_24m
1790810558,1,bollinger_rev,240,"{""k_atr"": 2.0, ""k_sigma"": 3.0, ""n"": 20}",obj50pct,reducido50,todos,long,260,-0.09792,-211.14,-0.02188,busqueda_24m
1790810558,1,bollinger_rev,240,"{""k_atr"": 2.0, ""k_sigma"": 3.0, ""n"": 20}",obj50pct,reducido50,todos,short,454,0.01294,157.33,0.02057,busqueda_24m
1790810558,1,bollinger_rev,240,"{""k_atr"": 2.0, ""k_sigma"": 3.0, ""n"": 20}",obj1R,reducido50,todos,ambos,714,-0.05779,-716.87,-0.04651,busqueda_24m
1790810558,1,bollinger_rev,240,"{""k_atr"": 2.0, ""k_sigma"": 3.0, ""n"": 20}",obj1R,reducido50,todos,long,454,-0.08015,-464.66,-0.04289,busqueda_24m
1790810558,1,bollinger_rev,240,"{""k_atr"": 2.0, ""k_sigma"": 3.0, ""n"": 20}",obj1R,reducido50,todos,short,260,-0.01875,-252.21,-0.02128,busqueda_24m
1790810558,1,bollinger_rev,240,"{""k_atr"": 2.0, ""k_sigma"": 3.0, ""n"": 20}",obj2R,reducido50,todos,ambos,714,-0.038,-444.01,-0.02272,busqueda_24m
1790810558,1,bollinger_rev,240,"{""k_atr"": 2.0, ""k_sigma"": 3.0, ""n"": 20}",obj2R,reducido50,todos,long,454,-0.07782,-282.66,-0.01869,busqueda_24m
1790810558,1,bollinger_rev,240,"{""k_atr"": 2.0, ""k_sigma"": 3.0, ""n"": 20}",obj2R,reducido50,todos,short,260,0.03152,-161.35,-0.01172,busqueda_24m
1790810558,1,bollinger_rev,240,"{""k_atr"": 2.0, ""k_sigma"": 3.0, ""n"": 20}",obj3R,reducido50,todos,ambos,714,-0.00072,-242.02,-0.01123,busqueda_24m
1790810558,1,bollinger_rev,240,"{""k_atr"": 2.0, ""k_sigma"": 3.0, ""n"": 20}",obj3R,reducido50,todos,long,454,-0.01266,23.42,0.00132,busqueda_24m
1790810558,1,bollinger_rev,240,"{""k_atr"": 2.0, ""k_sigma"": 3.0, ""n"": 20}",obj3R,reducido50,todos,short,260,0.02012,-265.44,-0.01959,busqueda_24m
1790810558,1,bollinger_rev,240,"{""k_atr"": 2.0, ""k_sigma"": 3.0, ""n"": 20}",trail2R,reducido50,todos,ambos,714,0.01468,309.33,0.01176,busqueda_24m
1790810558,1,bollinger_rev,240,"{""k_atr"": 2.0, ""k_sigma"": 3.0, ""n"": 20}",trail2R,reducido50,todos,long,454,0.01265,601.29,0.02612,busqueda_24m
1790810558,1,bollinger_rev,240,"{""k_atr"": 2.0, ""k_sigma"": 3.0, ""n"": 20}",trail2R,reducido50,todos,short,260,0.01822,-291.96,-0.02289,busqueda_24m
1790810558,1,bollinger_rev,240,"{""k_atr"": 2.0, ""k_sigma"": 3.0, ""n"": 20}",trail3R,reducido50,todos,ambos,714,0.00862,125.96,0.0044,busqueda_24m
1790810558,1,bollinger_rev,240,"{""k_atr"": 2.0, ""k_sigma"": 3.0, ""n"": 20}",trail3R,reducido50,todos,long,454,0.03471,618.05,0.02442,busqueda_24m
1790810558,1,bollinger_rev,240,"{""k_atr"": 2.0, ""k_sigma"": 3.0, ""n"": 20}",trail3R,reducido50,todos,short,260,-0.03692,-492.09,-0.03677,busqueda_24m
1790810558,1,bollinger_rev,240,"{""k_atr"": 2.0, ""k_sigma"": 3.0, ""n"": 20}",obj3R_be,reducido50,todos,ambos,714,0.00415,-94.95,-0.00455,busqueda_24m
1790810558,1,bollinger_rev,240,"{""k_atr"": 2.0, ""k_sigma"": 3.0, ""n"": 20}",obj3R_be,reducido50,todos,long,454,-0.02007,88.08,0.00513,busqueda_24m
1790810558,1,bollinger_rev,240,"{""k_atr"": 2.0, ""k_sigma"": 3.0, ""n"": 20}",obj3R_be,reducido50,todos,short,260,0.04643,-183.03,-0.01395,busqueda_24m
1790810558,1,bollinger_rev,240,"{""k_atr"": 2.0, ""k_sigma"": 3.0, ""n"": 20}",obj5pct,reducido50,todos,ambos,714,-0.02272,-185.8,-0.05766,busqueda_24m
1790810558,1,bollinger_rev,240,"{""k_atr"": 2.0, ""k_sigma"": 3.0, ""n"": 20}",obj5pct,reducido50,todos,long,454,-0.03515,-193.78,-0.07511,busqueda_24m
1790810558,1,bollinger_rev,240,"{""k_atr"": 2.0, ""k_sigma"": 3.0, ""n"": 20}",obj5pct,reducido50,todos,short,260,-0.00101,7.97,0.00411,busqueda_24m
1790810558,1,bollinger_rev,240,"{""k_atr"": 2.0, ""k_sigma"": 3.0, ""n"": 20}",obj10pct,reducido50,todos,ambos,714,-0.01988,-67.06,-0.01385,busqueda_24m
1790810558,1,bollinger_rev,240,"{""k_atr"": 2.0, ""k_sigma"": 3.0, ""n"": 20}",obj10pct,reducido50,todos,long,454,-0.0356,-116.97,-0.03137,busqueda_24m
1790810558,1,bollinger_rev,240,"{""k_atr"": 2.0, ""k_sigma"": 3.0, ""n"": 20}",obj10pct,reducido50,todos,short,260,0.00757,49.91,0.01555,busqueda_24m
1790810558,1,bollinger_rev,240,"{""k_atr"": 2.0, ""k_sigma"": 3.0, ""n"": 20}",obj20pct,reducido50,todos,ambos,714,-0.02201,-25.25,-0.00366,busqueda_24m
1790810558,1,bollinger_rev,240,"{""k_atr"": 2.0, ""k_sigma"": 3.0, ""n"": 20}",obj20pct,reducido50,todos,long,454,-0.05723,-209.94,-0.03998,busqueda_24m
1790810558,1,bollinger_rev,240,"{""k_atr"": 2.0, ""k_sigma"": 3.0, ""n"": 20}",obj20pct,reducido50,todos,short,260,0.0395,184.69,0.03998,busqueda_24m
1790810558,1,bollinger_rev,240,"{""k_atr"": 2.0, ""k_sigma"": 3.0, ""n"": 20}",obj30pct,reducido50,todos,ambos,714,0.02565,328.35,0.03858,busqueda_24m
1790810558,1,bollinger_rev,240,"{""k_atr"": 2.0, ""k_sigma"": 3.0, ""n"": 20}",obj30pct,reducido50,todos,long,454,-0.02913,-98.44,-0.01559,busqueda_24m
1790810558,1,bollinger_rev,240,"{""k_atr"": 2.0, ""k_sigma"": 3.0, ""n"": 20}",obj30pct,reducido50,todos,short,260,0.12131,426.79,0.07221,busqueda_24m
1790810558,1,bollinger_rev,240,"{""k_atr"": 2.0, ""k_sigma"": 3.0, ""n"": 20}",obj50pct,reducido50,todos,ambos,714,-0.04525,-535.45,-0.04228,busqueda_24m
1790810558,1,bollinger_rev,240,"{""k_atr"": 2.0, ""k_sigma"": 3.0, ""n"": 20}",obj50pct,reducido50,todos,long,454,-0.0675,-394.8,-0.04615,busqueda_24m
1790810558,1,bollinger_rev,240,"{""k_atr"": 2.0, ""k_sigma"": 3.0, ""n"": 20}",obj50pct,reducido50,todos,short,260,-0.00639,-140.64,-0.0145,busqueda_24m
1790810558,1,orb_sesion,5,"{""hora_inicio_utc"": 0.0, ""k_atr"": 1.0, ""minutos_rango"": 60}",obj1R,reducido50,todos,ambos,27204,-0.52756,-9938.84,-0.95648,busqueda_24m
1790810558,1,orb_sesion,5,"{""hora_inicio_utc"": 0.0, ""k_atr"": 1.0, ""minutos_rango"": 60}",obj1R,reducido50,todos,long,13319,-0.54271,-5180.34,-0.78261,busqueda_24m
1790810558,1,orb_sesion,5,"{""hora_inicio_utc"": 0.0, ""k_atr"": 1.0, ""minutos_rango"": 60}",obj1R,reducido50,todos,short,13885,-0.51302,-4758.49,-0.56605,busqueda_24m
1790810558,1,orb_sesion,5,"{""hora_inicio_utc"": 0.0, ""k_atr"": 1.0, ""minutos_rango"": 60}",obj2R,reducido50,todos,ambos,27204,-0.52624,-9781.95,-0.58351,busqueda_24m
1790810558,1,orb_sesion,5,"{""hora_inicio_utc"": 0.0, ""k_atr"": 1.0, ""minutos_rango"": 60}",obj2R,reducido50,todos,long,13319,-0.55309,-5470.66,-0.59273,busqueda_24m
1790810558,1,orb_sesion,5,"{""hora_inicio_utc"": 0.0, ""k_atr"": 1.0, ""minutos_rango"": 60}",obj2R,reducido50,todos,short,13885,-0.50048,-4311.29,-0.30735,busqueda_24m
1790810558,1,orb_sesion,5,"{""hora_inicio_utc"": 0.0, ""k_atr"": 1.0, ""minutos_rango"": 60}",obj3R,reducido50,todos,ambos,27204,-0.51894,-9503.15,-0.44174,busqueda_24m
1790810558,1,orb_sesion,5,"{""hora_inicio_utc"": 0.0, ""k_atr"": 1.0, ""minutos_rango"": 60}",obj3R,reducido50,todos,long,13319,-0.55199,-5532.67,-0.5212,busqueda_24m
1790810558,1,orb_sesion,5,"{""hora_inicio_utc"": 0.0, ""k_atr"": 1.0, ""minutos_rango"": 60}",obj3R,reducido50,todos,short,13885,-0.48724,-3970.48,-0.21167,busqueda_24m
1790810558,1,orb_sesion,5,"{""hora_inicio_utc"": 0.0, ""k_atr"": 1.0, ""minutos_rango"": 60}",trail2R,reducido50,todos,ambos,27204,-0.52929,-9805.49,-0.43226,busqueda_24m
1790810558,1,orb_sesion,5,"{""hora_inicio_utc"": 0.0, ""k_atr"": 1.0, ""minutos_rango"": 60}",trail2R,reducido50,todos,long,13319,-0.55486,-5621.95,-0.54132,busqueda_24m
1790810558,1,orb_sesion,5,"{""hora_inicio_utc"": 0.0, ""k_atr"": 1.0, ""minutos_rango"": 60}",trail2R,reducido50,todos,short,13885,-0.50477,-4183.54,-0.20895,busqueda_24m
1790810558,1,orb_sesion,5,"{""hora_inicio_utc"": 0.0, ""k_atr"": 1.0, ""minutos_rango"": 60}",trail3R,reducido50,todos,ambos,27204,-0.52771,-9840.05,-0.3915,busqueda_24m
1790810558,1,orb_sesion,5,"{""hora_inicio_utc"": 0.0, ""k_atr"": 1.0, ""minutos_rango"": 60}",trail3R,reducido50,todos,long,13319,-0.56112,-5656.28,-0.44658,busqueda_24m
1790810558,1,orb_sesion,5,"{""hora_inicio_utc"": 0.0, ""k_atr"": 1.0, ""minutos_rango"": 60}",trail3R,reducido50,todos,short,13885,-0.49565,-4183.78,-0.19252,busqueda_24m
1790810558,1,orb_sesion,5,"{""hora_inicio_utc"": 0.0, ""k_atr"": 1.0, ""minutos_rango"": 60}",obj3R_be,reducido50,todos,ambos,27204,-0.51959,-9697.49,-0.48418,busqueda_24m
1790810558,1,orb_sesion,5,"{""hora_inicio_utc"": 0.0, ""k_atr"": 1.0, ""minutos_rango"": 60}",obj3R_be,reducido50,todos,long,13319,-0.55263,-5603.93,-0.59385,busqueda_24m
1790810558,1,orb_sesion,5,"{""hora_inicio_utc"": 0.0, ""k_atr"": 1.0, ""minutos_rango"": 60}",obj3R_be,reducido50,todos,short,13885,-0.48791,-4093.56,-0.23366,busqueda_24m
1790810558,1,orb_sesion,5,"{""hora_inicio_utc"": 0.0, ""k_atr"": 1.0, ""minutos_rango"": 60}",obj5pct,reducido50,todos,ambos,27204,-0.52522,-9977.31,-1.07594,busqueda_24m
1790810558,1,orb_sesion,5,"{""hora_inicio_utc"": 0.0, ""k_atr"": 1.0, ""minutos_rango"": 60}",obj5pct,reducido50,todos,long,13319,-0.53948,-5114.5,-0.7793,busqueda_24m
1790810558,1,orb_sesion,5,"{""hora_inicio_utc"": 0.0, ""k_atr"": 1.0, ""minutos_rango"": 60}",obj5pct,reducido50,todos,short,13885,-0.51154,-4862.81,-0.69866,busqueda_24m
1790810558,1,orb_sesion,5,"{""hora_inicio_utc"": 0.0, ""k_atr"": 1.0, ""minutos_rango"": 60}",obj10pct,reducido50,todos,ambos,27204,-0.52181,-9902.31,-0.71006,busqueda_24m
1790810558,1,orb_sesion,5,"{""hora_inicio_utc"": 0.0, ""k_atr"": 1.0, ""minutos_rango"": 60}",obj10pct,reducido50,todos,long,13319,-0.52658,-5015.16,-0.54276,busqueda_24m
1790810558,1,orb_sesion,5,"{""hora_inicio_utc"": 0.0, ""k_atr"": 1.0, ""minutos_rango"": 60}",obj10pct,reducido50,todos,short,13885,-0.51723,-4887.15,-0.4624,busqueda_24m
1790810558,1,orb_sesion,5,"{""hora_inicio_utc"": 0.0, ""k_atr"": 1.0, ""minutos_rango"": 60}",obj20pct,reducido50,todos,ambos,27204,-0.53288,-10002.09,-0.50474,busqueda_24m
1790810558,1,orb_sesion,5,"{""hora_inicio_utc"": 0.0, ""k_atr"": 1.0, ""minutos_rango"": 60}",obj20pct,reducido50,todos,long,13319,-0.54165,-5345.17,-0.45662,busqueda_24m
1790810558,1,orb_sesion,5,"{""hora_inicio_utc"": 0.0, ""k_atr"": 1.0, ""minutos_rango"": 60}",obj20pct,reducido50,todos,short,13885,-0.52446,-4656.92,-0.28824,busqueda_24m
1790810558,1,orb_sesion,5,"{""hora_inicio_utc"": 0.0, ""k_atr"": 1.0, ""minutos_rango"": 60}",obj30pct,reducido50,todos,ambos,27204,-0.53232,-9975.89,-0.41881,busqueda_24m
1790810558,1,orb_sesion,5,"{""hora_inicio_utc"": 0.0, ""k_atr"": 1.0, ""minutos_rango"": 60}",obj30pct,reducido50,todos,long,13319,-0.54933,-5550.03,-0.42789,busqueda_24m
1790810558,1,orb_sesion,5,"{""hora_inicio_utc"": 0.0, ""k_atr"": 1.0, ""minutos_rango"": 60}",obj30pct,reducido50,todos,short,13885,-0.516,-4425.86,-0.22229,busqueda_24m
1790810558,1,orb_sesion,5,"{""hora_inicio_utc"": 0.0, ""k_atr"": 1.0, ""minutos_rango"": 60}",obj50pct,reducido50,todos,ambos,27204,-0.56079,-10708.41,-0.3871,busqueda_24m
1790810558,1,orb_sesion,5,"{""hora_inicio_utc"": 0.0, ""k_atr"": 1.0, ""minutos_rango"": 60}",obj50pct,reducido50,todos,long,13319,-0.58378,-6037.92,-0.43465,busqueda_24m
1790810558,1,orb_sesion,5,"{""hora_inicio_utc"": 0.0, ""k_atr"": 1.0, ""minutos_rango"": 60}",obj50pct,reducido50,todos,short,13885,-0.53874,-4670.49,-0.19514,busqueda_24m
1790810558,1,orb_sesion,5,"{""hora_inicio_utc"": 0.0, ""k_atr"": 1.0, ""minutos_rango"": 60}",obj1R,reducido50,todos,ambos,27204,-0.53667,-10131.51,-0.99121,busqueda_24m
1790810558,1,orb_sesion,5,"{""hora_inicio_utc"": 0.0, ""k_atr"": 1.0, ""minutos_rango"": 60}",obj1R,reducido50,todos,long,13885,-0.56324,-5475.7,-0.57195,busqueda_24m
1790810558,1,orb_sesion,5,"{""hora_inicio_utc"": 0.0, ""k_atr"": 1.0, ""minutos_rango"": 60}",obj1R,reducido50,todos,short,13319,-0.50897,-4655.81,-0.62156,busqueda_24m
1790810558,1,orb_sesion,5,"{""hora_inicio_utc"": 0.0, ""k_atr"": 1.0, ""minutos_rango"": 60}",obj2R,reducido50,todos,ambos,27204,-0.52303,-9703.03,-0.67403,busqueda_24m
1790810558,1,orb_sesion,5,"{""hora_inicio_utc"": 0.0, ""k_atr"": 1.0, ""minutos_rango"": 60}",obj2R,reducido50,todos,long,13885,-0.5672,-5383.56,-0.41909,busqueda_24m
1790810558,1,orb_sesion,5,"{""hora_inicio_utc"": 0.0, ""k_atr"": 1.0, ""minutos_rango"": 60}",obj2R,reducido50,todos,short,13319,-0.47698,-4319.47,-0.41494,busqueda_24m
1790810558,1,orb_sesion,5,"{""hora_inicio_utc"": 0.0, ""k_atr"": 1.0, ""minutos_rango"": 60}",obj3R,reducido50,todos,ambos,27204,-0.50718,-9409.78,-0.56805,busqueda_24m
1790810558,1,orb_sesion,5,"{""hora_inicio_utc"": 0.0, ""k_atr"": 1.0, ""minutos_rango"": 60}",obj3R,reducido50,todos,long,13885,-0.54727,-5139.3,-0.33705,busqueda_24m
1790810558,1,orb_sesion,5,"{""hora_inicio_utc"": 0.0, ""k_atr"": 1.0, ""minutos_rango"": 60}",obj3R,reducido50,todos,short,13319,-0.46538,-4270.48,-0.34933,busqueda_24m
1790810558,1,orb_sesion,5,"{""hora_inicio_utc"": 0.0, ""k_atr"": 1.0, ""minutos_rango"": 60}",trail2R,reducido50,todos,ambos,27204,-0.48603,-9052.61,-0.48799,busqueda_24m
1790810558,1,orb_sesion,5,"{""hora_inicio_utc"": 0.0, ""k_atr"": 1.0, ""minutos_rango"": 60}",trail2R,reducido50,todos,long,13885,-0.49139,-4534.73,-0.2685,busqueda_24m
1790810558,1,orb_sesion,5,"{""hora_inicio_utc"": 0.0, ""k_atr"": 1.0, ""minutos_rango"": 60}",trail2R,reducido50,todos,short,13319,-0.48044,-4517.88,-0.35987,busqueda_24m
1790810558,1,orb_sesion,5,"{""hora_inicio_utc"": 0.0, ""k_atr"": 1.0, ""minutos_rango"": 60}",trail3R,reducido50,todos,ambos,27204,-0.46882,-8883.47,-0.41436,busqueda_24m
1790810558,1,orb_sesion,5,"{""hora_inicio_utc"": 0.0, ""k_atr"": 1.0, ""minutos_rango"": 60}",trail3R,reducido50,todos,long,13885,-0.47607,-4430.69,-0.22984,busqueda_24m
1790810558,1,orb_sesion,5,"{""hora_inicio_utc"": 0.0, ""k_atr"": 1.0, ""minutos_rango"": 60}",trail3R,reducido50,todos,short,13319,-0.46126,-4452.78,-0.28918,busqueda_24m
1790810558,1,orb_sesion,5,"{""hora_inicio_utc"": 0.0, ""k_atr"": 1.0, ""minutos_rango"": 60}",obj3R_be,reducido50,todos,ambos,27204,-0.50858,-9443.44,-0.61362,busqueda_24m
1790810558,1,orb_sesion,5,"{""hora_inicio_utc"": 0.0, ""k_atr"": 1.0, ""minutos_rango"": 60}",obj3R_be,reducido50,todos,long,13885,-0.53991,-5106.14,-0.35904,busqueda_24m
1790810558,1,orb_sesion,5,"{""hora_inicio_utc"": 0.0, ""k_atr"": 1.0, ""minutos_rango"": 60}",obj3R_be,reducido50,todos,short,13319,-0.47592,-4337.3,-0.39793,busqueda_24m
1790810558,1,orb_sesion,5,"{""hora_inicio_utc"": 0.0, ""k_atr"": 1.0, ""minutos_rango"": 60}",obj5pct,reducido50,todos,ambos,27204,-0.53001,-10076.76,-1.10254,busqueda_24m
1790810558,1,orb_sesion,5,"{""hora_inicio_utc"": 0.0, ""k_atr"": 1.0, ""minutos_rango"": 60}",obj5pct,reducido50,todos,long,13885,-0.56532,-5477.11,-0.64155,busqueda_24m
1790810558,1,orb_sesion,5,"{""hora_inicio_utc"": 0.0, ""k_atr"": 1.0, ""minutos_rango"": 60}",obj5pct,reducido50,todos,short,13319,-0.49319,-4599.65,-0.61686,busqueda_24m
1790810558,1,orb_sesion,5,"{""hora_inicio_utc"": 0.0, ""k_atr"": 1.0, ""minutos_rango"": 60}",obj10pct,reducido50,todos,ambos,27204,-0.49698,-9416.36,-0.74052,busqueda_24m
1790810558,1,orb_sesion,5,"{""hora_inicio_utc"": 0.0, ""k_atr"": 1.0, ""minutos_rango"": 60}",obj10pct,reducido50,todos,long,13885,-0.54339,-5238.1,-0.45427,busqueda_24m
1790810558,1,orb_sesion,5,"{""hora_inicio_utc"": 0.0, ""k_atr"": 1.0, ""minutos_rango"": 60}",obj10pct,reducido50,todos,short,13319,-0.44861,-4178.26,-0.41955,busqueda_24m
1790810558,1,orb_sesion,5,"{""hora_inicio_utc"": 0.0, ""k_atr"": 1.0, ""minutos_rango"": 60}",obj20pct,reducido50,todos,ambos,27204,-0.47961,-9191.15,-0.53675,busqueda_24m
1790810558,1,orb_sesion,5,"{""hora_inicio_utc"": 0.0, ""k_atr"": 1.0, ""minutos_rango"": 60}",obj20pct,reducido50,todos,long,13885,-0.50743,-4952.59,-0.31565,busqueda_24m
1790810558,1,orb_sesion,5,"{""hora_inicio_utc"": 0.0, ""k_atr"": 1.0, ""minutos_rango"": 60}",obj20pct,reducido50,todos,short,13319,-0.4506,-4238.56,-0.31897,busqueda_24m
1790810558,1,orb_sesion,5,"{""hora_inicio_utc"": 0.0, ""k_atr"": 1.0, ""minutos_rango"": 60}",obj30pct,reducido50,todos,ambos,27204,-0.47323,-8912.75,-0.44939,busqueda_24m
1790810558,1,orb_sesion,5,"{""hora_inicio_utc"": 0.0, ""k_atr"": 1.0, ""minutos_rango"": 60}",obj30pct,reducido50,todos,long,13885,-0.4919,-4708.01,-0.26593,busqueda_24m
1790810558,1,orb_sesion,5,"{""hora_inicio_utc"": 0.0, ""k_atr"": 1.0, ""minutos_rango"": 60}",obj30pct,reducido50,todos,short,13319,-0.45376,-4204.74,-0.27145,busqueda_24m
1790810558,1,orb_sesion,5,"{""hora_inicio_utc"": 0.0, ""k_atr"": 1.0, ""minutos_rango"": 60}",obj50pct,reducido50,todos,ambos,27204,-0.46667,-8638.42,-0.38343,busqueda_24m
1790810558,1,orb_sesion,5,"{""hora_inicio_utc"": 0.0, ""k_atr"": 1.0, ""minutos_rango"": 60}",obj50pct,reducido50,todos,long,13885,-0.46237,-4214.64,-0.20953,busqueda_24m
1790810558,1,orb_sesion,5,"{""hora_inicio_utc"": 0.0, ""k_atr"": 1.0, ""minutos_rango"": 60}",obj50pct,reducido50,todos,short,13319,-0.47117,-4423.78,-0.26331,busqueda_24m
1790810558,1,orb_sesion,5,"{""hora_inicio_utc"": 0.0, ""k_atr"": 1.5, ""minutos_rango"": 60}",obj1R,reducido50,todos,ambos,27204,-0.3575,-10327.05,-0.59956,busqueda_24m
1790810558,1,orb_sesion,5,"{""hora_inicio_utc"": 0.0, ""k_atr"": 1.5, ""minutos_rango"": 60}",obj1R,reducido50,todos,long,13319,-0.37699,-5596.12,-0.53971,busqueda_24m
1790810558,1,orb_sesion,5,"{""hora_inicio_utc"": 0.0, ""k_atr"": 1.5, ""minutos_rango"": 60}",obj1R,reducido50,todos,short,13885,-0.33881,-4730.93,-0.34059,busqueda_24m
1790810558,1,orb_sesion,5,"{""hora_inicio_utc"": 0.0, ""k_atr"": 1.5, ""minutos_rango"": 60}",obj2R,reducido50,todos,ambos,27204,-0.35073,-9790.13,-0.37236,busqueda_24m
1790810558,1,orb_sesion,5,"{""hora_inicio_utc"": 0.0, ""k_atr"": 1.5, ""minutos_rango"": 60}",obj2R,reducido50,todos,long,13319,-0.37773,-5687.4,-0.40525,busqueda_24m
1790810558,1,orb_sesion,5,"{""hora_inicio_utc"": 0.0, ""k_atr"": 1.5, ""minutos_rango"": 60}",obj2R,reducido50,todos,short,13885,-0.32483,-4102.73,-0.18188,busqueda_24m
1790810558,1,orb_sesion,5,"{""hora_inicio_utc"": 0.0, ""k_atr"": 1.5, ""minutos_rango"": 60}",obj3R,reducido50,todos,ambos,27204,-0.35484,-10055.68,-0.31899,busqueda_24m
1790810558,1,orb_sesion,5,"{""hora_inicio_utc"": 0.0, ""k_atr"": 1.5, ""minutos_rango"": 60}",obj3R,reducido50,todos,long,13319,-0.37626,-5768.33,-0.35001,busqueda_24m
1790810558,1,orb_sesion,5,"{""hora_inicio_utc"": 0.0, ""k_atr"": 1.5, ""minutos_rango"": 60}",obj3R,reducido50,todos,short,13885,-0.33431,-4287.34,-0.1564,busqueda_24m
1790810558,1,orb_sesion,5,"{""hora_inicio_utc"": 0.0, ""k_atr"": 1.5, ""minutos_rango"": 60}",trail2R,reducido50,todos,ambos,27204,-0.35486,-10065.08,-0.32651,busqueda_24m
1790810558,1,orb_sesion,5,"{""hora_inicio_utc"": 0.0, ""k_atr"": 1.5, ""minutos_rango"": 60}",trail2R,reducido50,todos,long,13319,-0.38665,-5933.75,-0.36598,busqueda_24m
1790810558,1,orb_sesion,5,"{""hora_inicio_utc"": 0.0, ""k_atr"": 1.5, ""minutos_rango"": 60}",trail2R,reducido50,todos,short,13885,-0.32437,-4131.33,-0.15552,busqueda_24m
1790810558,1,orb_sesion,5,"{""hora_inicio_utc"": 0.0, ""k_atr"": 1.5, ""minutos_rango"": 60}",trail3R,reducido50,todos,ambos,27204,-0.37208,-10987.24,-0.31596,busqueda_24m
1790810558,1,orb_sesion,5,"{""hora_inicio_utc"": 0.0, ""k_atr"": 1.5, ""minutos_rango"": 60}",trail3R,reducido50,todos,long,13319,-0.39737,-6130.17,-0.32456,busqueda_24m
1790810558,1,orb_sesion,5,"{""hora_inicio_utc"": 0.0, ""k_atr"": 1.5, ""minutos_rango"": 60}",trail3R,reducido50,todos,short,13885,-0.34783,-4857.07,-0.16315,busqueda_24m
1790810558,1,orb_sesion,5,"{""hora_inicio_utc"": 0.0, ""k_atr"": 1.5, ""minutos_rango"": 60}",obj3R_be,reducido50,todos,ambos,27204,-0.3465,-9743.44,-0.33555,busqueda_24m
1790810558,1,orb_sesion,5,"{""hora_inicio_utc"": 0.0, ""k_atr"": 1.5, ""minutos_rango"": 60}",obj3R_be,reducido50,todos,long,13319,-0.37954,-5803.8,-0.40028,busqueda_24m
1790810558,1,orb_sesion,5,"{""hora_inicio_utc"": 0.0, ""k_atr"": 1.5, ""minutos_rango"": 60}",obj3R_be,reducido50,todos,short,13885,-0.31482,-3939.64,-0.1541,busqueda_24m
1790810558,1,orb_sesion,5,"{""hora_inicio_utc"": 0.0, ""k_atr"": 1.5, ""minutos_rango"": 60}",obj5pct,reducido50,todos,ambos,27204,-0.35393,-10168.99,-0.83738,busqueda_24m
1790810558,1,orb_sesion,5,"{""hora_inicio_utc"": 0.0, ""k_atr"": 1.5, ""minutos_rango"": 60}",obj5pct,reducido50,todos,long,13319,-0.37084,-5298.49,-0.63451,busqueda_24m
1790810558,1,orb_sesion,5,"{""hora_inicio_utc"": 0.0, ""k_atr"": 1.5, ""minutos_rango"": 60}",obj5pct,reducido50,todos,short,13885,-0.3377,-4870.5,-0.54729,busqueda_24m
1790810558,1,orb_sesion,5,"{""hora_inicio_utc"": 0.0, ""k_atr"": 1.5, ""minutos_rango"": 60}",obj10pct,reducido50,todos,ambos,27204,-0.35184,-10135.43,-0.55658,busqueda_24m
1790810558,1,orb_sesion,5,"{""hora_inicio_utc"": 0.0, ""k_atr"": 1.5, ""minutos_rango"": 60}",obj10pct,reducido50,todos,long,13319,-0.36255,-5233.96,-0.43812,busqueda_24m
1790810558,1,orb_sesion,5,"{""hora_inicio_utc"": 0.0, ""k_atr"": 1.5, ""minutos_rango"": 60}",obj10pct,reducido50,todos,short,13885,-0.34156,-4901.47,-0.35362,busqueda_24m
1790810558,1,orb_sesion,5,"{""hora_inicio_utc"": 0.0, ""k_atr"": 1.5, ""minutos_rango"": 60}",obj20pct,reducido50,todos,ambos,27204,-0.36425,-10358.14,-0.40167,busqueda_24m
1790810558,1,orb_sesion,5,"{""hora_inicio_utc"": 0.0, ""k_atr"": 1.5, ""minutos_rango"": 60}",obj20pct,reducido50,todos,long,13319,-0.37404,-5555.25,-0.35756,busqueda_24m
1790810558,1,orb_sesion,5,"{""hora_inicio_utc"": 0.0, ""k_atr"": 1.5, ""minutos_rango"": 60}",obj20pct,reducido50,todos,short,13885,-0.35486,-4802.89,-0.22987,busqueda_24m
1790810558,1,orb_sesion,5,"{""hora_inicio_utc"": 0.0, ""k_atr"": 1.5, ""minutos_rango"": 60}",obj30pct,reducido50,todos,ambos,27204,-0.36184,-10280.75,-0.33361,busqueda_24m
1790810558,1,orb_sesion,5,"{""hora_inicio_utc"": 0.0, ""k_atr"": 1.5, ""minutos_rango"": 60}",obj30pct,reducido50,todos,long,13319,-0.37564,-5669.75,-0.3302,busqueda_24m
1790810558,1,orb_sesion,5,"{""hora_inicio_utc"": 0.0, ""k_atr"": 1.5, ""minutos_rango"": 60}",obj30pct,reducido50,todos,short,13885,-0.34861,-4611.01,-0.17876,busqueda_24m
1790810558,1,orb_sesion,5,"{""hora_inicio_utc"": 0.0, ""k_atr"": 1.5, ""minutos_rango"": 60}",obj50pct,reducido50,todos,ambos,27204,-0.38085,-11081.57,-0.3133,busqueda_24m
1790810558,1,orb_sesion,5,"{""hora_inicio_utc"": 0.0, ""k_atr"": 1.5, ""minutos_rango"": 60}",obj50pct,reducido50,todos,long,13319,-0.39718,-6214.75,-0.33691,busqueda_24m
1790810558,1,orb_sesion,5,"{""hora_inicio_utc"": 0.0, ""k_atr"": 1.5, ""minutos_rango"": 60}",obj50pct,reducido50,todos,short,13885,-0.36518,-4866.82,-0.15884,busqueda_24m
1790810558,1,orb_sesion,5,"{""hora_inicio_utc"": 0.0, ""k_atr"": 1.5, ""minutos_rango"": 60}",obj1R,reducido50,todos,ambos,27204,-0.3526,-9822.18,-0.58603,busqueda_24m
1790810558,1,orb_sesion,5,"{""hora_inicio_utc"": 0.0, ""k_atr"": 1.5, ""minutos_rango"": 60}",obj1R,reducido50,todos,long,13885,-0.38547,-5670.93,-0.37454,busqueda_24m
1790810558,1,orb_sesion,5,"{""hora_inicio_utc"": 0.0, ""k_atr"": 1.5, ""minutos_rango"": 60}",obj1R,reducido50,todos,short,13319,-0.31833,-4151.24,-0.36488,busqueda_24m
1790810558,1,orb_sesion,5,"{""hora_inicio_utc"": 0.0, ""k_atr"": 1.5, ""minutos_rango"": 60}",obj2R,reducido50,todos,ambos,27204,-0.34356,-9664.32,-0.44458,busqueda_24m
1790810558,1,orb_sesion,5,"{""hora_inicio_utc"": 0.0, ""k_atr"": 1.5, ""minutos_rango"": 60}",obj2R,reducido50,todos,long,13885,-0.37975,-5486.84,-0.27883,busqueda_24m
1790810558,1,orb_sesion,5,"{""hora_inicio_utc"": 0.0, ""k_atr"": 1.5, ""minutos_rango"": 60}",obj2R,reducido50,todos,short,13319,-0.30584,-4177.48,-0.26493,busqueda_24m
1790810558,1,orb_sesion,5,"{""hora_inicio_utc"": 0.0, ""k_atr"": 1.5, ""minutos_rango"": 60}",obj3R,reducido50,todos,ambos,27204,-0.32592,-9284.88,-0.37112,busqueda_24m
1790810558,1,orb_sesion,5,"{""hora_inicio_utc"": 0.0, ""k_atr"": 1.5, ""minutos_rango"": 60}",obj3R,reducido50,todos,long,13885,-0.35101,-5104.45,-0.22626,busqueda_24m
1790810558,1,orb_sesion,5,"{""hora_inicio_utc"": 0.0, ""k_atr"": 1.5, ""minutos_rango"": 60}",obj3R,reducido50,todos,short,13319,-0.29977,-4180.42,-0.22087,busqueda_24m
1790810558,1,orb_sesion,5,"{""hora_inicio_utc"": 0.0, ""k_atr"": 1.5, ""minutos_rango"": 60}",trail2R,reducido50,todos,ambos,27204,-0.30872,-8822.07,-0.33917,busqueda_24m
1790810558,1,orb_sesion,5,"{""hora_inicio_utc"": 0.0, ""k_atr"": 1.5, ""minutos_rango"": 60}",trail2R,reducido50,todos,long,13885,-0.3214,-4559.15,-0.19669,busqueda_24m
1790810558,1,orb_sesion,5,"{""hora_inicio_utc"": 0.0, ""k_atr"": 1.5, ""minutos_rango"": 60}",trail2R,reducido50,todos,short,13319,-0.29549,-4262.92,-0.22361,busqueda_24m
1790810558,1,orb_sesion,5,"{""hora_inicio_utc"": 0.0, ""k_atr"": 1.5, ""minutos_rango"": 60}",trail3R,reducido50,todos,ambos,27204,-0.30933,-8683.99,-0.30942,busqueda_24m
1790810558,1,orb_sesion,5,"{""hora_inicio_utc"": 0.0, ""k_atr"": 1.5, ""minutos_rango"": 60}",trail3R,reducido50,todos,long,13885,-0.31323,-4327.01,-0.16874,busqueda_24m
1790810558,1,orb_sesion,5,"{""hora_inicio_utc"": 0.0, ""k_atr"": 1.5, ""minutos_rango"": 60}",trail3R,reducido50,todos,short,13319,-0.30526,-4356.99,-0.20905,busqueda_24m
1790810558,1,orb_sesion,5,"{""hora_inicio_utc"": 0.0, ""k_atr"": 1.5, ""minutos_rango"": 60}",obj3R_be,reducido50,todos,ambos,27204,-0.32564,-9238.53,-0.39244,busqueda_24m
1790810558,1,orb_sesion,5,"{""hora_inicio_utc"": 0.0, ""k_atr"": 1.5, ""minutos_rango"": 60}",obj3R_be,reducido50,todos,long,13885,-0.34439,-4979.25,-0.23512,busqueda_24m
1790810558,1,orb_sesion,5,"{""hora_inicio_utc"": 0.0, ""k_atr"": 1.5, ""minutos_rango"": 60}",obj3R_be,reducido50,todos,short,13319,-0.3061,-4259.28,-0.24645,busqueda_24m
1790810558,1,orb_sesion,5,"{""hora_inicio_utc"": 0.0, ""k_atr"": 1.5, ""minutos_rango"": 60}",obj5pct,reducido50,todos,ambos,27204,-0.3532,-10079.37,-0.81926,busqueda_24m
1790810558,1,orb_sesion,5,"{""hora_inicio_utc"": 0.0, ""k_atr"": 1.5, ""minutos_rango"": 60}",obj5pct,reducido50,todos,long,13885,-0.38273,-5586.65,-0.5019,busqueda_24m
1790810558,1,orb_sesion,5,"{""hora_inicio_utc"": 0.0, ""k_atr"": 1.5, ""minutos_rango"": 60}",obj5pct,reducido50,todos,short,13319,-0.32242,-4492.72,-0.49067,busqueda_24m
1790810558,1,orb_sesion,5,"{""hora_inicio_utc"": 0.0, ""k_atr"": 1.5, ""minutos_rango"": 60}",obj10pct,reducido50,todos,ambos,27204,-0.33238,-9412.8,-0.55714,busqueda_24m
1790810558,1,orb_sesion,5,"{""hora_inicio_utc"": 0.0, ""k_atr"": 1.5, ""minutos_rango"": 60}",obj10pct,reducido50,todos,long,13885,-0.37188,-5398.55,-0.35906,busqueda_24m
1790810558,1,orb_sesion,5,"{""hora_inicio_utc"": 0.0, ""k_atr"": 1.5, ""minutos_rango"": 60}",obj10pct,reducido50,todos,short,13319,-0.2912,-4014.24,-0.3174,busqueda_24m
1790810558,1,orb_sesion,5,"{""hora_inicio_utc"": 0.0, ""k_atr"": 1.5, ""minutos_rango"": 60}",obj20pct,reducido50,todos,ambos,27204,-0.32441,-9387.27,-0.42116,busqueda_24m
1790810558,1,orb_sesion,5,"{""hora_inicio_utc"": 0.0, ""k_atr"": 1.5, ""minutos_rango"": 60}",obj20pct,reducido50,todos,long,13885,-0.354,-5294.46,-0.26132,busqueda_24m
1790810558,1,orb_sesion,5,"{""hora_inicio_utc"": 0.0, ""k_atr"": 1.5, ""minutos_rango"": 60}",obj20pct,reducido50,todos,short,13319,-0.29356,-4092.81,-0.24028,busqueda_24m
1790810558,1,orb_sesion,5,"{""hora_inicio_utc"": 0.0, ""k_atr"": 1.5, ""minutos_rango"": 60}",obj30pct,reducido50,todos,ambos,27204,-0.31868,-9070.72,-0.35844,busqueda_24m
1790810558,1,orb_sesion,5,"{""hora_inicio_utc"": 0.0, ""k_atr"": 1.5, ""minutos_rango"": 60}",obj30pct,reducido50,todos,long,13885,-0.34056,-4992.36,-0.21934,busqueda_24m
1790810558,1,orb_sesion,5,"{""hora_inicio_utc"": 0.0, ""k_atr"": 1.5, ""minutos_rango"": 60}",obj30pct,reducido50,todos,short,13319,-0.29587,-4078.36,-0.20573,busqueda_24m
1790810558,1,orb_sesion,5,"{""hora_inicio_utc"": 0.0, ""k_atr"": 1.5, ""minutos_rango"": 60}",obj50pct,reducido50,todos,ambos,27204,-0.31025,-8622.43,-0.3036,busqueda_24m
1790810558,1,orb_sesion,5,"{""hora_inicio_utc"": 0.0, ""k_atr"": 1.5, ""minutos_rango"": 60}",obj50pct,reducido50,todos,long,13885,-0.31545,-4405.91,-0.1734,busqueda_24m
1790810558,1,orb_sesion,5,"{""hora_inicio_utc"": 0.0, ""k_atr"": 1.5, ""minutos_rango"": 60}",obj50pct,reducido50,todos,short,13319,-0.30482,-4216.52,-0.19539,busqueda_24m
1790810558,1,orb_sesion,5,"{""hora_inicio_utc"": 7.0, ""k_atr"": 1.0, ""minutos_rango"": 60}",obj1R,reducido50,todos,ambos,27225,-0.56204,-9745.89,-1.12608,busqueda_24m
1790810558,1,orb_sesion,5,"{""hora_inicio_utc"": 7.0, ""k_atr"": 1.0, ""minutos_rango"": 60}",obj1R,reducido50,todos,long,13238,-0.59346,-4893.52,-0.87879,busqueda_24m
1790810558,1,orb_sesion,5,"{""hora_inicio_utc"": 7.0, ""k_atr"": 1.0, ""minutos_rango"": 60}",obj1R,reducido50,todos,short,13987,-0.5323,-4852.38,-0.73973,busqueda_24m
1790810558,1,orb_sesion,5,"{""hora_inicio_utc"": 7.0, ""k_atr"": 1.0, ""minutos_rango"": 60}",obj2R,reducido50,todos,ambos,27225,-0.56339,-10018.52,-0.77892,busqueda_24m
1790810558,1,orb_sesion,5,"{""hora_inicio_utc"": 7.0, ""k_atr"": 1.0, ""minutos_rango"": 60}",obj2R,reducido50,todos,long,13238,-0.60411,-5084.61,-0.67186,busqueda_24m
1790810558,1,orb_sesion,5,"{""hora_inicio_utc"": 7.0, ""k_atr"": 1.0, ""minutos_rango"": 60}",obj2R,reducido50,todos,short,13987,-0.52486,-4933.91,-0.4925,busqueda_24m
1790810558,1,orb_sesion,5,"{""hora_inicio_utc"": 7.0, ""k_atr"": 1.0, ""minutos_rango"": 60}",obj3R,reducido50,todos,ambos,27225,-0.56379,-10051.39,-0.62152,busqueda_24m
1790810558,1,orb_sesion,5,"{""hora_inicio_utc"": 7.0, ""k_atr"": 1.0, ""minutos_rango"": 60}",obj3R,reducido50,todos,long,13238,-0.61323,-5123.14,-0.54983,busqueda_24m
1790810558,1,orb_sesion,5,"{""hora_inicio_utc"": 7.0, ""k_atr"": 1.0, ""minutos_rango"": 60}",obj3R,reducido50,todos,short,13987,-0.517,-4928.25,-0.3877,busqueda_24m
1790810558,1,orb_sesion,5,"{""hora_inicio_utc"": 7.0, ""k_atr"": 1.0, ""minutos_rango"": 60}",trail2R,reducido50,todos,ambos,27225,-0.57608,-10597.23,-0.67955,busqueda_24m
1790810558,1,orb_sesion,5,"{""hora_inicio_utc"": 7.0, ""k_atr"": 1.0, ""minutos_rango"": 60}",trail2R,reducido50,todos,long,13238,-0.59786,-5147.63,-0.56441,busqueda_24m
1790810558,1,orb_sesion,5,"{""hora_inicio_utc"": 7.0, ""k_atr"": 1.0, ""minutos_rango"": 60}",trail2R,reducido50,todos,short,13987,-0.55547,-5449.59,-0.44528,busqueda_24m
1790810558,1,orb_sesion,5,"{""hora_inicio_utc"": 7.0, ""k_atr"": 1.0, ""minutos_rango"": 60}",trail3R,reducido50,todos,ambos,27225,-0.58332,-10561.64,-0.53297,busqueda_24m
1790810558,1,orb_sesion,5,"{""hora_inicio_utc"": 7.0, ""k_atr"": 1.0, ""minutos_rango"": 60}",trail3R,reducido50,todos,long,13238,-0.61742,-5295.65,-0.47863,busqueda_24m
1790810558,1,orb_sesion,5,"{""hora_inicio_utc"": 7.0, ""k_atr"": 1.0, ""minutos_rango"": 60}",trail3R,reducido50,todos,short,13987,-0.55105,-5266.0,-0.33149,busqueda_24m
1790810558,1,orb_sesion,5,"{""hora_inicio_utc"": 7.0, ""k_atr"": 1.0, ""minutos_rango"": 60}",obj3R_be,reducido50,todos,ambos,27225,-0.56051,-10000.61,-0.70554,busqueda_24m
1790810558,1,orb_sesion,5,"{""hora_inicio_utc"": 7.0, ""k_atr"": 1.0, ""minutos_rango"": 60}",obj3R_be,reducido50,todos,long,13238,-0.59649,-5005.01,-0.61695,busqueda_24m
1790810558,1,orb_sesion,5,"{""hora_inicio_utc"": 7.0, ""k_atr"": 1.0, ""minutos_rango"": 60}",obj3R_be,reducido50,todos,short,13987,-0.52645,-4995.6,-0.44629,busqueda_24m
1790810558,1,orb_sesion,5,"{""hora_inicio_utc"": 7.0, ""k_atr"": 1.0, ""minutos_rango"": 60}",obj5pct,reducido50,todos,ambos,27225,-0.55284,-9657.32,-1.12567,busqueda_24m
1790810558,1,orb_sesion,5,"{""hora_inicio_utc"": 7.0, ""k_atr"": 1.0, ""minutos_rango"": 60}",obj5pct,reducido50,todos,long,13238,-0.59192,-4958.12,-0.895,busqueda_24m
1790810558,1,orb_sesion,5,"{""hora_inicio_utc"": 7.0, ""k_atr"": 1.0, ""minutos_rango"": 60}",obj5pct,reducido50,todos,short,13987,-0.51585,-4699.2,-0.72627,busqueda_24m
1790810558,1,orb_sesion,5,"{""hora_inicio_utc"": 7.0, ""k_atr"": 1.0, ""minutos_rango"": 60}",obj10pct,reducido50,todos,ambos,27225,-0.53974,-9706.54,-0.74464,busqueda_24m
1790810558,1,orb_sesion,5,"{""hora_inicio_utc"": 7.0, ""k_atr"": 1.0, ""minutos_rango"": 60}",obj10pct,reducido50,todos,long,13238,-0.60024,-5099.62,-0.65509,busqueda_24m
1790810558,1,orb_sesion,5,"{""hora_inicio_utc"": 7.0, ""k_atr"": 1.0, ""minutos_rango"": 60}",obj10pct,reducido50,todos,short,13987,-0.48248,-4606.92,-0.45181,busqueda_24m
1790810558,1,orb_sesion,5,"{""hora_inicio_utc"": 7.0, ""k_atr"": 1.0, ""minutos_rango"": 60}",obj20pct,reducido50,todos,ambos,27225,-0.56433,-10285.63,-0.57624,busqueda_24m
1790810558,1,orb_sesion,5,"{""hora_inicio_utc"": 7.0, ""k_atr"": 1.0, ""minutos_rango"": 60}",obj20pct,reducido50,todos,long,13238,-0.62091,-5387.2,-0.51232,busqueda_24m
1790810558,1,orb_sesion,5,"{""hora_inicio_utc"": 7.0, ""k_atr"": 1.0, ""minutos_rango"": 60}",obj20pct,reducido50,todos,short,13987,-0.51078,-4898.43,-0.33984,busqueda_24m
1790810558,1,orb_sesion,5,"{""hora_inicio_utc"": 7.0, ""k_atr"": 1.0, ""minutos_rango"": 60}",obj30pct,reducido50,todos,ambos,27225,-0.57548,-10398.74,-0.50497,busqueda_24m
1790810558,1,orb_sesion,5,"{""hora_inicio_utc"": 7.0, ""k_atr"": 1.0, ""minutos_rango"": 60}",obj30pct,reducido50,todos,long,13238,-0.6383,-5464.8,-0.47585,busqueda_24m
1790810558,1,orb_sesion,5,"{""hora_inicio_utc"": 7.0, ""k_atr"": 1.0, ""minutos_rango"": 60}",obj30pct,reducido50,todos,short,13987,-0.51602,-4933.94,-0.28817,busqueda_24m
1790810558,1,orb_sesion,5,"{""hora_inicio_utc"": 7.0, ""k_atr"": 1.0, ""minutos_rango"": 60}",obj50pct,reducido50,todos,ambos,27225,-0.58212,-10532.0,-0.4439,busqueda_24m
1790810558,1,orb_sesion,5,"{""hora_inicio_utc"": 7.0, ""k_atr"": 1.0, ""minutos_rango"": 60}",obj50pct,reducido50,todos,long,13238,-0.64827,-5662.69,-0.46522,busqueda_24m
1790810558,1,orb_sesion,5,"{""hora_inicio_utc"": 7.0, ""k_atr"": 1.0, ""minutos_rango"": 60}",obj50pct,reducido50,todos,short,13987,-0.51952,-4869.32,-0.24017,busqueda_24m
1790810558,1,orb_sesion,5,"{""hora_inicio_utc"": 7.0, ""k_atr"": 1.0, ""minutos_rango"": 60}",obj1R,reducido50,todos,ambos,27225,-0.58617,-10058.46,-1.21604,busqueda_24m
1790810558,1,orb_sesion,5,"{""hora_inicio_utc"": 7.0, ""k_atr"": 1.0, ""minutos_rango"": 60}",obj1R,reducido50,todos,long,13987,-0.59802,-5286.02,-0.68271,busqueda_24m
1790810558,1,orb_sesion,5,"{""hora_inicio_utc"": 7.0, ""k_atr"": 1.0, ""minutos_rango"": 60}",obj1R,reducido50,todos,short,13238,-0.57365,-4772.45,-0.74279,busqueda_24m
1790810558,1,orb_sesion,5,"{""hora_inicio_utc"": 7.0, ""k_atr"": 1.0, ""minutos_rango"": 60}",obj2R,reducido50,todos,ambos,27225,-0.57466,-9810.47,-0.88941,busqueda_24m
1790810558,1,orb_sesion,5,"{""hora_inicio_utc"": 7.0, ""k_atr"": 1.0, ""minutos_rango"": 60}",obj2R,reducido50,todos,long,13987,-0.60671,-5399.47,-0.54885,busqueda_24m
1790810558,1,orb_sesion,5,"{""hora_inicio_utc"": 7.0, ""k_atr"": 1.0, ""minutos_rango"": 60}",obj2R,reducido50,todos,short,13238,-0.5408,-4411.0,-0.51735,busqueda_24m
1790810558,1,orb_sesion,5,"{""hora_inicio_utc"": 7.0, ""k_atr"": 1.0, ""minutos_rango"": 60}",obj3R,reducido50,todos,ambos,27225,-0.57822,-10092.12,-0.77407,busqueda_24m
1790810558,1,orb_sesion,5,"{""hora_inicio_utc"": 7.0, ""k_atr"": 1.0, ""minutos_rango"": 60}",obj3R,reducido50,todos,long,13987,-0.62148,-5596.05,-0.47745,busqueda_24m
1790810558,1,orb_sesion,5,"{""hora_inicio_utc"": 7.0, ""k_atr"": 1.0, ""minutos_rango"": 60}",obj3R,reducido50,todos,short,13238,-0.53251,-4496.06,-0.43199,busqueda_24m
1790810558,1,orb_sesion,5,"{""hora_inicio_utc"": 7.0, ""k_atr"": 1.0, ""minutos_rango"": 60}",trail2R,reducido50,todos,ambos,27225,-0.57061,-9944.99,-0.79526,busqueda_24m
1790810558,1,orb_sesion,5,"{""hora_inicio_utc"": 7.0, ""k_atr"": 1.0, ""minutos_rango"": 60}",trail2R,reducido50,todos,long,13987,-0.60578,-5535.07,-0.49134,busqueda_24m
1790810558,1,orb_sesion,5,"{""hora_inicio_utc"": 7.0, ""k_atr"": 1.0, ""minutos_rango"": 60}",trail2R,reducido50,todos,short,13238,-0.53344,-4409.92,-0.44346,busqueda_24m
1790810558,1,orb_sesion,5,"{""hora_inicio_utc"": 7.0, ""k_atr"": 1.0, ""minutos_rango"": 60}",trail3R,reducido50,todos,ambos,27225,-0.58537,-10315.39,-0.6771,busqueda_24m
1790810558,1,orb_sesion,5,"{""hora_inicio_utc"": 7.0, ""k_atr"": 1.0, ""minutos_rango"": 60}",trail3R,reducido50,todos,long,13987,-0.63835,-5850.07,-0.42147,busqueda_24m
1790810558,1,orb_sesion,5,"{""hora_inicio_utc"": 7.0, ""k_atr"": 1.0, ""minutos_rango"": 60}",trail3R,reducido50,todos,short,13238,-0.5294,-4465.32,-0.37082,busqueda_24m
1790810558,1,orb_sesion,5,"{""hora_inicio_utc"": 7.0, ""k_atr"": 1.0, ""minutos_rango"": 60}",obj3R_be,reducido50,todos,ambos,27225,-0.57242,-9822.2,-0.82636,busqueda_24m
1790810558,1,orb_sesion,5,"{""hora_inicio_utc"": 7.0, ""k_atr"": 1.0, ""minutos_rango"": 60}",obj3R_be,reducido50,todos,long,13987,-0.59379,-5203.02,-0.48666,busqueda_24m
1790810558,1,orb_sesion,5,"{""hora_inicio_utc"": 7.0, ""k_atr"": 1.0, ""minutos_rango"": 60}",obj3R_be,reducido50,todos,short,13238,-0.54985,-4619.19,-0.50108,busqueda_24m
1790810558,1,orb_sesion,5,"{""hora_inicio_utc"": 7.0, ""k_atr"": 1.0, ""minutos_rango"": 60}",obj5pct,reducido50,todos,ambos,27225,-0.57164,-9903.78,-1.25305,busqueda_24m
1790810558,1,orb_sesion,5,"{""hora_inicio_utc"": 7.0, ""k_atr"": 1.0, ""minutos_rango"": 60}",obj5pct,reducido50,todos,long,13987,-0.6038,-5396.81,-0.70722,busqueda_24m
1790810558,1,orb_sesion,5,"{""hora_inicio_utc"": 7.0, ""k_atr"": 1.0, ""minutos_rango"": 60}",obj5pct,reducido50,todos,short,13238,-0.53766,-4506.97,-0.71422,busqueda_24m
1790810558,1,orb_sesion,5,"{""hora_inicio_utc"": 7.0, ""k_atr"": 1.0, ""minutos_rango"": 60}",obj10pct,reducido50,todos,ambos,27225,-0.57975,-10032.13,-0.96024,busqueda_24m
1790810558,1,orb_sesion,5,"{""hora_inicio_utc"": 7.0, ""k_atr"": 1.0, ""minutos_rango"": 60}",obj10pct,reducido50,todos,long,13987,-0.62381,-5554.68,-0.57035,busqueda_24m
1790810558,1,orb_sesion,5,"{""hora_inicio_utc"": 7.0, ""k_atr"": 1.0, ""minutos_rango"": 60}",obj10pct,reducido50,todos,short,13238,-0.5332,-4477.46,-0.51682,busqueda_24m
1790810558,1,orb_sesion,5,"{""hora_inicio_utc"": 7.0, ""k_atr"": 1.0, ""minutos_rango"": 60}",obj20pct,reducido50,todos,ambos,27225,-0.57968,-9992.86,-0.75583,busqueda_24m
1790810558,1,orb_sesion,5,"{""hora_inicio_utc"": 7.0, ""k_atr"": 1.0, ""minutos_rango"": 60}",obj20pct,reducido50,todos,long,13987,-0.64647,-5811.3,-0.48461,busqueda_24m
1790810558,1,orb_sesion,5,"{""hora_inicio_utc"": 7.0, ""k_atr"": 1.0, ""minutos_rango"": 60}",obj20pct,reducido50,todos,short,13238,-0.50912,-4181.56,-0.36575,busqueda_24m
1790810558,1,orb_sesion,5,"{""hora_inicio_utc"": 7.0, ""k_atr"": 1.0, ""minutos_rango"": 60}",obj30pct,reducido50,todos,ambos,27225,-0.58588,-10115.13,-0.69803,busqueda_24m
1790810558,1,orb_sesion,5,"{""hora_inicio_utc"": 7.0, ""k_atr"": 1.0, ""minutos_rango"": 60}",obj30pct,reducido50,todos,long,13987,-0.65451,-5826.83,-0.44644,busqueda_24m
1790810558,1,orb_sesion,5,"{""hora_inicio_utc"": 7.0, ""k_atr"": 1.0, ""minutos_rango"": 60}",obj30pct,reducido50,todos,short,13238,-0.51336,-4288.3,-0.33771,busqueda_24m
1790810558,1,orb_sesion,5,"{""hora_inicio_utc"": 7.0, ""k_atr"": 1.0, ""minutos_rango"": 60}",obj50pct,reducido50,todos,ambos,27225,-0.59208,-10265.71,-0.63194,busqueda_24m
1790810558,1,orb_sesion,5,"{""hora_inicio_utc"": 7.0, ""k_atr"": 1.0, ""minutos_rango"": 60}",obj50pct,reducido50,todos,long,13987,-0.65801,-5908.39,-0.40387,busqueda_24m
1790810558,1,orb_sesion,5,"{""hora_inicio_utc"": 7.0, ""k_atr"": 1.0, ""minutos_rango"": 60}",obj50pct,reducido50,todos,short,13238,-0.52242,-4357.32,-0.32467,busqueda_24m
1790810558,1,orb_sesion,5,"{""hora_inicio_utc"": 7.0, ""k_atr"": 1.5, ""minutos_rango"": 60}",obj1R,reducido50,todos,ambos,27225,-0.38254,-10007.26,-0.74499,busqueda_24m
1790810558,1,orb_sesion,5,"{""hora_inicio_utc"": 7.0, ""k_atr"": 1.5, ""minutos_rango"": 60}",obj1R,reducido50,todos,long,13238,-0.41898,-5231.93,-0.64853,busqueda_24m
1790810558,1,orb_sesion,5,"{""hora_inicio_utc"": 7.0, ""k_atr"": 1.5, ""minutos_rango"": 60}",obj1R,reducido50,todos,short,13987,-0.34806,-4775.33,-0.45586,busqueda_24m
1790810558,1,orb_sesion,5,"{""hora_inicio_utc"": 7.0, ""k_atr"": 1.5, ""minutos_rango"": 60}",obj2R,reducido50,todos,ambos,27225,-0.37977,-10164.15,-0.49765,busqueda_24m
1790810558,1,orb_sesion,5,"{""hora_inicio_utc"": 7.0, ""k_atr"": 1.5, ""minutos_rango"": 60}",obj2R,reducido50,todos,long,13238,-0.42651,-5410.01,-0.45998,busqueda_24m
1790810558,1,orb_sesion,5,"{""hora_inicio_utc"": 7.0, ""k_atr"": 1.5, ""minutos_rango"": 60}",obj2R,reducido50,todos,short,13987,-0.33554,-4754.14,-0.29583,busqueda_24m
1790810558,1,orb_sesion,5,"{""hora_inicio_utc"": 7.0, ""k_atr"": 1.5, ""minutos_rango"": 60}",obj3R,reducido50,todos,ambos,27225,-0.37891,-10349.92,-0.41947,busqueda_24m
1790810558,1,orb_sesion,5,"{""hora_inicio_utc"": 7.0, ""k_atr"": 1.5, ""minutos_rango"": 60}",obj3R,reducido50,todos,long,13238,-0.42897,-5622.55,-0.41458,busqueda_24m
1790810558,1,orb_sesion,5,"{""hora_inicio_utc"": 7.0, ""k_atr"": 1.5, ""minutos_rango"": 60}",obj3R,reducido50,todos,short,13987,-0.33153,-4727.37,-0.23522,busqueda_24m
1790810558,1,orb_sesion,5,"{""hora_inicio_utc"": 7.0, ""k_atr"": 1.5, ""minutos_rango"": 60}",trail2R,reducido50,todos,ambos,27225,-0.40155,-11130.5,-0.4638,busqueda_24m
1790810558,1,orb_sesion,5,"{""hora_inicio_utc"": 7.0, ""k_atr"": 1.5, ""minutos_rango"": 60}",trail2R,reducido50,todos,long,13238,-0.43038,-5699.9,-0.41641,busqueda_24m
1790810558,1,orb_sesion,5,"{""hora_inicio_utc"": 7.0, ""k_atr"": 1.5, ""minutos_rango"": 60}",trail2R,reducido50,todos,short,13987,-0.37426,-5430.6,-0.28421,busqueda_24m
1790810558,1,orb_sesion,5,"{""hora_inicio_utc"": 7.0, ""k_atr"": 1.5, ""minutos_rango"": 60}",trail3R,reducido50,todos,ambos,27225,-0.40476,-11022.78,-0.36086,busqueda_24m
1790810558,1,orb_sesion,5,"{""hora_inicio_utc"": 7.0, ""k_atr"": 1.5, ""minutos_rango"": 60}",trail3R,reducido50,todos,long,13238,-0.45089,-5988.78,-0.37986,busqueda_24m
1790810558,1,orb_sesion,5,"{""hora_inicio_utc"": 7.0, ""k_atr"": 1.5, ""minutos_rango"": 60}",trail3R,reducido50,todos,short,13987,-0.3611,-5034.0,-0.19499,busqueda_24m
1790810558,1,orb_sesion,5,"{""hora_inicio_utc"": 7.0, ""k_atr"": 1.5, ""minutos_rango"": 60}",obj3R_be,reducido50,todos,ambos,27225,-0.38761,-10592.61,-0.48328,busqueda_24m
1790810558,1,orb_sesion,5,"{""hora_inicio_utc"": 7.0, ""k_atr"": 1.5, ""minutos_rango"": 60}",obj3R_be,reducido50,todos,long,13238,-0.42515,-5567.41,-0.45654,busqueda_24m
1790810558,1,orb_sesion,5,"{""hora_inicio_utc"": 7.0, ""k_atr"": 1.5, ""minutos_rango"": 60}",obj3R_be,reducido50,todos,short,13987,-0.35208,-5025.21,-0.28551,busqueda_24m
1790810558,1,orb_sesion,5,"{""hora_inicio_utc"": 7.0, ""k_atr"": 1.5, ""minutos_rango"": 60}",obj5pct,reducido50,todos,ambos,27225,-0.37309,-9739.86,-0.90966,busqueda_24m
1790810558,1,orb_sesion,5,"{""hora_inicio_utc"": 7.0, ""k_atr"": 1.5, ""minutos_rango"": 60}",obj5pct,reducido50,todos,long,13238,-0.40877,-5095.29,-0.76571,busqueda_24m
1790810558,1,orb_sesion,5,"{""hora_inicio_utc"": 7.0, ""k_atr"": 1.5, ""minutos_rango"": 60}",obj5pct,reducido50,todos,short,13987,-0.33932,-4644.57,-0.57024,busqueda_24m
1790810558,1,orb_sesion,5,"{""hora_inicio_utc"": 7.0, ""k_atr"": 1.5, ""minutos_rango"": 60}",obj10pct,reducido50,todos,ambos,27225,-0.3604,-9706.79,-0.58888,busqueda_24m
1790810558,1,orb_sesion,5,"{""hora_inicio_utc"": 7.0, ""k_atr"": 1.5, ""minutos_rango"": 60}",obj10pct,reducido50,todos,long,13238,-0.40972,-5228.42,-0.53113,busqueda_24m
1790810558,1,orb_sesion,5,"{""hora_inicio_utc"": 7.0, ""k_atr"": 1.5, ""minutos_rango"": 60}",obj10pct,reducido50,todos,short,13987,-0.31371,-4478.37,-0.34734,busqueda_24m
1790810558,1,orb_sesion,5,"{""hora_inicio_utc"": 7.0, ""k_atr"": 1.5, ""minutos_rango"": 60}",obj20pct,reducido50,todos,ambos,27225,-0.37703,-10313.52,-0.44591,busqueda_24m
1790810558,1,orb_sesion,5,"{""hora_inicio_utc"": 7.0, ""k_atr"": 1.5, ""minutos_rango"": 60}",obj20pct,reducido50,todos,long,13238,-0.42629,-5582.89,-0.40231,busqueda_24m
1790810558,1,orb_sesion,5,"{""hora_inicio_utc"": 7.0, ""k_atr"": 1.5, ""minutos_rango"": 60}",obj20pct,reducido50,todos,short,13987,-0.33041,-4730.63,-0.25609,busqueda_24m
1790810558,1,orb_sesion,5,"{""hora_inicio_utc"": 7.0, ""k_atr"": 1.5, ""minutos_rango"": 60}",obj30pct,reducido50,todos,ambos,27225,-0.3911,-10688.15,-0.40255,busqueda_24m
1790810558,1,orb_sesion,5,"{""hora_inicio_utc"": 7.0, ""k_atr"": 1.5, ""minutos_rango"": 60}",obj30pct,reducido50,todos,long,13238,-0.44626,-5848.14,-0.38368,busqueda_24m
1790810558,1,orb_sesion,5,"{""hora_inicio_utc"": 7.0, ""k_atr"": 1.5, ""minutos_rango"": 60}",obj30pct,reducido50,todos,short,13987,-0.3389,-4840.01,-0.22133,busqueda_24m
1790810558,1,orb_sesion,5,"{""hora_inicio_utc"": 7.0, ""k_atr"": 1.5, ""minutos_rango"": 60}",obj50pct,reducido50,todos,ambos,27225,-0.39782,-10924.04,-0.36886,busqueda_24m
1790810558,1,orb_sesion,5,"{""hora_inicio_utc"": 7.0, ""k_atr"": 1.5, ""minutos_rango"": 60}",obj50pct,reducido50,todos,long,13238,-0.45144,-6011.84,-0.37328,busqueda_24m
1790810558,1,orb_sesion,5,"{""hora_inicio_utc"": 7.0, ""k_atr"": 1.5, ""minutos_rango"": 60}",obj50pct,reducido50,todos,short,13987,-0.34707,-4912.2,-0.19771,busqueda_24m
1790810558,1,orb_sesion,5,"{""hora_inicio_utc"": 7.0, ""k_atr"": 1.5, ""minutos_rango"": 60}",obj1R,reducido50,todos,ambos,27225,-0.38931,-9950.35,-0.75961,busqueda_24m
1790810558,1,orb_sesion,5,"{""hora_inicio_utc"": 7.0, ""k_atr"": 1.5, ""minutos_rango"": 60}",obj1R,reducido50,todos,long,13987,-0.41069,-5446.36,-0.46768,busqueda_24m
1790810558,1,orb_sesion,5,"{""hora_inicio_utc"": 7.0, ""k_atr"": 1.5, ""minutos_rango"": 60}",obj1R,reducido50,todos,short,13238,-0.36673,-4503.99,-0.47846,busqueda_24m
1790810558,1,orb_sesion,5,"{""hora_inicio_utc"": 7.0, ""k_atr"": 1.5, ""minutos_rango"": 60}",obj2R,reducido50,todos,ambos,27225,-0.38134,-9898.25,-0.55444,busqueda_24m
1790810558,1,orb_sesion,5,"{""hora_inicio_utc"": 7.0, ""k_atr"": 1.5, ""minutos_rango"": 60}",obj2R,reducido50,todos,long,13987,-0.42081,-5637.34,-0.36519,busqueda_24m
1790810558,1,orb_sesion,5,"{""hora_inicio_utc"": 7.0, ""k_atr"": 1.5, ""minutos_rango"": 60}",obj2R,reducido50,todos,short,13238,-0.33965,-4260.91,-0.31603,busqueda_24m
1790810558,1,orb_sesion,5,"{""hora_inicio_utc"": 7.0, ""k_atr"": 1.5, ""minutos_rango"": 60}",obj3R,reducido50,todos,ambos,27225,-0.38569,-10022.15,-0.51193,busqueda_24m
1790810558,1,orb_sesion,5,"{""hora_inicio_utc"": 7.0, ""k_atr"": 1.5, ""minutos_rango"": 60}",obj3R,reducido50,todos,long,13987,-0.44028,-5970.19,-0.34423,busqueda_24m
1790810558,1,orb_sesion,5,"{""hora_inicio_utc"": 7.0, ""k_atr"": 1.5, ""minutos_rango"": 60}",obj3R,reducido50,todos,short,13238,-0.32803,-4051.96,-0.25836,busqueda_24m
1790810558,1,orb_sesion,5,"{""hora_inicio_utc"": 7.0, ""k_atr"": 1.5, ""minutos_rango"": 60}",trail2R,reducido50,todos,ambos,27225,-0.39195,-10439.22,-0.54626,busqueda_24m
1790810558,1,orb_sesion,5,"{""hora_inicio_utc"": 7.0, ""k_atr"": 1.5, ""minutos_rango"": 60}",trail2R,reducido50,todos,long,13987,-0.44048,-6097.3,-0.35659,busqueda_24m
1790810558,1,orb_sesion,5,"{""hora_inicio_utc"": 7.0, ""k_atr"": 1.5, ""minutos_rango"": 60}",trail2R,reducido50,todos,short,13238,-0.34067,-4341.93,-0.28557,busqueda_24m
1790810558,1,orb_sesion,5,"{""hora_inicio_utc"": 7.0, ""k_atr"": 1.5, ""minutos_rango"": 60}",trail3R,reducido50,todos,ambos,27225,-0.4033,-10678.43,-0.49875,busqueda_24m
1790810558,1,orb_sesion,5,"{""hora_inicio_utc"": 7.0, ""k_atr"": 1.5, ""minutos_rango"": 60}",trail3R,reducido50,todos,long,13987,-0.45798,-6305.43,-0.32748,busqueda_24m
1790810558,1,orb_sesion,5,"{""hora_inicio_utc"": 7.0, ""k_atr"": 1.5, ""minutos_rango"": 60}",trail3R,reducido50,todos,short,13238,-0.34553,-4373.0,-0.25219,busqueda_24m
1790810558,1,orb_sesion,5,"{""hora_inicio_utc"": 7.0, ""k_atr"": 1.5, ""minutos_rango"": 60}",obj3R_be,reducido50,todos,ambos,27225,-0.37934,-9834.73,-0.54492,busqueda_24m
1790810558,1,orb_sesion,5,"{""hora_inicio_utc"": 7.0, ""k_atr"": 1.5, ""minutos_rango"": 60}",obj3R_be,reducido50,todos,long,13987,-0.4293,-5844.49,-0.3713,busqueda_24m
1790810558,1,orb_sesion,5,"{""hora_inicio_utc"": 7.0, ""k_atr"": 1.5, ""minutos_rango"": 60}",obj3R_be,reducido50,todos,short,13238,-0.32656,-3990.24,-0.2788,busqueda_24m
1790810558,1,orb_sesion,5,"{""hora_inicio_utc"": 7.0, ""k_atr"": 1.5, ""minutos_rango"": 60}",obj5pct,reducido50,todos,ambos,27225,-0.38071,-9844.16,-0.93179,busqueda_24m
1790810558,1,orb_sesion,5,"{""hora_inicio_utc"": 7.0, ""k_atr"": 1.5, ""minutos_rango"": 60}",obj5pct,reducido50,todos,long,13987,-0.41079,-5548.69,-0.56868,busqueda_24m
1790810558,1,orb_sesion,5,"{""hora_inicio_utc"": 7.0, ""k_atr"": 1.5, ""minutos_rango"": 60}",obj5pct,reducido50,todos,short,13238,-0.34893,-4295.47,-0.55246,busqueda_24m
1790810558,1,orb_sesion,5,"{""hora_inicio_utc"": 7.0, ""k_atr"": 1.5, ""minutos_rango"": 60}",obj10pct,reducido50,todos,ambos,27225,-0.38741,-9930.0,-0.70682,busqueda_24m
1790810558,1,orb_sesion,5,"{""hora_inicio_utc"": 7.0, ""k_atr"": 1.5, ""minutos_rango"": 60}",obj10pct,reducido50,todos,long,13987,-0.42964,-5679.86,-0.44269,busqueda_24m
1790810558,1,orb_sesion,5,"{""hora_inicio_utc"": 7.0, ""k_atr"": 1.5, ""minutos_rango"": 60}",obj10pct,reducido50,todos,short,13238,-0.3428,-4250.14,-0.38599,busqueda_24m
1790810558,1,orb_sesion,5,"{""hora_inicio_utc"": 7.0, ""k_atr"": 1.5, ""minutos_rango"": 60}",obj20pct,reducido50,todos,ambos,27225,-0.39213,-9993.33,-0.55398,busqueda_24m
1790810558,1,orb_sesion,5,"{""hora_inicio_utc"": 7.0, ""k_atr"": 1.5, ""minutos_rango"": 60}",obj20pct,reducido50,todos,long,13987,-0.45227,-6009.63,-0.37626,busqueda_24m
1790810558,1,orb_sesion,5,"{""hora_inicio_utc"": 7.0, ""k_atr"": 1.5, ""minutos_rango"": 60}",obj20pct,reducido50,todos,short,13238,-0.32859,-3983.69,-0.26742,busqueda_24m
1790810558,1,orb_sesion,5,"{""hora_inicio_utc"": 7.0, ""k_atr"": 1.5, ""minutos_rango"": 60}",obj30pct,reducido50,todos,ambos,27225,-0.39528,-10051.47,-0.51044,busqueda_24m
1790810558,1,orb_sesion,5,"{""hora_inicio_utc"": 7.0, ""k_atr"": 1.5, ""minutos_rango"": 60}",obj30pct,reducido50,todos,long,13987,-0.45683,-5996.07,-0.34284,busqueda_24m
1790810558,1,orb_sesion,5,"{""hora_inicio_utc"": 7.0, ""k_atr"": 1.5, ""minutos_rango"": 60}",obj30pct,reducido50,todos,short,13238,-0.33025,-4055.4,-0.24345,busqueda_24m
1790810558,1,orb_sesion,5,"{""hora_inicio_utc"": 7.0, ""k_atr"": 1.5, ""minutos_rango"": 60}",obj50pct,reducido50,todos,ambos,27225,-0.40264,-10370.88,-0.48176,busqueda_24m
1790810558,1,orb_sesion,5,"{""hora_inicio_utc"": 7.0, ""k_atr"": 1.5, ""minutos_rango"": 60}",obj50pct,reducido50,todos,long,13987,-0.4631,-6146.15,-0.32109,busqueda_24m
1790810558,1,orb_sesion,5,"{""hora_inicio_utc"": 7.0, ""k_atr"": 1.5, ""minutos_rango"": 60}",obj50pct,reducido50,todos,short,13238,-0.33877,-4224.73,-0.2374,busqueda_24m
1790810558,1,orb_sesion,5,"{""hora_inicio_utc"": 13.5, ""k_atr"": 1.0, ""minutos_rango"": 60}",obj1R,reducido50,todos,ambos,26824,-0.41668,-9205.85,-0.76387,busqueda_24m
1790810558,1,orb_sesion,5,"{""hora_inicio_utc"": 13.5, ""k_atr"": 1.0, ""minutos_rango"": 60}",obj1R,reducido50,todos,long,13303,-0.46579,-5093.66,-0.62634,busqueda_24m
1790810558,1,orb_sesion,5,"{""hora_inicio_utc"": 13.5, ""k_atr"": 1.0, ""minutos_rango"": 60}",obj1R,reducido50,todos,short,13521,-0.36837,-4112.19,-0.44034,busqueda_24m
1790810558,1,orb_sesion,5,"{""hora_inicio_utc"": 13.5, ""k_atr"": 1.0, ""minutos_rango"": 60}",obj2R,reducido50,todos,ambos,26824,-0.42487,-9503.84,-0.51714,busqueda_24m
1790810558,1,orb_sesion,5,"{""hora_inicio_utc"": 13.5, ""k_atr"": 1.0, ""minutos_rango"": 60}",obj2R,reducido50,todos,long,13303,-0.46883,-5154.76,-0.41787,busqueda_24m
1790810558,1,orb_sesion,5,"{""hora_inicio_utc"": 13.5, ""k_atr"": 1.0, ""minutos_rango"": 60}",obj2R,reducido50,todos,short,13521,-0.38162,-4349.08,-0.30795,busqueda_24m
1790810558,1,orb_sesion,5,"{""hora_inicio_utc"": 13.5, ""k_atr"": 1.0, ""minutos_rango"": 60}",obj3R,reducido50,todos,ambos,26824,-0.42545,-9501.7,-0.41922,busqueda_24m
1790810558,1,orb_sesion,5,"{""hora_inicio_utc"": 13.5, ""k_atr"": 1.0, ""minutos_rango"": 60}",obj3R,reducido50,todos,long,13303,-0.45252,-4956.07,-0.34044,busqueda_24m
1790810558,1,orb_sesion,5,"{""hora_inicio_utc"": 13.5, ""k_atr"": 1.0, ""minutos_rango"": 60}",obj3R,reducido50,todos,short,13521,-0.39882,-4545.63,-0.25386,busqueda_24m
1790810558,1,orb_sesion,5,"{""hora_inicio_utc"": 13.5, ""k_atr"": 1.0, ""minutos_rango"": 60}",trail2R,reducido50,todos,ambos,26824,-0.43339,-9887.46,-0.42287,busqueda_24m
1790810558,1,orb_sesion,5,"{""hora_inicio_utc"": 13.5, ""k_atr"": 1.0, ""minutos_rango"": 60}",trail2R,reducido50,todos,long,13303,-0.45728,-5147.8,-0.35387,busqueda_24m
1790810558,1,orb_sesion,5,"{""hora_inicio_utc"": 13.5, ""k_atr"": 1.0, ""minutos_rango"": 60}",trail2R,reducido50,todos,short,13521,-0.40989,-4739.66,-0.25261,busqueda_24m
1790810558,1,orb_sesion,5,"{""hora_inicio_utc"": 13.5, ""k_atr"": 1.0, ""minutos_rango"": 60}",trail3R,reducido50,todos,ambos,26824,-0.44928,-10347.13,-0.36461,busqueda_24m
1790810558,1,orb_sesion,5,"{""hora_inicio_utc"": 13.5, ""k_atr"": 1.0, ""minutos_rango"": 60}",trail3R,reducido50,todos,long,13303,-0.46378,-5164.52,-0.27398,busqueda_24m
1790810558,1,orb_sesion,5,"{""hora_inicio_utc"": 13.5, ""k_atr"": 1.0, ""minutos_rango"": 60}",trail3R,reducido50,todos,short,13521,-0.435,-5182.61,-0.23885,busqueda_24m
1790810558,1,orb_sesion,5,"{""hora_inicio_utc"": 13.5, ""k_atr"": 1.0, ""minutos_rango"": 60}",obj3R_be,reducido50,todos,ambos,26824,-0.42363,-9474.0,-0.47466,busqueda_24m
1790810558,1,orb_sesion,5,"{""hora_inicio_utc"": 13.5, ""k_atr"": 1.0, ""minutos_rango"": 60}",obj3R_be,reducido50,todos,long,13303,-0.45269,-4981.2,-0.384,busqueda_24m
1790810558,1,orb_sesion,5,"{""hora_inicio_utc"": 13.5, ""k_atr"": 1.0, ""minutos_rango"": 60}",obj3R_be,reducido50,todos,short,13521,-0.39504,-4492.8,-0.28436,busqueda_24m
1790810558,1,orb_sesion,5,"{""hora_inicio_utc"": 13.5, ""k_atr"": 1.0, ""minutos_rango"": 60}",obj5pct,reducido50,todos,ambos,26824,-0.41897,-9422.22,-0.86324,busqueda_24m
1790810558,1,orb_sesion,5,"{""hora_inicio_utc"": 13.5, ""k_atr"": 1.0, ""minutos_rango"": 60}",obj5pct,reducido50,todos,long,13303,-0.46275,-5065.91,-0.67468,busqueda_24m
1790810558,1,orb_sesion,5,"{""hora_inicio_utc"": 13.5, ""k_atr"": 1.0, ""minutos_rango"": 60}",obj5pct,reducido50,todos,short,13521,-0.37588,-4356.32,-0.52747,busqueda_24m
1790810558,1,orb_sesion,5,"{""hora_inicio_utc"": 13.5, ""k_atr"": 1.0, ""minutos_rango"": 60}",obj10pct,reducido50,todos,ambos,26824,-0.42098,-9283.46,-0.57059,busqueda_24m
1790810558,1,orb_sesion,5,"{""hora_inicio_utc"": 13.5, ""k_atr"": 1.0, ""minutos_rango"": 60}",obj10pct,reducido50,todos,long,13303,-0.46075,-5052.62,-0.45952,busqueda_24m
1790810558,1,orb_sesion,5,"{""hora_inicio_utc"": 13.5, ""k_atr"": 1.0, ""minutos_rango"": 60}",obj10pct,reducido50,todos,short,13521,-0.38186,-4230.84,-0.34052,busqueda_24m
1790810558,1,orb_sesion,5,"{""hora_inicio_utc"": 13.5, ""k_atr"": 1.0, ""minutos_rango"": 60}",obj20pct,reducido50,todos,ambos,26824,-0.42816,-9459.39,-0.40267,busqueda_24m
1790810558,1,orb_sesion,5,"{""hora_inicio_utc"": 13.5, ""k_atr"": 1.0, ""minutos_rango"": 60}",obj20pct,reducido50,todos,long,13303,-0.46112,-4925.55,-0.32617,busqueda_24m
1790810558,1,orb_sesion,5,"{""hora_inicio_utc"": 13.5, ""k_atr"": 1.0, ""minutos_rango"": 60}",obj20pct,reducido50,todos,short,13521,-0.39573,-4533.84,-0.24431,busqueda_24m
1790810558,1,orb_sesion,5,"{""hora_inicio_utc"": 13.5, ""k_atr"": 1.0, ""minutos_rango"": 60}",obj30pct,reducido50,todos,ambos,26824,-0.42115,-9555.29,-0.33195,busqueda_24m
1790810558,1,orb_sesion,5,"{""hora_inicio_utc"": 13.5, ""k_atr"": 1.0, ""minutos_rango"": 60}",obj30pct,reducido50,todos,long,13303,-0.46473,-5045.36,-0.28125,busqueda_24m
1790810558,1,orb_sesion,5,"{""hora_inicio_utc"": 13.5, ""k_atr"": 1.0, ""minutos_rango"": 60}",obj30pct,reducido50,todos,short,13521,-0.37828,-4509.93,-0.19586,busqueda_24m
1790810558,1,orb_sesion,5,"{""hora_inicio_utc"": 13.5, ""k_atr"": 1.0, ""minutos_rango"": 60}",obj50pct,reducido50,todos,ambos,26824,-0.40125,-9382.46,-0.26479,busqueda_24m
1790810558,1,orb_sesion,5,"{""hora_inicio_utc"": 13.5, ""k_atr"": 1.0, ""minutos_rango"": 60}",obj50pct,reducido50,todos,long,13303,-0.4647,-5350.77,-0.25064,busqueda_24m
1790810558,1,orb_sesion,5,"{""hora_inicio_utc"": 13.5, ""k_atr"": 1.0, ""minutos_rango"": 60}",obj50pct,reducido50,todos,short,13521,-0.33883,-4031.7,-0.1404,busqueda_24m
1790810558,1,orb_sesion,5,"{""hora_inicio_utc"": 13.5, ""k_atr"": 1.0, ""minutos_rango"": 60}",obj1R,reducido50,todos,ambos,26824,-0.47244,-10552.47,-0.88831,busqueda_24m
1790810558,1,orb_sesion,5,"{""hora_inicio_utc"": 13.5, ""k_atr"": 1.0, ""minutos_rango"": 60}",obj1R,reducido50,todos,long,13521,-0.49095,-5813.71,-0.53874,busqueda_24m
1790810558,1,orb_sesion,5,"{""hora_inicio_utc"": 13.5, ""k_atr"": 1.0, ""minutos_rango"": 60}",obj1R,reducido50,todos,short,13303,-0.45363,-4738.76,-0.5231,busqueda_24m
1790810558,1,orb_sesion,5,"{""hora_inicio_utc"": 13.5, ""k_atr"": 1.0, ""minutos_rango"": 60}",obj2R,reducido50,todos,ambos,26824,-0.45066,-9901.76,-0.57455,busqueda_24m
1790810558,1,orb_sesion,5,"{""hora_inicio_utc"": 13.5, ""k_atr"": 1.0, ""minutos_rango"": 60}",obj2R,reducido50,todos,long,13521,-0.47041,-5426.14,-0.3729,busqueda_24m
1790810558,1,orb_sesion,5,"{""hora_inicio_utc"": 13.5, ""k_atr"": 1.0, ""minutos_rango"": 60}",obj2R,reducido50,todos,short,13303,-0.43058,-4475.62,-0.33775,busqueda_24m
1790810558,1,orb_sesion,5,"{""hora_inicio_utc"": 13.5, ""k_atr"": 1.0, ""minutos_rango"": 60}",obj3R,reducido50,todos,ambos,26824,-0.44579,-9707.33,-0.46713,busqueda_24m
1790810558,1,orb_sesion,5,"{""hora_inicio_utc"": 13.5, ""k_atr"": 1.0, ""minutos_rango"": 60}",obj3R,reducido50,todos,long,13521,-0.4817,-5578.51,-0.31331,busqueda_24m
1790810558,1,orb_sesion,5,"{""hora_inicio_utc"": 13.5, ""k_atr"": 1.0, ""minutos_rango"": 60}",obj3R,reducido50,todos,short,13303,-0.40928,-4128.82,-0.25588,busqueda_24m
1790810558,1,orb_sesion,5,"{""hora_inicio_utc"": 13.5, ""k_atr"": 1.0, ""minutos_rango"": 60}",trail2R,reducido50,todos,ambos,26824,-0.44929,-9656.15,-0.43665,busqueda_24m
1790810558,1,orb_sesion,5,"{""hora_inicio_utc"": 13.5, ""k_atr"": 1.0, ""minutos_rango"": 60}",trail2R,reducido50,todos,long,13521,-0.47285,-5338.27,-0.27961,busqueda_24m
1790810558,1,orb_sesion,5,"{""hora_inicio_utc"": 13.5, ""k_atr"": 1.0, ""minutos_rango"": 60}",trail2R,reducido50,todos,short,13303,-0.42534,-4317.87,-0.25497,busqueda_24m
1790810558,1,orb_sesion,5,"{""hora_inicio_utc"": 13.5, ""k_atr"": 1.0, ""minutos_rango"": 60}",trail3R,reducido50,todos,ambos,26824,-0.42704,-8761.72,-0.29865,busqueda_24m
1790810558,1,orb_sesion,5,"{""hora_inicio_utc"": 13.5, ""k_atr"": 1.0, ""minutos_rango"": 60}",trail3R,reducido50,todos,long,13521,-0.43596,-4612.32,-0.17336,busqueda_24m
1790810558,1,orb_sesion,5,"{""hora_inicio_utc"": 13.5, ""k_atr"": 1.0, ""minutos_rango"": 60}",trail3R,reducido50,todos,short,13303,-0.41798,-4149.4,-0.20906,busqueda_24m
1790810558,1,orb_sesion,5,"{""hora_inicio_utc"": 13.5, ""k_atr"": 1.0, ""minutos_rango"": 60}",obj3R_be,reducido50,todos,ambos,26824,-0.45611,-9965.21,-0.53594,busqueda_24m
1790810558,1,orb_sesion,5,"{""hora_inicio_utc"": 13.5, ""k_atr"": 1.0, ""minutos_rango"": 60}",obj3R_be,reducido50,todos,long,13521,-0.48105,-5515.34,-0.33743,busqueda_24m
1790810558,1,orb_sesion,5,"{""hora_inicio_utc"": 13.5, ""k_atr"": 1.0, ""minutos_rango"": 60}",obj3R_be,reducido50,todos,short,13303,-0.43075,-4449.87,-0.31606,busqueda_24m
1790810558,1,orb_sesion,5,"{""hora_inicio_utc"": 13.5, ""k_atr"": 1.0, ""minutos_rango"": 60}",obj5pct,reducido50,todos,ambos,26824,-0.47234,-10556.78,-1.01038,busqueda_24m
1790810558,1,orb_sesion,5,"{""hora_inicio_utc"": 13.5, ""k_atr"": 1.0, ""minutos_rango"": 60}",obj5pct,reducido50,todos,long,13521,-0.48789,-5772.06,-0.6028,busqueda_24m
1790810558,1,orb_sesion,5,"{""hora_inicio_utc"": 13.5, ""k_atr"": 1.0, ""minutos_rango"": 60}",obj5pct,reducido50,todos,short,13303,-0.45653,-4784.72,-0.57378,busqueda_24m
1790810558,1,orb_sesion,5,"{""hora_inicio_utc"": 13.5, ""k_atr"": 1.0, ""minutos_rango"": 60}",obj10pct,reducido50,todos,ambos,26824,-0.45326,-9979.88,-0.68325,busqueda_24m
1790810558,1,orb_sesion,5,"{""hora_inicio_utc"": 13.5, ""k_atr"": 1.0, ""minutos_rango"": 60}",obj10pct,reducido50,todos,long,13521,-0.47841,-5601.49,-0.44004,busqueda_24m
1790810558,1,orb_sesion,5,"{""hora_inicio_utc"": 13.5, ""k_atr"": 1.0, ""minutos_rango"": 60}",obj10pct,reducido50,todos,short,13303,-0.42771,-4378.39,-0.38747,busqueda_24m
1790810558,1,orb_sesion,5,"{""hora_inicio_utc"": 13.5, ""k_atr"": 1.0, ""minutos_rango"": 60}",obj20pct,reducido50,todos,ambos,26824,-0.44767,-9781.64,-0.51473,busqueda_24m
1790810558,1,orb_sesion,5,"{""hora_inicio_utc"": 13.5, ""k_atr"": 1.0, ""minutos_rango"": 60}",obj20pct,reducido50,todos,long,13521,-0.47422,-5492.55,-0.32857,busqueda_24m
1790810558,1,orb_sesion,5,"{""hora_inicio_utc"": 13.5, ""k_atr"": 1.0, ""minutos_rango"": 60}",obj20pct,reducido50,todos,short,13303,-0.42068,-4289.09,-0.27412,busqueda_24m
1790810558,1,orb_sesion,5,"{""hora_inicio_utc"": 13.5, ""k_atr"": 1.0, ""minutos_rango"": 60}",obj30pct,reducido50,todos,ambos,26824,-0.44107,-9556.53,-0.42357,busqueda_24m
1790810558,1,orb_sesion,5,"{""hora_inicio_utc"": 13.5, ""k_atr"": 1.0, ""minutos_rango"": 60}",obj30pct,reducido50,todos,long,13521,-0.47639,-5561.07,-0.28478,busqueda_24m
1790810558,1,orb_sesion,5,"{""hora_inicio_utc"": 13.5, ""k_atr"": 1.0, ""minutos_rango"": 60}",obj30pct,reducido50,todos,short,13303,-0.40517,-3995.45,-0.21305,busqueda_24m
1790810558,1,orb_sesion,5,"{""hora_inicio_utc"": 13.5, ""k_atr"": 1.0, ""minutos_rango"": 60}",obj50pct,reducido50,todos,ambos,26824,-0.42487,-8874.42,-0.31767,busqueda_24m
1790810558,1,orb_sesion,5,"{""hora_inicio_utc"": 13.5, ""k_atr"": 1.0, ""minutos_rango"": 60}",obj50pct,reducido50,todos,long,13521,-0.45979,-5216.68,-0.22394,busqueda_24m
1790810558,1,orb_sesion,5,"{""hora_inicio_utc"": 13.5, ""k_atr"": 1.0, ""minutos_rango"": 60}",obj50pct,reducido50,todos,short,13303,-0.38938,-3657.74,-0.16104,busqueda_24m
1790810558,1,orb_sesion,5,"{""hora_inicio_utc"": 13.5, ""k_atr"": 1.5, ""minutos_rango"": 60}",obj1R,reducido50,todos,ambos,26824,-0.28725,-9647.27,-0.49226,busqueda_24m
1790810558,1,orb_sesion,5,"{""hora_inicio_utc"": 13.5, ""k_atr"": 1.5, ""minutos_rango"": 60}",obj1R,reducido50,todos,long,13303,-0.31702,-5210.99,-0.37857,busqueda_24m
1790810558,1,orb_sesion,5,"{""hora_inicio_utc"": 13.5, ""k_atr"": 1.5, ""minutos_rango"": 60}",obj1R,reducido50,todos,short,13521,-0.25797,-4436.29,-0.3031,busqueda_24m
1790810558,1,orb_sesion,5,"{""hora_inicio_utc"": 13.5, ""k_atr"": 1.5, ""minutos_rango"": 60}",obj2R,reducido50,todos,ambos,26824,-0.30467,-10513.45,-0.3675,busqueda_24m
1790810558,1,orb_sesion,5,"{""hora_inicio_utc"": 13.5, ""k_atr"": 1.5, ""minutos_rango"": 60}",obj2R,reducido50,todos,long,13303,-0.31676,-5289.91,-0.27342,busqueda_24m
1790810558,1,orb_sesion,5,"{""hora_inicio_utc"": 13.5, ""k_atr"": 1.5, ""minutos_rango"": 60}",obj2R,reducido50,todos,short,13521,-0.29277,-5223.55,-0.23539,busqueda_24m
1790810558,1,orb_sesion,5,"{""hora_inicio_utc"": 13.5, ""k_atr"": 1.5, ""minutos_rango"": 60}",obj3R,reducido50,todos,ambos,26824,-0.3154,-11158.49,-0.31714,busqueda_24m
1790810558,1,orb_sesion,5,"{""hora_inicio_utc"": 13.5, ""k_atr"": 1.5, ""minutos_rango"": 60}",obj3R,reducido50,todos,long,13303,-0.33125,-5766.29,-0.24384,busqueda_24m
1790810558,1,orb_sesion,5,"{""hora_inicio_utc"": 13.5, ""k_atr"": 1.5, ""minutos_rango"": 60}",obj3R,reducido50,todos,short,13521,-0.29981,-5392.2,-0.19623,busqueda_24m
1790810558,1,orb_sesion,5,"{""hora_inicio_utc"": 13.5, ""k_atr"": 1.5, ""minutos_rango"": 60}",trail2R,reducido50,todos,ambos,26824,-0.31263,-11016.8,-0.30567,busqueda_24m
1790810558,1,orb_sesion,5,"{""hora_inicio_utc"": 13.5, ""k_atr"": 1.5, ""minutos_rango"": 60}",trail2R,reducido50,todos,long,13303,-0.31785,-5294.0,-0.20889,busqueda_24m
1790810558,1,orb_sesion,5,"{""hora_inicio_utc"": 13.5, ""k_atr"": 1.5, ""minutos_rango"": 60}",trail2R,reducido50,todos,short,13521,-0.3075,-5722.8,-0.21608,busqueda_24m
1790810558,1,orb_sesion,5,"{""hora_inicio_utc"": 13.5, ""k_atr"": 1.5, ""minutos_rango"": 60}",trail3R,reducido50,todos,ambos,26824,-0.32092,-11563.23,-0.27321,busqueda_24m
1790810558,1,orb_sesion,5,"{""hora_inicio_utc"": 13.5, ""k_atr"": 1.5, ""minutos_rango"": 60}",trail3R,reducido50,todos,long,13303,-0.33237,-5779.68,-0.20209,busqueda_24m
1790810558,1,orb_sesion,5,"{""hora_inicio_utc"": 13.5, ""k_atr"": 1.5, ""minutos_rango"": 60}",trail3R,reducido50,todos,short,13521,-0.30966,-5783.55,-0.17965,busqueda_24m
1790810558,1,orb_sesion,5,"{""hora_inicio_utc"": 13.5, ""k_atr"": 1.5, ""minutos_rango"": 60}",obj3R_be,reducido50,todos,ambos,26824,-0.31259,-11016.78,-0.34679,busqueda_24m
1790810558,1,orb_sesion,5,"{""hora_inicio_utc"": 13.5, ""k_atr"": 1.5, ""minutos_rango"": 60}",obj3R_be,reducido50,todos,long,13303,-0.33083,-5692.88,-0.26787,busqueda_24m
1790810558,1,orb_sesion,5,"{""hora_inicio_utc"": 13.5, ""k_atr"": 1.5, ""minutos_rango"": 60}",obj3R_be,reducido50,todos,short,13521,-0.29464,-5323.89,-0.21583,busqueda_24m
1790810558,1,orb_sesion,5,"{""hora_inicio_utc"": 13.5, ""k_atr"": 1.5, ""minutos_rango"": 60}",obj5pct,reducido50,todos,ambos,26824,-0.28519,-9702.64,-0.70014,busqueda_24m
1790810558,1,orb_sesion,5,"{""hora_inicio_utc"": 13.5, ""k_atr"": 1.5, ""minutos_rango"": 60}",obj5pct,reducido50,todos,long,13303,-0.31371,-5137.24,-0.55967,busqueda_24m
1790810558,1,orb_sesion,5,"{""hora_inicio_utc"": 13.5, ""k_atr"": 1.5, ""minutos_rango"": 60}",obj5pct,reducido50,todos,short,13521,-0.25713,-4565.4,-0.42887,busqueda_24m
1790810558,1,orb_sesion,5,"{""hora_inicio_utc"": 13.5, ""k_atr"": 1.5, ""minutos_rango"": 60}",obj10pct,reducido50,todos,ambos,26824,-0.29183,-9818.9,-0.47851,busqueda_24m
1790810558,1,orb_sesion,5,"{""hora_inicio_utc"": 13.5, ""k_atr"": 1.5, ""minutos_rango"": 60}",obj10pct,reducido50,todos,long,13303,-0.31969,-5325.31,-0.38079,busqueda_24m
1790810558,1,orb_sesion,5,"{""hora_inicio_utc"": 13.5, ""k_atr"": 1.5, ""minutos_rango"": 60}",obj10pct,reducido50,todos,short,13521,-0.26441,-4493.59,-0.28533,busqueda_24m
1790810558,1,orb_sesion,5,"{""hora_inicio_utc"": 13.5, ""k_atr"": 1.5, ""minutos_rango"": 60}",obj20pct,reducido50,todos,ambos,26824,-0.30273,-10253.37,-0.34515,busqueda_24m
1790810558,1,orb_sesion,5,"{""hora_inicio_utc"": 13.5, ""k_atr"": 1.5, ""minutos_rango"": 60}",obj20pct,reducido50,todos,long,13303,-0.32318,-5208.11,-0.26368,busqueda_24m
1790810558,1,orb_sesion,5,"{""hora_inicio_utc"": 13.5, ""k_atr"": 1.5, ""minutos_rango"": 60}",obj20pct,reducido50,todos,short,13521,-0.2826,-5045.26,-0.21699,busqueda_24m
1790810558,1,orb_sesion,5,"{""hora_inicio_utc"": 13.5, ""k_atr"": 1.5, ""minutos_rango"": 60}",obj30pct,reducido50,todos,ambos,26824,-0.29697,-10472.45,-0.28643,busqueda_24m
1790810558,1,orb_sesion,5,"{""hora_inicio_utc"": 13.5, ""k_atr"": 1.5, ""minutos_rango"": 60}",obj30pct,reducido50,todos,long,13303,-0.32561,-5340.17,-0.22637,busqueda_24m
1790810558,1,orb_sesion,5,"{""hora_inicio_utc"": 13.5, ""k_atr"": 1.5, ""minutos_rango"": 60}",obj30pct,reducido50,todos,short,13521,-0.2688,-5132.28,-0.17734,busqueda_24m
1790810558,1,orb_sesion,5,"{""hora_inicio_utc"": 13.5, ""k_atr"": 1.5, ""minutos_rango"": 60}",obj50pct,reducido50,todos,ambos,26824,-0.27435,-10033.85,-0.22193,busqueda_24m
1790810558,1,orb_sesion,5,"{""hora_inicio_utc"": 13.5, ""k_atr"": 1.5, ""minutos_rango"": 60}",obj50pct,reducido50,todos,long,13303,-0.32186,-5677.93,-0.20005,busqueda_24m
1790810558,1,orb_sesion,5,"{""hora_inicio_utc"": 13.5, ""k_atr"": 1.5, ""minutos_rango"": 60}",obj50pct,reducido50,todos,short,13521,-0.22762,-4355.92,-0.12102,busqueda_24m
1790810558,1,orb_sesion,5,"{""hora_inicio_utc"": 13.5, ""k_atr"": 1.5, ""minutos_rango"": 60}",obj1R,reducido50,todos,ambos,26824,-0.30894,-10147.84,-0.52272,busqueda_24m
1790810558,1,orb_sesion,5,"{""hora_inicio_utc"": 13.5, ""k_atr"": 1.5, ""minutos_rango"": 60}",obj1R,reducido50,todos,long,13521,-0.31915,-5569.33,-0.35034,busqueda_24m
1790810558,1,orb_sesion,5,"{""hora_inicio_utc"": 13.5, ""k_atr"": 1.5, ""minutos_rango"": 60}",obj1R,reducido50,todos,short,13303,-0.29856,-4578.51,-0.3084,busqueda_24m
1790810558,1,orb_sesion,5,"{""hora_inicio_utc"": 13.5, ""k_atr"": 1.5, ""minutos_rango"": 60}",obj2R,reducido50,todos,ambos,26824,-0.29182,-9488.15,-0.35557,busqueda_24m
1790810558,1,orb_sesion,5,"{""hora_inicio_utc"": 13.5, ""k_atr"": 1.5, ""minutos_rango"": 60}",obj2R,reducido50,todos,long,13521,-0.32029,-5596.96,-0.25089,busqueda_24m
1790810558,1,orb_sesion,5,"{""hora_inicio_utc"": 13.5, ""k_atr"": 1.5, ""minutos_rango"": 60}",obj2R,reducido50,todos,short,13303,-0.26288,-3891.19,-0.18681,busqueda_24m
1790810558,1,orb_sesion,5,"{""hora_inicio_utc"": 13.5, ""k_atr"": 1.5, ""minutos_rango"": 60}",obj3R,reducido50,todos,ambos,26824,-0.28768,-9078.55,-0.28944,busqueda_24m
1790810558,1,orb_sesion,5,"{""hora_inicio_utc"": 13.5, ""k_atr"": 1.5, ""minutos_rango"": 60}",obj3R,reducido50,todos,long,13521,-0.31522,-5275.08,-0.19164,busqueda_24m
1790810558,1,orb_sesion,5,"{""hora_inicio_utc"": 13.5, ""k_atr"": 1.5, ""minutos_rango"": 60}",obj3R,reducido50,todos,short,13303,-0.25969,-3803.48,-0.1569,busqueda_24m
1790810558,1,orb_sesion,5,"{""hora_inicio_utc"": 13.5, ""k_atr"": 1.5, ""minutos_rango"": 60}",trail2R,reducido50,todos,ambos,26824,-0.27805,-8471.26,-0.2461,busqueda_24m
1790810558,1,orb_sesion,5,"{""hora_inicio_utc"": 13.5, ""k_atr"": 1.5, ""minutos_rango"": 60}",trail2R,reducido50,todos,long,13521,-0.28344,-4441.16,-0.14531,busqueda_24m
1790810558,1,orb_sesion,5,"{""hora_inicio_utc"": 13.5, ""k_atr"": 1.5, ""minutos_rango"": 60}",trail2R,reducido50,todos,short,13303,-0.27256,-4030.1,-0.1618,busqueda_24m
1790810558,1,orb_sesion,5,"{""hora_inicio_utc"": 13.5, ""k_atr"": 1.5, ""minutos_rango"": 60}",trail3R,reducido50,todos,ambos,26824,-0.2673,-7891.0,-0.1956,busqueda_24m
1790810558,1,orb_sesion,5,"{""hora_inicio_utc"": 13.5, ""k_atr"": 1.5, ""minutos_rango"": 60}",trail3R,reducido50,todos,long,13521,-0.27273,-3993.87,-0.10949,busqueda_24m
1790810558,1,orb_sesion,5,"{""hora_inicio_utc"": 13.5, ""k_atr"": 1.5, ""minutos_rango"": 60}",trail3R,reducido50,todos,short,13303,-0.26179,-3897.14,-0.14041,busqueda_24m
1790810558,1,orb_sesion,5,"{""hora_inicio_utc"": 13.5, ""k_atr"": 1.5, ""minutos_rango"": 60}",obj3R_be,reducido50,todos,ambos,26824,-0.29124,-9092.15,-0.30947,busqueda_24m
1790810558,1,orb_sesion,5,"{""hora_inicio_utc"": 13.5, ""k_atr"": 1.5, ""minutos_rango"": 60}",obj3R_be,reducido50,todos,long,13521,-0.30131,-4953.56,-0.19611,busqueda_24m
1790810558,1,orb_sesion,5,"{""hora_inicio_utc"": 13.5, ""k_atr"": 1.5, ""minutos_rango"": 60}",obj3R_be,reducido50,todos,short,13303,-0.28102,-4138.59,-0.18302,busqueda_24m
1790810558,1,orb_sesion,5,"{""hora_inicio_utc"": 13.5, ""k_atr"": 1.5, ""minutos_rango"": 60}",obj5pct,reducido50,todos,ambos,26824,-0.31002,-10319.02,-0.74463,busqueda_24m
1790810558,1,orb_sesion,5,"{""hora_inicio_utc"": 13.5, ""k_atr"": 1.5, ""minutos_rango"": 60}",obj5pct,reducido50,todos,long,13521,-0.31654,-5615.21,-0.47222,busqueda_24m
1790810558,1,orb_sesion,5,"{""hora_inicio_utc"": 13.5, ""k_atr"": 1.5, ""minutos_rango"": 60}",obj5pct,reducido50,todos,short,13303,-0.3034,-4703.81,-0.4426,busqueda_24m
1790810558,1,orb_sesion,5,"{""hora_inicio_utc"": 13.5, ""k_atr"": 1.5, ""minutos_rango"": 60}",obj10pct,reducido50,todos,ambos,26824,-0.29771,-9798.06,-0.50618,busqueda_24m
1790810558,1,orb_sesion,5,"{""hora_inicio_utc"": 13.5, ""k_atr"": 1.5, ""minutos_rango"": 60}",obj10pct,reducido50,todos,long,13521,-0.31869,-5629.4,-0.34726,busqueda_24m
1790810558,1,orb_sesion,5,"{""hora_inicio_utc"": 13.5, ""k_atr"": 1.5, ""minutos_rango"": 60}",obj10pct,reducido50,todos,short,13303,-0.27639,-4168.66,-0.28286,busqueda_24m
1790810558,1,orb_sesion,5,"{""hora_inicio_utc"": 13.5, ""k_atr"": 1.5, ""minutos_rango"": 60}",obj20pct,reducido50,todos,ambos,26824,-0.28795,-9399.21,-0.36815,busqueda_24m
1790810558,1,orb_sesion,5,"{""hora_inicio_utc"": 13.5, ""k_atr"": 1.5, ""minutos_rango"": 60}",obj20pct,reducido50,todos,long,13521,-0.31077,-5430.86,-0.24973,busqueda_24m
1790810558,1,orb_sesion,5,"{""hora_inicio_utc"": 13.5, ""k_atr"": 1.5, ""minutos_rango"": 60}",obj20pct,reducido50,todos,short,13303,-0.26476,-3968.35,-0.19097,busqueda_24m
1790810558,1,orb_sesion,5,"{""hora_inicio_utc"": 13.5, ""k_atr"": 1.5, ""minutos_rango"": 60}",obj30pct,reducido50,todos,ambos,26824,-0.28456,-9224.77,-0.31488,busqueda_24m
1790810558,1,orb_sesion,5,"{""hora_inicio_utc"": 13.5, ""k_atr"": 1.5, ""minutos_rango"": 60}",obj30pct,reducido50,todos,long,13521,-0.31299,-5505.44,-0.21764,busqueda_24m
1790810558,1,orb_sesion,5,"{""hora_inicio_utc"": 13.5, ""k_atr"": 1.5, ""minutos_rango"": 60}",obj30pct,reducido50,todos,short,13303,-0.25567,-3719.33,-0.15356,busqueda_24m
1790810558,1,orb_sesion,5,"{""hora_inicio_utc"": 13.5, ""k_atr"": 1.5, ""minutos_rango"": 60}",obj50pct,reducido50,todos,ambos,26824,-0.27436,-8590.93,-0.24691,busqueda_24m
1790810558,1,orb_sesion,5,"{""hora_inicio_utc"": 13.5, ""k_atr"": 1.5, ""minutos_rango"": 60}",obj50pct,reducido50,todos,long,13521,-0.30009,-5176.45,-0.17413,busqueda_24m
1790810558,1,orb_sesion,5,"{""hora_inicio_utc"": 13.5, ""k_atr"": 1.5, ""minutos_rango"": 60}",obj50pct,reducido50,todos,short,13303,-0.2482,-3414.48,-0.12086,busqueda_24m
1790810558,1,orb_sesion,15,"{""hora_inicio_utc"": 0.0, ""k_atr"": 1.0, ""minutos_rango"": 60}",obj1R,reducido50,todos,ambos,27172,-0.29529,-10547.22,-0.53649,busqueda_24m
1790810558,1,orb_sesion,15,"{""hora_inicio_utc"": 0.0, ""k_atr"": 1.0, ""minutos_rango"": 60}",obj1R,reducido50,todos,long,13433,-0.32427,-5971.24,-0.48437,busqueda_24m
1790810558,1,orb_sesion,15,"{""hora_inicio_utc"": 0.0, ""k_atr"": 1.0, ""minutos_rango"": 60}",obj1R,reducido50,todos,short,13739,-0.26696,-4575.98,-0.27766,busqueda_24m
1790810558,1,orb_sesion,15,"{""hora_inicio_utc"": 0.0, ""k_atr"": 1.0, ""minutos_rango"": 60}",obj2R,reducido50,todos,ambos,27172,-0.29393,-10305.62,-0.34551,busqueda_24m
1790810558,1,orb_sesion,15,"{""hora_inicio_utc"": 0.0, ""k_atr"": 1.0, ""minutos_rango"": 60}",obj2R,reducido50,todos,long,13433,-0.32157,-5944.89,-0.33373,busqueda_24m
1790810558,1,orb_sesion,15,"{""hora_inicio_utc"": 0.0, ""k_atr"": 1.0, ""minutos_rango"": 60}",obj2R,reducido50,todos,short,13739,-0.26691,-4360.73,-0.17197,busqueda_24m
1790810558,1,orb_sesion,15,"{""hora_inicio_utc"": 0.0, ""k_atr"": 1.0, ""minutos_rango"": 60}",obj3R,reducido50,todos,ambos,27172,-0.31195,-11695.73,-0.33031,busqueda_24m
1790810558,1,orb_sesion,15,"{""hora_inicio_utc"": 0.0, ""k_atr"": 1.0, ""minutos_rango"": 60}",obj3R,reducido50,todos,long,13433,-0.33596,-6437.53,-0.30493,busqueda_24m
1790810558,1,orb_sesion,15,"{""hora_inicio_utc"": 0.0, ""k_atr"": 1.0, ""minutos_rango"": 60}",obj3R,reducido50,todos,short,13739,-0.28847,-5258.2,-0.17779,busqueda_24m
1790810558,1,orb_sesion,15,"{""hora_inicio_utc"": 0.0, ""k_atr"": 1.0, ""minutos_rango"": 60}",trail2R,reducido50,todos,ambos,27172,-0.31503,-11471.53,-0.31911,busqueda_24m
1790810558,1,orb_sesion,15,"{""hora_inicio_utc"": 0.0, ""k_atr"": 1.0, ""minutos_rango"": 60}",trail2R,reducido50,todos,long,13433,-0.34887,-6611.84,-0.32424,busqueda_24m
1790810558,1,orb_sesion,15,"{""hora_inicio_utc"": 0.0, ""k_atr"": 1.0, ""minutos_rango"": 60}",trail2R,reducido50,todos,short,13739,-0.28195,-4859.69,-0.15886,busqueda_24m
1790810558,1,orb_sesion,15,"{""hora_inicio_utc"": 0.0, ""k_atr"": 1.0, ""minutos_rango"": 60}",trail3R,reducido50,todos,ambos,27172,-0.31533,-12138.37,-0.28157,busqueda_24m
1790810558,1,orb_sesion,15,"{""hora_inicio_utc"": 0.0, ""k_atr"": 1.0, ""minutos_rango"": 60}",trail3R,reducido50,todos,long,13433,-0.36324,-7169.81,-0.31141,busqueda_24m
1790810558,1,orb_sesion,15,"{""hora_inicio_utc"": 0.0, ""k_atr"": 1.0, ""minutos_rango"": 60}",trail3R,reducido50,todos,short,13739,-0.26848,-4968.56,-0.13319,busqueda_24m
1790810558,1,orb_sesion,15,"{""hora_inicio_utc"": 0.0, ""k_atr"": 1.0, ""minutos_rango"": 60}",obj3R_be,reducido50,todos,ambos,27172,-0.30596,-11227.44,-0.34955,busqueda_24m
1790810558,1,orb_sesion,15,"{""hora_inicio_utc"": 0.0, ""k_atr"": 1.0, ""minutos_rango"": 60}",obj3R_be,reducido50,todos,long,13433,-0.33218,-6316.16,-0.3293,busqueda_24m
1790810558,1,orb_sesion,15,"{""hora_inicio_utc"": 0.0, ""k_atr"": 1.0, ""minutos_rango"": 60}",obj3R_be,reducido50,todos,short,13739,-0.28032,-4911.28,-0.1823,busqueda_24m
1790810558,1,orb_sesion,15,"{""hora_inicio_utc"": 0.0, ""k_atr"": 1.0, ""minutos_rango"": 60}",obj5pct,reducido50,todos,ambos,27172,-0.29267,-10277.43,-0.77455,busqueda_24m
1790810558,1,orb_sesion,15,"{""hora_inicio_utc"": 0.0, ""k_atr"": 1.0, ""minutos_rango"": 60}",obj5pct,reducido50,todos,long,13433,-0.31638,-5562.05,-0.61083,busqueda_24m
1790810558,1,orb_sesion,15,"{""hora_inicio_utc"": 0.0, ""k_atr"": 1.0, ""minutos_rango"": 60}",obj5pct,reducido50,todos,short,13739,-0.26949,-4715.38,-0.48114,busqueda_24m
1790810558,1,orb_sesion,15,"{""hora_inicio_utc"": 0.0, ""k_atr"": 1.0, ""minutos_rango"": 60}",obj10pct,reducido50,todos,ambos,27172,-0.29306,-10445.71,-0.53542,busqueda_24m
1790810558,1,orb_sesion,15,"{""hora_inicio_utc"": 0.0, ""k_atr"": 1.0, ""minutos_rango"": 60}",obj10pct,reducido50,todos,long,13433,-0.31658,-5731.54,-0.44068,busqueda_24m
1790810558,1,orb_sesion,15,"{""hora_inicio_utc"": 0.0, ""k_atr"": 1.0, ""minutos_rango"": 60}",obj10pct,reducido50,todos,short,13739,-0.27007,-4714.17,-0.31731,busqueda_24m
1790810558,1,orb_sesion,15,"{""hora_inicio_utc"": 0.0, ""k_atr"": 1.0, ""minutos_rango"": 60}",obj20pct,reducido50,todos,ambos,27172,-0.29447,-10639.75,-0.37112,busqueda_24m
1790810558,1,orb_sesion,15,"{""hora_inicio_utc"": 0.0, ""k_atr"": 1.0, ""minutos_rango"": 60}",obj20pct,reducido50,todos,long,13433,-0.3151,-5878.49,-0.32641,busqueda_24m
1790810558,1,orb_sesion,15,"{""hora_inicio_utc"": 0.0, ""k_atr"": 1.0, ""minutos_rango"": 60}",obj20pct,reducido50,todos,short,13739,-0.27431,-4761.26,-0.2053,busqueda_24m
1790810558,1,orb_sesion,15,"{""hora_inicio_utc"": 0.0, ""k_atr"": 1.0, ""minutos_rango"": 60}",obj30pct,reducido50,todos,ambos,27172,-0.29871,-10858.51,-0.30455,busqueda_24m
1790810558,1,orb_sesion,15,"{""hora_inicio_utc"": 0.0, ""k_atr"": 1.0, ""minutos_rango"": 60}",obj30pct,reducido50,todos,long,13433,-0.32597,-6148.45,-0.29193,busqueda_24m
1790810558,1,orb_sesion,15,"{""hora_inicio_utc"": 0.0, ""k_atr"": 1.0, ""minutos_rango"": 60}",obj30pct,reducido50,todos,short,13739,-0.27206,-4710.06,-0.16018,busqueda_24m
1790810558,1,orb_sesion,15,"{""hora_inicio_utc"": 0.0, ""k_atr"": 1.0, ""minutos_rango"": 60}",obj50pct,reducido50,todos,ambos,27172,-0.30559,-11362.8,-0.25869,busqueda_24m
1790810558,1,orb_sesion,15,"{""hora_inicio_utc"": 0.0, ""k_atr"": 1.0, ""minutos_rango"": 60}",obj50pct,reducido50,todos,long,13433,-0.3581,-6953.28,-0.29289,busqueda_24m
1790810558,1,orb_sesion,15,"{""hora_inicio_utc"": 0.0, ""k_atr"": 1.0, ""minutos_rango"": 60}",obj50pct,reducido50,todos,short,13739,-0.25424,-4409.52,-0.11678,busqueda_24m
1790810558,1,orb_sesion,15,"{""hora_inicio_utc"": 0.0, ""k_atr"": 1.0, ""minutos_rango"": 60}",obj1R,reducido50,todos,ambos,27172,-0.27932,-9277.42,-0.47561,busqueda_24m
1790810558,1,orb_sesion,15,"{""hora_inicio_utc"": 0.0, ""k_atr"": 1.0, ""minutos_rango"": 60}",obj1R,reducido50,todos,long,13739,-0.31354,-5442.21,-0.30783,busqueda_24m
1790810558,1,orb_sesion,15,"{""hora_inicio_utc"": 0.0, ""k_atr"": 1.0, ""minutos_rango"": 60}",obj1R,reducido50,todos,short,13433,-0.24432,-3835.21,-0.28644,busqueda_24m
1790810558,1,orb_sesion,15,"{""hora_inicio_utc"": 0.0, ""k_atr"": 1.0, ""minutos_rango"": 60}",obj2R,reducido50,todos,ambos,27172,-0.26932,-9077.9,-0.33787,busqueda_24m
1790810558,1,orb_sesion,15,"{""hora_inicio_utc"": 0.0, ""k_atr"": 1.0, ""minutos_rango"": 60}",obj2R,reducido50,todos,long,13739,-0.30748,-5310.59,-0.2184,busqueda_24m
1790810558,1,orb_sesion,15,"{""hora_inicio_utc"": 0.0, ""k_atr"": 1.0, ""minutos_rango"": 60}",obj2R,reducido50,todos,short,13433,-0.2303,-3767.31,-0.18912,busqueda_24m
1790810558,1,orb_sesion,15,"{""hora_inicio_utc"": 0.0, ""k_atr"": 1.0, ""minutos_rango"": 60}",obj3R,reducido50,todos,ambos,27172,-0.24438,-8075.26,-0.25972,busqueda_24m
1790810558,1,orb_sesion,15,"{""hora_inicio_utc"": 0.0, ""k_atr"": 1.0, ""minutos_rango"": 60}",obj3R,reducido50,todos,long,13739,-0.28108,-4826.61,-0.17373,busqueda_24m
1790810558,1,orb_sesion,15,"{""hora_inicio_utc"": 0.0, ""k_atr"": 1.0, ""minutos_rango"": 60}",obj3R,reducido50,todos,short,13433,-0.20684,-3248.65,-0.13339,busqueda_24m
1790810558,1,orb_sesion,15,"{""hora_inicio_utc"": 0.0, ""k_atr"": 1.0, ""minutos_rango"": 60}",trail2R,reducido50,todos,ambos,27172,-0.24909,-8283.35,-0.25954,busqueda_24m
1790810558,1,orb_sesion,15,"{""hora_inicio_utc"": 0.0, ""k_atr"": 1.0, ""minutos_rango"": 60}",trail2R,reducido50,todos,long,13739,-0.27261,-4671.01,-0.16705,busqueda_24m
1790810558,1,orb_sesion,15,"{""hora_inicio_utc"": 0.0, ""k_atr"": 1.0, ""minutos_rango"": 60}",trail2R,reducido50,todos,short,13433,-0.22504,-3612.34,-0.15001,busqueda_24m
1790810558,1,orb_sesion,15,"{""hora_inicio_utc"": 0.0, ""k_atr"": 1.0, ""minutos_rango"": 60}",trail3R,reducido50,todos,ambos,27172,-0.2381,-7615.96,-0.2001,busqueda_24m
1790810558,1,orb_sesion,15,"{""hora_inicio_utc"": 0.0, ""k_atr"": 1.0, ""minutos_rango"": 60}",trail3R,reducido50,todos,long,13739,-0.26277,-4447.57,-0.14194,busqueda_24m
1790810558,1,orb_sesion,15,"{""hora_inicio_utc"": 0.0, ""k_atr"": 1.0, ""minutos_rango"": 60}",trail3R,reducido50,todos,short,13433,-0.21287,-3168.38,-0.10218,busqueda_24m
1790810558,1,orb_sesion,15,"{""hora_inicio_utc"": 0.0, ""k_atr"": 1.0, ""minutos_rango"": 60}",obj3R_be,reducido50,todos,ambos,27172,-0.25317,-8472.71,-0.2994,busqueda_24m
1790810558,1,orb_sesion,15,"{""hora_inicio_utc"": 0.0, ""k_atr"": 1.0, ""minutos_rango"": 60}",obj3R_be,reducido50,todos,long,13739,-0.28659,-4961.04,-0.19422,busqueda_24m
1790810558,1,orb_sesion,15,"{""hora_inicio_utc"": 0.0, ""k_atr"": 1.0, ""minutos_rango"": 60}",obj3R_be,reducido50,todos,short,13433,-0.21899,-3511.67,-0.16338,busqueda_24m
1790810558,1,orb_sesion,15,"{""hora_inicio_utc"": 0.0, ""k_atr"": 1.0, ""minutos_rango"": 60}",obj5pct,reducido50,todos,ambos,27172,-0.27791,-9254.44,-0.73071,busqueda_24m
1790810558,1,orb_sesion,15,"{""hora_inicio_utc"": 0.0, ""k_atr"": 1.0, ""minutos_rango"": 60}",obj5pct,reducido50,todos,long,13739,-0.30851,-5208.62,-0.47323,busqueda_24m
1790810558,1,orb_sesion,15,"{""hora_inicio_utc"": 0.0, ""k_atr"": 1.0, ""minutos_rango"": 60}",obj5pct,reducido50,todos,short,13433,-0.24662,-4045.82,-0.43084,busqueda_24m
1790810558,1,orb_sesion,15,"{""hora_inicio_utc"": 0.0, ""k_atr"": 1.0, ""minutos_rango"": 60}",obj10pct,reducido50,todos,ambos,27172,-0.26345,-8981.88,-0.46894,busqueda_24m
1790810558,1,orb_sesion,15,"{""hora_inicio_utc"": 0.0, ""k_atr"": 1.0, ""minutos_rango"": 60}",obj10pct,reducido50,todos,long,13739,-0.30515,-5343.16,-0.32133,busqueda_24m
1790810558,1,orb_sesion,15,"{""hora_inicio_utc"": 0.0, ""k_atr"": 1.0, ""minutos_rango"": 60}",obj10pct,reducido50,todos,short,13433,-0.22079,-3638.72,-0.26381,busqueda_24m
1790810558,1,orb_sesion,15,"{""hora_inicio_utc"": 0.0, ""k_atr"": 1.0, ""minutos_rango"": 60}",obj20pct,reducido50,todos,ambos,27172,-0.25299,-8650.9,-0.33693,busqueda_24m
1790810558,1,orb_sesion,15,"{""hora_inicio_utc"": 0.0, ""k_atr"": 1.0, ""minutos_rango"": 60}",obj20pct,reducido50,todos,long,13739,-0.28035,-5000.09,-0.22042,busqueda_24m
1790810558,1,orb_sesion,15,"{""hora_inicio_utc"": 0.0, ""k_atr"": 1.0, ""minutos_rango"": 60}",obj20pct,reducido50,todos,short,13433,-0.22501,-3650.82,-0.18727,busqueda_24m
1790810558,1,orb_sesion,15,"{""hora_inicio_utc"": 0.0, ""k_atr"": 1.0, ""minutos_rango"": 60}",obj30pct,reducido50,todos,ambos,27172,-0.24671,-8278.8,-0.27434,busqueda_24m
1790810558,1,orb_sesion,15,"{""hora_inicio_utc"": 0.0, ""k_atr"": 1.0, ""minutos_rango"": 60}",obj30pct,reducido50,todos,long,13739,-0.27539,-4860.48,-0.18277,busqueda_24m
1790810558,1,orb_sesion,15,"{""hora_inicio_utc"": 0.0, ""k_atr"": 1.0, ""minutos_rango"": 60}",obj30pct,reducido50,todos,short,13433,-0.21738,-3418.33,-0.14302,busqueda_24m
1790810558,1,orb_sesion,15,"{""hora_inicio_utc"": 0.0, ""k_atr"": 1.0, ""minutos_rango"": 60}",obj50pct,reducido50,todos,ambos,27172,-0.23763,-7823.57,-0.22041,busqueda_24m
1790810558,1,orb_sesion,15,"{""hora_inicio_utc"": 0.0, ""k_atr"": 1.0, ""minutos_rango"": 60}",obj50pct,reducido50,todos,long,13739,-0.25774,-4364.5,-0.14432,busqueda_24m
1790810558,1,orb_sesion,15,"{""hora_inicio_utc"": 0.0, ""k_atr"": 1.0, ""minutos_rango"": 60}",obj50pct,reducido50,todos,short,13433,-0.21707,-3459.08,-0.12009,busqueda_24m
1790810558,1,orb_sesion,15,"{""hora_inicio_utc"": 0.0, ""k_atr"": 1.5, ""minutos_rango"": 60}",obj1R,reducido50,todos,ambos,27172,-0.19912,-10411.06,-0.3332,busqueda_24m
1790810558,1,orb_sesion,15,"{""hora_inicio_utc"": 0.0, ""k_atr"": 1.5, ""minutos_rango"": 60}",obj1R,reducido50,todos,long,13433,-0.22355,-6176.42,-0.30184,busqueda_24m
1790810558,1,orb_sesion,15,"{""hora_inicio_utc"": 0.0, ""k_atr"": 1.5, ""minutos_rango"": 60}",obj1R,reducido50,todos,short,13739,-0.17524,-4234.64,-0.16126,busqueda_24m
1790810558,1,orb_sesion,15,"{""hora_inicio_utc"": 0.0, ""k_atr"": 1.5, ""minutos_rango"": 60}",obj2R,reducido50,todos,ambos,27172,-0.21354,-12202.44,-0.27197,busqueda_24m
1790810558,1,orb_sesion,15,"{""hora_inicio_utc"": 0.0, ""k_atr"": 1.5, ""minutos_rango"": 60}",obj2R,reducido50,todos,long,13433,-0.23584,-6856.52,-0.24248,busqueda_24m
1790810558,1,orb_sesion,15,"{""hora_inicio_utc"": 0.0, ""k_atr"": 1.5, ""minutos_rango"": 60}",obj2R,reducido50,todos,short,13739,-0.19174,-5345.91,-0.14215,busqueda_24m
1790810558,1,orb_sesion,15,"{""hora_inicio_utc"": 0.0, ""k_atr"": 1.5, ""minutos_rango"": 60}",obj3R,reducido50,todos,ambos,27172,-0.21482,-12501.34,-0.24074,busqueda_24m
1790810558,1,orb_sesion,15,"{""hora_inicio_utc"": 0.0, ""k_atr"": 1.5, ""minutos_rango"": 60}",obj3R,reducido50,todos,long,13433,-0.24173,-7144.29,-0.22898,busqueda_24m
1790810558,1,orb_sesion,15,"{""hora_inicio_utc"": 0.0, ""k_atr"": 1.5, ""minutos_rango"": 60}",obj3R,reducido50,todos,short,13739,-0.18851,-5357.05,-0.12105,busqueda_24m
1790810558,1,orb_sesion,15,"{""hora_inicio_utc"": 0.0, ""k_atr"": 1.5, ""minutos_rango"": 60}",trail2R,reducido50,todos,ambos,27172,-0.21669,-12716.21,-0.24303,busqueda_24m
1790810558,1,orb_sesion,15,"{""hora_inicio_utc"": 0.0, ""k_atr"": 1.5, ""minutos_rango"": 60}",trail2R,reducido50,todos,long,13433,-0.2548,-7593.3,-0.25409,busqueda_24m
1790810558,1,orb_sesion,15,"{""hora_inicio_utc"": 0.0, ""k_atr"": 1.5, ""minutos_rango"": 60}",trail2R,reducido50,todos,short,13739,-0.17942,-5122.91,-0.11337,busqueda_24m
1790810558,1,orb_sesion,15,"{""hora_inicio_utc"": 0.0, ""k_atr"": 1.5, ""minutos_rango"": 60}",trail3R,reducido50,todos,ambos,27172,-0.22873,-14186.56,-0.25323,busqueda_24m
1790810558,1,orb_sesion,15,"{""hora_inicio_utc"": 0.0, ""k_atr"": 1.5, ""minutos_rango"": 60}",trail3R,reducido50,todos,long,13433,-0.26446,-8072.69,-0.2468,busqueda_24m
1790810558,1,orb_sesion,15,"{""hora_inicio_utc"": 0.0, ""k_atr"": 1.5, ""minutos_rango"": 60}",trail3R,reducido50,todos,short,13739,-0.1938,-6113.87,-0.12742,busqueda_24m
1790810558,1,orb_sesion,15,"{""hora_inicio_utc"": 0.0, ""k_atr"": 1.5, ""minutos_rango"": 60}",obj3R_be,reducido50,todos,ambos,27172,-0.21341,-12028.61,-0.24461,busqueda_24m
1790810558,1,orb_sesion,15,"{""hora_inicio_utc"": 0.0, ""k_atr"": 1.5, ""minutos_rango"": 60}",obj3R_be,reducido50,todos,long,13433,-0.24095,-7059.19,-0.24018,busqueda_24m
1790810558,1,orb_sesion,15,"{""hora_inicio_utc"": 0.0, ""k_atr"": 1.5, ""minutos_rango"": 60}",obj3R_be,reducido50,todos,short,13739,-0.18648,-4969.43,-0.11853,busqueda_24m
1790810558,1,orb_sesion,15,"{""hora_inicio_utc"": 0.0, ""k_atr"": 1.5, ""minutos_rango"": 60}",obj5pct,reducido50,todos,ambos,27172,-0.19737,-10409.46,-0.64443,busqueda_24m
1790810558,1,orb_sesion,15,"{""hora_inicio_utc"": 0.0, ""k_atr"": 1.5, ""minutos_rango"": 60}",obj5pct,reducido50,todos,long,13433,-0.21918,-5842.84,-0.50575,busqueda_24m
1790810558,1,orb_sesion,15,"{""hora_inicio_utc"": 0.0, ""k_atr"": 1.5, ""minutos_rango"": 60}",obj5pct,reducido50,todos,short,13739,-0.17603,-4566.61,-0.38755,busqueda_24m
1790810558,1,orb_sesion,15,"{""hora_inicio_utc"": 0.0, ""k_atr"": 1.5, ""minutos_rango"": 60}",obj10pct,reducido50,todos,ambos,27172,-0.19497,-10483.97,-0.43464,busqueda_24m
1790810558,1,orb_sesion,15,"{""hora_inicio_utc"": 0.0, ""k_atr"": 1.5, ""minutos_rango"": 60}",obj10pct,reducido50,todos,long,13433,-0.21463,-5849.97,-0.35049,busqueda_24m
1790810558,1,orb_sesion,15,"{""hora_inicio_utc"": 0.0, ""k_atr"": 1.5, ""minutos_rango"": 60}",obj10pct,reducido50,todos,short,13739,-0.17576,-4633.99,-0.24621,busqueda_24m
1790810558,1,orb_sesion,15,"{""hora_inicio_utc"": 0.0, ""k_atr"": 1.5, ""minutos_rango"": 60}",obj20pct,reducido50,todos,ambos,27172,-0.19883,-10818.43,-0.30042,busqueda_24m
1790810558,1,orb_sesion,15,"{""hora_inicio_utc"": 0.0, ""k_atr"": 1.5, ""minutos_rango"": 60}",obj20pct,reducido50,todos,long,13433,-0.22165,-6172.41,-0.25816,busqueda_24m
1790810558,1,orb_sesion,15,"{""hora_inicio_utc"": 0.0, ""k_atr"": 1.5, ""minutos_rango"": 60}",obj20pct,reducido50,todos,short,13739,-0.17652,-4646.02,-0.15825,busqueda_24m
1790810558,1,orb_sesion,15,"{""hora_inicio_utc"": 0.0, ""k_atr"": 1.5, ""minutos_rango"": 60}",obj30pct,reducido50,todos,ambos,27172,-0.20246,-11237.97,-0.2504,busqueda_24m
1790810558,1,orb_sesion,15,"{""hora_inicio_utc"": 0.0, ""k_atr"": 1.5, ""minutos_rango"": 60}",obj30pct,reducido50,todos,long,13433,-0.22914,-6471.74,-0.23042,busqueda_24m
1790810558,1,orb_sesion,15,"{""hora_inicio_utc"": 0.0, ""k_atr"": 1.5, ""minutos_rango"": 60}",obj30pct,reducido50,todos,short,13739,-0.17637,-4766.23,-0.12819,busqueda_24m
1790810558,1,orb_sesion,15,"{""hora_inicio_utc"": 0.0, ""k_atr"": 1.5, ""minutos_rango"": 60}",obj50pct,reducido50,todos,ambos,27172,-0.20556,-11752.94,-0.21538,busqueda_24m
1790810558,1,orb_sesion,15,"{""hora_inicio_utc"": 0.0, ""k_atr"": 1.5, ""minutos_rango"": 60}",obj50pct,reducido50,todos,long,13433,-0.25009,-7362.7,-0.23375,busqueda_24m
1790810558,1,orb_sesion,15,"{""hora_inicio_utc"": 0.0, ""k_atr"": 1.5, ""minutos_rango"": 60}",obj50pct,reducido50,todos,short,13739,-0.16203,-4390.24,-0.09342,busqueda_24m
1790810558,1,orb_sesion,15,"{""hora_inicio_utc"": 0.0, ""k_atr"": 1.5, ""minutos_rango"": 60}",obj1R,reducido50,todos,ambos,27172,-0.18841,-9747.54,-0.31337,busqueda_24m
1790810558,1,orb_sesion,15,"{""hora_inicio_utc"": 0.0, ""k_atr"": 1.5, ""minutos_rango"": 60}",obj1R,reducido50,todos,long,13739,-0.21675,-6007.04,-0.21751,busqueda_24m
1790810558,1,orb_sesion,15,"{""hora_inicio_utc"": 0.0, ""k_atr"": 1.5, ""minutos_rango"": 60}",obj1R,reducido50,todos,short,13433,-0.15943,-3740.5,-0.17234,busqueda_24m
1790810558,1,orb_sesion,15,"{""hora_inicio_utc"": 0.0, ""k_atr"": 1.5, ""minutos_rango"": 60}",obj2R,reducido50,todos,ambos,27172,-0.15934,-7870.14,-0.19308,busqueda_24m
1790810558,1,orb_sesion,15,"{""hora_inicio_utc"": 0.0, ""k_atr"": 1.5, ""minutos_rango"": 60}",obj2R,reducido50,todos,long,13739,-0.18892,-5136.59,-0.14419,busqueda_24m
1790810558,1,orb_sesion,15,"{""hora_inicio_utc"": 0.0, ""k_atr"": 1.5, ""minutos_rango"": 60}",obj2R,reducido50,todos,short,13433,-0.12909,-2733.55,-0.08533,busqueda_24m
1790810558,1,orb_sesion,15,"{""hora_inicio_utc"": 0.0, ""k_atr"": 1.5, ""minutos_rango"": 60}",obj3R,reducido50,todos,ambos,27172,-0.14957,-7105.12,-0.1533,busqueda_24m
1790810558,1,orb_sesion,15,"{""hora_inicio_utc"": 0.0, ""k_atr"": 1.5, ""minutos_rango"": 60}",obj3R,reducido50,todos,long,13739,-0.17461,-4585.49,-0.11626,busqueda_24m
1790810558,1,orb_sesion,15,"{""hora_inicio_utc"": 0.0, ""k_atr"": 1.5, ""minutos_rango"": 60}",obj3R,reducido50,todos,short,13433,-0.12396,-2519.62,-0.06629,busqueda_24m
1790810558,1,orb_sesion,15,"{""hora_inicio_utc"": 0.0, ""k_atr"": 1.5, ""minutos_rango"": 60}",trail2R,reducido50,todos,ambos,27172,-0.15232,-7039.02,-0.14634,busqueda_24m
1790810558,1,orb_sesion,15,"{""hora_inicio_utc"": 0.0, ""k_atr"": 1.5, ""minutos_rango"": 60}",trail2R,reducido50,todos,long,13739,-0.17671,-4658.67,-0.11993,busqueda_24m
1790810558,1,orb_sesion,15,"{""hora_inicio_utc"": 0.0, ""k_atr"": 1.5, ""minutos_rango"": 60}",trail2R,reducido50,todos,short,13433,-0.12738,-2380.35,-0.05985,busqueda_24m
1790810558,1,orb_sesion,15,"{""hora_inicio_utc"": 0.0, ""k_atr"": 1.5, ""minutos_rango"": 60}",trail3R,reducido50,todos,ambos,27172,-0.14937,-7129.5,-0.14143,busqueda_24m
1790810558,1,orb_sesion,15,"{""hora_inicio_utc"": 0.0, ""k_atr"": 1.5, ""minutos_rango"": 60}",trail3R,reducido50,todos,long,13739,-0.17128,-4535.3,-0.10936,busqueda_24m
1790810558,1,orb_sesion,15,"{""hora_inicio_utc"": 0.0, ""k_atr"": 1.5, ""minutos_rango"": 60}",trail3R,reducido50,todos,short,13433,-0.12697,-2594.2,-0.06203,busqueda_24m
1790810558,1,orb_sesion,15,"{""hora_inicio_utc"": 0.0, ""k_atr"": 1.5, ""minutos_rango"": 60}",obj3R_be,reducido50,todos,ambos,27172,-0.15418,-7315.21,-0.16677,busqueda_24m
1790810558,1,orb_sesion,15,"{""hora_inicio_utc"": 0.0, ""k_atr"": 1.5, ""minutos_rango"": 60}",obj3R_be,reducido50,todos,long,13739,-0.17907,-4686.08,-0.12494,busqueda_24m
1790810558,1,orb_sesion,15,"{""hora_inicio_utc"": 0.0, ""k_atr"": 1.5, ""minutos_rango"": 60}",obj3R_be,reducido50,todos,short,13433,-0.12873,-2629.13,-0.07381,busqueda_24m
1790810558,1,orb_sesion,15,"{""hora_inicio_utc"": 0.0, ""k_atr"": 1.5, ""minutos_rango"": 60}",obj5pct,reducido50,todos,ambos,27172,-0.18852,-9490.09,-0.58783,busqueda_24m
1790810558,1,orb_sesion,15,"{""hora_inicio_utc"": 0.0, ""k_atr"": 1.5, ""minutos_rango"": 60}",obj5pct,reducido50,todos,long,13739,-0.20912,-5418.34,-0.39056,busqueda_24m
1790810558,1,orb_sesion,15,"{""hora_inicio_utc"": 0.0, ""k_atr"": 1.5, ""minutos_rango"": 60}",obj5pct,reducido50,todos,short,13433,-0.16744,-4071.75,-0.35141,busqueda_24m
1790810558,1,orb_sesion,15,"{""hora_inicio_utc"": 0.0, ""k_atr"": 1.5, ""minutos_rango"": 60}",obj10pct,reducido50,todos,ambos,27172,-0.17919,-9421.13,-0.37851,busqueda_24m
1790810558,1,orb_sesion,15,"{""hora_inicio_utc"": 0.0, ""k_atr"": 1.5, ""minutos_rango"": 60}",obj10pct,reducido50,todos,long,13739,-0.20759,-5752.88,-0.26595,busqueda_24m
1790810558,1,orb_sesion,15,"{""hora_inicio_utc"": 0.0, ""k_atr"": 1.5, ""minutos_rango"": 60}",obj10pct,reducido50,todos,short,13433,-0.15014,-3668.25,-0.21028,busqueda_24m
1790810558,1,orb_sesion,15,"{""hora_inicio_utc"": 0.0, ""k_atr"": 1.5, ""minutos_rango"": 60}",obj20pct,reducido50,todos,ambos,27172,-0.16693,-8820.58,-0.26307,busqueda_24m
1790810558,1,orb_sesion,15,"{""hora_inicio_utc"": 0.0, ""k_atr"": 1.5, ""minutos_rango"": 60}",obj20pct,reducido50,todos,long,13739,-0.18904,-5394.81,-0.18381,busqueda_24m
1790810558,1,orb_sesion,15,"{""hora_inicio_utc"": 0.0, ""k_atr"": 1.5, ""minutos_rango"": 60}",obj20pct,reducido50,todos,short,13433,-0.1443,-3425.76,-0.13472,busqueda_24m
1790810558,1,orb_sesion,15,"{""hora_inicio_utc"": 0.0, ""k_atr"": 1.5, ""minutos_rango"": 60}",obj30pct,reducido50,todos,ambos,27172,-0.1599,-8228.16,-0.2089,busqueda_24m
1790810558,1,orb_sesion,15,"{""hora_inicio_utc"": 0.0, ""k_atr"": 1.5, ""minutos_rango"": 60}",obj30pct,reducido50,todos,long,13739,-0.18335,-5170.88,-0.15144,busqueda_24m
1790810558,1,orb_sesion,15,"{""hora_inicio_utc"": 0.0, ""k_atr"": 1.5, ""minutos_rango"": 60}",obj30pct,reducido50,todos,short,13433,-0.13591,-3057.28,-0.09735,busqueda_24m
1790810558,1,orb_sesion,15,"{""hora_inicio_utc"": 0.0, ""k_atr"": 1.5, ""minutos_rango"": 60}",obj50pct,reducido50,todos,ambos,27172,-0.15267,-7565.62,-0.16529,busqueda_24m
1790810558,1,orb_sesion,15,"{""hora_inicio_utc"": 0.0, ""k_atr"": 1.5, ""minutos_rango"": 60}",obj50pct,reducido50,todos,long,13739,-0.1708,-4593.15,-0.11892,busqueda_24m
1790810558,1,orb_sesion,15,"{""hora_inicio_utc"": 0.0, ""k_atr"": 1.5, ""minutos_rango"": 60}",obj50pct,reducido50,todos,short,13433,-0.13414,-2972.47,-0.07881,busqueda_24m
1790810558,1,orb_sesion,15,"{""hora_inicio_utc"": 7.0, ""k_atr"": 1.0, ""minutos_rango"": 60}",obj1R,reducido50,todos,ambos,27210,-0.31408,-10190.06,-0.62271,busqueda_24m
1790810558,1,orb_sesion,15,"{""hora_inicio_utc"": 7.0, ""k_atr"": 1.0, ""minutos_rango"": 60}",obj1R,reducido50,todos,long,13126,-0.35586,-5498.15,-0.536,busqueda_24m
1790810558,1,orb_sesion,15,"{""hora_inicio_utc"": 7.0, ""k_atr"": 1.0, ""minutos_rango"": 60}",obj1R,reducido50,todos,short,14084,-0.27515,-4691.91,-0.36301,busqueda_24m
1790810558,1,orb_sesion,15,"{""hora_inicio_utc"": 7.0, ""k_atr"": 1.0, ""minutos_rango"": 60}",obj2R,reducido50,todos,ambos,27210,-0.319,-10782.32,-0.43609,busqueda_24m
1790810558,1,orb_sesion,15,"{""hora_inicio_utc"": 7.0, ""k_atr"": 1.0, ""minutos_rango"": 60}",obj2R,reducido50,todos,long,13126,-0.3667,-5833.4,-0.37933,busqueda_24m
1790810558,1,orb_sesion,15,"{""hora_inicio_utc"": 7.0, ""k_atr"": 1.0, ""minutos_rango"": 60}",obj2R,reducido50,todos,short,14084,-0.27455,-4948.92,-0.25173,busqueda_24m
1790810558,1,orb_sesion,15,"{""hora_inicio_utc"": 7.0, ""k_atr"": 1.0, ""minutos_rango"": 60}",obj3R,reducido50,todos,ambos,27210,-0.31401,-10500.34,-0.34074,busqueda_24m
1790810558,1,orb_sesion,15,"{""hora_inicio_utc"": 7.0, ""k_atr"": 1.0, ""minutos_rango"": 60}",obj3R,reducido50,todos,long,13126,-0.36607,-5747.74,-0.29262,busqueda_24m
1790810558,1,orb_sesion,15,"{""hora_inicio_utc"": 7.0, ""k_atr"": 1.0, ""minutos_rango"": 60}",obj3R,reducido50,todos,short,14084,-0.26549,-4752.61,-0.19397,busqueda_24m
1790810558,1,orb_sesion,15,"{""hora_inicio_utc"": 7.0, ""k_atr"": 1.0, ""minutos_rango"": 60}",trail2R,reducido50,todos,ambos,27210,-0.33407,-11024.98,-0.34306,busqueda_24m
1790810558,1,orb_sesion,15,"{""hora_inicio_utc"": 7.0, ""k_atr"": 1.0, ""minutos_rango"": 60}",trail2R,reducido50,todos,long,13126,-0.36186,-5625.46,-0.26908,busqueda_24m
1790810558,1,orb_sesion,15,"{""hora_inicio_utc"": 7.0, ""k_atr"": 1.0, ""minutos_rango"": 60}",trail2R,reducido50,todos,short,14084,-0.30816,-5399.51,-0.21853,busqueda_24m
1790810558,1,orb_sesion,15,"{""hora_inicio_utc"": 7.0, ""k_atr"": 1.0, ""minutos_rango"": 60}",trail3R,reducido50,todos,ambos,27210,-0.32453,-10711.67,-0.27248,busqueda_24m
1790810558,1,orb_sesion,15,"{""hora_inicio_utc"": 7.0, ""k_atr"": 1.0, ""minutos_rango"": 60}",trail3R,reducido50,todos,long,13126,-0.3727,-5806.49,-0.2431,busqueda_24m
1790810558,1,orb_sesion,15,"{""hora_inicio_utc"": 7.0, ""k_atr"": 1.0, ""minutos_rango"": 60}",trail3R,reducido50,todos,short,14084,-0.27964,-4905.18,-0.15338,busqueda_24m
1790810558,1,orb_sesion,15,"{""hora_inicio_utc"": 7.0, ""k_atr"": 1.0, ""minutos_rango"": 60}",obj3R_be,reducido50,todos,ambos,27210,-0.3232,-10841.15,-0.40107,busqueda_24m
1790810558,1,orb_sesion,15,"{""hora_inicio_utc"": 7.0, ""k_atr"": 1.0, ""minutos_rango"": 60}",obj3R_be,reducido50,todos,long,13126,-0.36542,-5743.58,-0.34119,busqueda_24m
1790810558,1,orb_sesion,15,"{""hora_inicio_utc"": 7.0, ""k_atr"": 1.0, ""minutos_rango"": 60}",obj3R_be,reducido50,todos,short,14084,-0.28385,-5097.57,-0.23683,busqueda_24m
1790810558,1,orb_sesion,15,"{""hora_inicio_utc"": 7.0, ""k_atr"": 1.0, ""minutos_rango"": 60}",obj5pct,reducido50,todos,ambos,27210,-0.30764,-10050.23,-0.8427,busqueda_24m
1790810558,1,orb_sesion,15,"{""hora_inicio_utc"": 7.0, ""k_atr"": 1.0, ""minutos_rango"": 60}",obj5pct,reducido50,todos,long,13126,-0.34652,-5387.83,-0.69132,busqueda_24m
1790810558,1,orb_sesion,15,"{""hora_inicio_utc"": 7.0, ""k_atr"": 1.0, ""minutos_rango"": 60}",obj5pct,reducido50,todos,short,14084,-0.27141,-4662.4,-0.51041,busqueda_24m
1790810558,1,orb_sesion,15,"{""hora_inicio_utc"": 7.0, ""k_atr"": 1.0, ""minutos_rango"": 60}",obj10pct,reducido50,todos,ambos,27210,-0.30057,-9977.63,-0.56443,busqueda_24m
1790810558,1,orb_sesion,15,"{""hora_inicio_utc"": 7.0, ""k_atr"": 1.0, ""minutos_rango"": 60}",obj10pct,reducido50,todos,long,13126,-0.34363,-5435.01,-0.48316,busqueda_24m
1790810558,1,orb_sesion,15,"{""hora_inicio_utc"": 7.0, ""k_atr"": 1.0, ""minutos_rango"": 60}",obj10pct,reducido50,todos,short,14084,-0.26045,-4542.62,-0.32799,busqueda_24m
1790810558,1,orb_sesion,15,"{""hora_inicio_utc"": 7.0, ""k_atr"": 1.0, ""minutos_rango"": 60}",obj20pct,reducido50,todos,ambos,27210,-0.31339,-10525.78,-0.40776,busqueda_24m
1790810558,1,orb_sesion,15,"{""hora_inicio_utc"": 7.0, ""k_atr"": 1.0, ""minutos_rango"": 60}",obj20pct,reducido50,todos,long,13126,-0.36168,-5798.63,-0.36409,busqueda_24m
1790810558,1,orb_sesion,15,"{""hora_inicio_utc"": 7.0, ""k_atr"": 1.0, ""minutos_rango"": 60}",obj20pct,reducido50,todos,short,14084,-0.26838,-4727.15,-0.22809,busqueda_24m
1790810558,1,orb_sesion,15,"{""hora_inicio_utc"": 7.0, ""k_atr"": 1.0, ""minutos_rango"": 60}",obj30pct,reducido50,todos,ambos,27210,-0.31183,-10390.57,-0.32871,busqueda_24m
1790810558,1,orb_sesion,15,"{""hora_inicio_utc"": 7.0, ""k_atr"": 1.0, ""minutos_rango"": 60}",obj30pct,reducido50,todos,long,13126,-0.3508,-5724.55,-0.29397,busqueda_24m
1790810558,1,orb_sesion,15,"{""hora_inicio_utc"": 7.0, ""k_atr"": 1.0, ""minutos_rango"": 60}",obj30pct,reducido50,todos,short,14084,-0.2755,-4666.02,-0.18109,busqueda_24m
1790810558,1,orb_sesion,15,"{""hora_inicio_utc"": 7.0, ""k_atr"": 1.0, ""minutos_rango"": 60}",obj50pct,reducido50,todos,ambos,27210,-0.31327,-10656.72,-0.27073,busqueda_24m
1790810558,1,orb_sesion,15,"{""hora_inicio_utc"": 7.0, ""k_atr"": 1.0, ""minutos_rango"": 60}",obj50pct,reducido50,todos,long,13126,-0.35824,-5880.28,-0.24648,busqueda_24m
1790810558,1,orb_sesion,15,"{""hora_inicio_utc"": 7.0, ""k_atr"": 1.0, ""minutos_rango"": 60}",obj50pct,reducido50,todos,short,14084,-0.27135,-4776.44,-0.14673,busqueda_24m
1790810558,1,orb_sesion,15,"{""hora_inicio_utc"": 7.0, ""k_atr"": 1.0, ""minutos_rango"": 60}",obj1R,reducido50,todos,ambos,27210,-0.29816,-9436.3,-0.59245,busqueda_24m
1790810558,1,orb_sesion,15,"{""hora_inicio_utc"": 7.0, ""k_atr"": 1.0, ""minutos_rango"": 60}",obj1R,reducido50,todos,long,14084,-0.33392,-5501.39,-0.39471,busqueda_24m
1790810558,1,orb_sesion,15,"{""hora_inicio_utc"": 7.0, ""k_atr"": 1.0, ""minutos_rango"": 60}",obj1R,reducido50,todos,short,13126,-0.25978,-3934.91,-0.3426,busqueda_24m
1790810558,1,orb_sesion,15,"{""hora_inicio_utc"": 7.0, ""k_atr"": 1.0, ""minutos_rango"": 60}",obj2R,reducido50,todos,ambos,27210,-0.3021,-9585.22,-0.45088,busqueda_24m
1790810558,1,orb_sesion,15,"{""hora_inicio_utc"": 7.0, ""k_atr"": 1.0, ""minutos_rango"": 60}",obj2R,reducido50,todos,long,14084,-0.36771,-6138.51,-0.3246,busqueda_24m
1790810558,1,orb_sesion,15,"{""hora_inicio_utc"": 7.0, ""k_atr"": 1.0, ""minutos_rango"": 60}",obj2R,reducido50,todos,short,13126,-0.23171,-3446.72,-0.20689,busqueda_24m
1790810558,1,orb_sesion,15,"{""hora_inicio_utc"": 7.0, ""k_atr"": 1.0, ""minutos_rango"": 60}",obj3R,reducido50,todos,ambos,27210,-0.31767,-10299.74,-0.42453,busqueda_24m
1790810558,1,orb_sesion,15,"{""hora_inicio_utc"": 7.0, ""k_atr"": 1.0, ""minutos_rango"": 60}",obj3R,reducido50,todos,long,14084,-0.39109,-6596.47,-0.29492,busqueda_24m
1790810558,1,orb_sesion,15,"{""hora_inicio_utc"": 7.0, ""k_atr"": 1.0, ""minutos_rango"": 60}",obj3R,reducido50,todos,short,13126,-0.23888,-3703.27,-0.18656,busqueda_24m
1790810558,1,orb_sesion,15,"{""hora_inicio_utc"": 7.0, ""k_atr"": 1.0, ""minutos_rango"": 60}",trail2R,reducido50,todos,ambos,27210,-0.31738,-10431.82,-0.429,busqueda_24m
1790810558,1,orb_sesion,15,"{""hora_inicio_utc"": 7.0, ""k_atr"": 1.0, ""minutos_rango"": 60}",trail2R,reducido50,todos,long,14084,-0.3868,-6632.31,-0.29847,busqueda_24m
1790810558,1,orb_sesion,15,"{""hora_inicio_utc"": 7.0, ""k_atr"": 1.0, ""minutos_rango"": 60}",trail2R,reducido50,todos,short,13126,-0.24289,-3799.51,-0.19984,busqueda_24m
1790810558,1,orb_sesion,15,"{""hora_inicio_utc"": 7.0, ""k_atr"": 1.0, ""minutos_rango"": 60}",trail3R,reducido50,todos,ambos,27210,-0.3332,-10911.9,-0.36501,busqueda_24m
1790810558,1,orb_sesion,15,"{""hora_inicio_utc"": 7.0, ""k_atr"": 1.0, ""minutos_rango"": 60}",trail3R,reducido50,todos,long,14084,-0.4315,-7246.22,-0.26822,busqueda_24m
1790810558,1,orb_sesion,15,"{""hora_inicio_utc"": 7.0, ""k_atr"": 1.0, ""minutos_rango"": 60}",trail3R,reducido50,todos,short,13126,-0.22773,-3665.68,-0.15233,busqueda_24m
1790810558,1,orb_sesion,15,"{""hora_inicio_utc"": 7.0, ""k_atr"": 1.0, ""minutos_rango"": 60}",obj3R_be,reducido50,todos,ambos,27210,-0.3133,-10360.37,-0.48015,busqueda_24m
1790810558,1,orb_sesion,15,"{""hora_inicio_utc"": 7.0, ""k_atr"": 1.0, ""minutos_rango"": 60}",obj3R_be,reducido50,todos,long,14084,-0.3778,-6563.3,-0.33027,busqueda_24m
1790810558,1,orb_sesion,15,"{""hora_inicio_utc"": 7.0, ""k_atr"": 1.0, ""minutos_rango"": 60}",obj3R_be,reducido50,todos,short,13126,-0.2441,-3797.07,-0.22055,busqueda_24m
1790810558,1,orb_sesion,15,"{""hora_inicio_utc"": 7.0, ""k_atr"": 1.0, ""minutos_rango"": 60}",obj5pct,reducido50,todos,ambos,27210,-0.29737,-9565.13,-0.82742,busqueda_24m
1790810558,1,orb_sesion,15,"{""hora_inicio_utc"": 7.0, ""k_atr"": 1.0, ""minutos_rango"": 60}",obj5pct,reducido50,todos,long,14084,-0.33321,-5650.84,-0.53208,busqueda_24m
1790810558,1,orb_sesion,15,"{""hora_inicio_utc"": 7.0, ""k_atr"": 1.0, ""minutos_rango"": 60}",obj5pct,reducido50,todos,short,13126,-0.25892,-3914.29,-0.46977,busqueda_24m
1790810558,1,orb_sesion,15,"{""hora_inicio_utc"": 7.0, ""k_atr"": 1.0, ""minutos_rango"": 60}",obj10pct,reducido50,todos,ambos,27210,-0.30076,-9620.81,-0.59377,busqueda_24m
1790810558,1,orb_sesion,15,"{""hora_inicio_utc"": 7.0, ""k_atr"": 1.0, ""minutos_rango"": 60}",obj10pct,reducido50,todos,long,14084,-0.36119,-6064.65,-0.4222,busqueda_24m
1790810558,1,orb_sesion,15,"{""hora_inicio_utc"": 7.0, ""k_atr"": 1.0, ""minutos_rango"": 60}",obj10pct,reducido50,todos,short,13126,-0.23591,-3556.17,-0.28527,busqueda_24m
1790810558,1,orb_sesion,15,"{""hora_inicio_utc"": 7.0, ""k_atr"": 1.0, ""minutos_rango"": 60}",obj20pct,reducido50,todos,ambos,27210,-0.3163,-10089.75,-0.46698,busqueda_24m
1790810558,1,orb_sesion,15,"{""hora_inicio_utc"": 7.0, ""k_atr"": 1.0, ""minutos_rango"": 60}",obj20pct,reducido50,todos,long,14084,-0.40147,-6667.42,-0.34385,busqueda_24m
1790810558,1,orb_sesion,15,"{""hora_inicio_utc"": 7.0, ""k_atr"": 1.0, ""minutos_rango"": 60}",obj20pct,reducido50,todos,short,13126,-0.22493,-3422.33,-0.19244,busqueda_24m
1790810558,1,orb_sesion,15,"{""hora_inicio_utc"": 7.0, ""k_atr"": 1.0, ""minutos_rango"": 60}",obj30pct,reducido50,todos,ambos,27210,-0.31776,-10183.46,-0.41071,busqueda_24m
1790810558,1,orb_sesion,15,"{""hora_inicio_utc"": 7.0, ""k_atr"": 1.0, ""minutos_rango"": 60}",obj30pct,reducido50,todos,long,14084,-0.42609,-7221.9,-0.33006,busqueda_24m
1790810558,1,orb_sesion,15,"{""hora_inicio_utc"": 7.0, ""k_atr"": 1.0, ""minutos_rango"": 60}",obj30pct,reducido50,todos,short,13126,-0.20152,-2961.56,-0.13625,busqueda_24m
1790810558,1,orb_sesion,15,"{""hora_inicio_utc"": 7.0, ""k_atr"": 1.0, ""minutos_rango"": 60}",obj50pct,reducido50,todos,ambos,27210,-0.33423,-10788.33,-0.371,busqueda_24m
1790810558,1,orb_sesion,15,"{""hora_inicio_utc"": 7.0, ""k_atr"": 1.0, ""minutos_rango"": 60}",obj50pct,reducido50,todos,long,14084,-0.46309,-7995.36,-0.32283,busqueda_24m
1790810558,1,orb_sesion,15,"{""hora_inicio_utc"": 7.0, ""k_atr"": 1.0, ""minutos_rango"": 60}",obj50pct,reducido50,todos,short,13126,-0.19596,-2792.96,-0.10557,busqueda_24m
1790810558,1,orb_sesion,15,"{""hora_inicio_utc"": 7.0, ""k_atr"": 1.5, ""minutos_rango"": 60}",obj1R,reducido50,todos,ambos,27210,-0.21257,-10814.79,-0.41698,busqueda_24m
1790810558,1,orb_sesion,15,"{""hora_inicio_utc"": 7.0, ""k_atr"": 1.5, ""minutos_rango"": 60}",obj1R,reducido50,todos,long,13126,-0.25637,-6073.39,-0.35468,busqueda_24m
1790810558,1,orb_sesion,15,"{""hora_inicio_utc"": 7.0, ""k_atr"": 1.5, ""minutos_rango"": 60}",obj1R,reducido50,todos,short,14084,-0.17175,-4741.4,-0.22987,busqueda_24m
1790810558,1,orb_sesion,15,"{""hora_inicio_utc"": 7.0, ""k_atr"": 1.5, ""minutos_rango"": 60}",obj2R,reducido50,todos,ambos,27210,-0.21001,-10996.44,-0.28472,busqueda_24m
1790810558,1,orb_sesion,15,"{""hora_inicio_utc"": 7.0, ""k_atr"": 1.5, ""minutos_rango"": 60}",obj2R,reducido50,todos,long,13126,-0.26481,-6280.09,-0.24226,busqueda_24m
1790810558,1,orb_sesion,15,"{""hora_inicio_utc"": 7.0, ""k_atr"": 1.5, ""minutos_rango"": 60}",obj2R,reducido50,todos,short,14084,-0.15895,-4716.35,-0.15334,busqueda_24m
1790810558,1,orb_sesion,15,"{""hora_inicio_utc"": 7.0, ""k_atr"": 1.5, ""minutos_rango"": 60}",obj3R,reducido50,todos,ambos,27210,-0.21301,-10978.79,-0.23025,busqueda_24m
1790810558,1,orb_sesion,15,"{""hora_inicio_utc"": 7.0, ""k_atr"": 1.5, ""minutos_rango"": 60}",obj3R,reducido50,todos,long,13126,-0.26383,-6076.77,-0.18878,busqueda_24m
1790810558,1,orb_sesion,15,"{""hora_inicio_utc"": 7.0, ""k_atr"": 1.5, ""minutos_rango"": 60}",obj3R,reducido50,todos,short,14084,-0.16565,-4902.02,-0.13035,busqueda_24m
1790810558,1,orb_sesion,15,"{""hora_inicio_utc"": 7.0, ""k_atr"": 1.5, ""minutos_rango"": 60}",trail2R,reducido50,todos,ambos,27210,-0.2279,-11708.41,-0.24854,busqueda_24m
1790810558,1,orb_sesion,15,"{""hora_inicio_utc"": 7.0, ""k_atr"": 1.5, ""minutos_rango"": 60}",trail2R,reducido50,todos,long,13126,-0.26731,-6368.61,-0.20771,busqueda_24m
1790810558,1,orb_sesion,15,"{""hora_inicio_utc"": 7.0, ""k_atr"": 1.5, ""minutos_rango"": 60}",trail2R,reducido50,todos,short,14084,-0.19117,-5339.81,-0.14157,busqueda_24m
1790810558,1,orb_sesion,15,"{""hora_inicio_utc"": 7.0, ""k_atr"": 1.5, ""minutos_rango"": 60}",trail3R,reducido50,todos,ambos,27210,-0.22441,-11697.81,-0.21945,busqueda_24m
1790810558,1,orb_sesion,15,"{""hora_inicio_utc"": 7.0, ""k_atr"": 1.5, ""minutos_rango"": 60}",trail3R,reducido50,todos,long,13126,-0.26547,-6507.05,-0.18746,busqueda_24m
1790810558,1,orb_sesion,15,"{""hora_inicio_utc"": 7.0, ""k_atr"": 1.5, ""minutos_rango"": 60}",trail3R,reducido50,todos,short,14084,-0.18614,-5190.76,-0.12026,busqueda_24m
1790810558,1,orb_sesion,15,"{""hora_inicio_utc"": 7.0, ""k_atr"": 1.5, ""minutos_rango"": 60}",obj3R_be,reducido50,todos,ambos,27210,-0.22354,-11380.89,-0.25969,busqueda_24m
1790810558,1,orb_sesion,15,"{""hora_inicio_utc"": 7.0, ""k_atr"": 1.5, ""minutos_rango"": 60}",obj3R_be,reducido50,todos,long,13126,-0.2679,-6178.35,-0.20796,busqueda_24m
1790810558,1,orb_sesion,15,"{""hora_inicio_utc"": 7.0, ""k_atr"": 1.5, ""minutos_rango"": 60}",obj3R_be,reducido50,todos,short,14084,-0.1822,-5202.55,-0.15232,busqueda_24m
1790810558,1,orb_sesion,15,"{""hora_inicio_utc"": 7.0, ""k_atr"": 1.5, ""minutos_rango"": 60}",obj5pct,reducido50,todos,ambos,27210,-0.20902,-10330.7,-0.70108,busqueda_24m
1790810558,1,orb_sesion,15,"{""hora_inicio_utc"": 7.0, ""k_atr"": 1.5, ""minutos_rango"": 60}",obj5pct,reducido50,todos,long,13126,-0.24667,-5844.0,-0.57094,busqueda_24m
1790810558,1,orb_sesion,15,"{""hora_inicio_utc"": 7.0, ""k_atr"": 1.5, ""minutos_rango"": 60}",obj5pct,reducido50,todos,short,14084,-0.17394,-4486.7,-0.39881,busqueda_24m
1790810558,1,orb_sesion,15,"{""hora_inicio_utc"": 7.0, ""k_atr"": 1.5, ""minutos_rango"": 60}",obj10pct,reducido50,todos,ambos,27210,-0.19993,-10064.65,-0.46187,busqueda_24m
1790810558,1,orb_sesion,15,"{""hora_inicio_utc"": 7.0, ""k_atr"": 1.5, ""minutos_rango"": 60}",obj10pct,reducido50,todos,long,13126,-0.24492,-5873.49,-0.39954,busqueda_24m
1790810558,1,orb_sesion,15,"{""hora_inicio_utc"": 7.0, ""k_atr"": 1.5, ""minutos_rango"": 60}",obj10pct,reducido50,todos,short,14084,-0.15801,-4191.15,-0.24331,busqueda_24m
1790810558,1,orb_sesion,15,"{""hora_inicio_utc"": 7.0, ""k_atr"": 1.5, ""minutos_rango"": 60}",obj20pct,reducido50,todos,ambos,27210,-0.2081,-10677.05,-0.32702,busqueda_24m
1790810558,1,orb_sesion,15,"{""hora_inicio_utc"": 7.0, ""k_atr"": 1.5, ""minutos_rango"": 60}",obj20pct,reducido50,todos,long,13126,-0.25954,-6322.39,-0.29839,busqueda_24m
1790810558,1,orb_sesion,15,"{""hora_inicio_utc"": 7.0, ""k_atr"": 1.5, ""minutos_rango"": 60}",obj20pct,reducido50,todos,short,14084,-0.16017,-4354.65,-0.16374,busqueda_24m
1790810558,1,orb_sesion,15,"{""hora_inicio_utc"": 7.0, ""k_atr"": 1.5, ""minutos_rango"": 60}",obj30pct,reducido50,todos,ambos,27210,-0.20759,-10560.02,-0.2644,busqueda_24m
1790810558,1,orb_sesion,15,"{""hora_inicio_utc"": 7.0, ""k_atr"": 1.5, ""minutos_rango"": 60}",obj30pct,reducido50,todos,long,13126,-0.25251,-6222.34,-0.24204,busqueda_24m
1790810558,1,orb_sesion,15,"{""hora_inicio_utc"": 7.0, ""k_atr"": 1.5, ""minutos_rango"": 60}",obj30pct,reducido50,todos,short,14084,-0.16572,-4337.68,-0.13192,busqueda_24m
1790810558,1,orb_sesion,15,"{""hora_inicio_utc"": 7.0, ""k_atr"": 1.5, ""minutos_rango"": 60}",obj50pct,reducido50,todos,ambos,27210,-0.21681,-11530.12,-0.23061,busqueda_24m
1790810558,1,orb_sesion,15,"{""hora_inicio_utc"": 7.0, ""k_atr"": 1.5, ""minutos_rango"": 60}",obj50pct,reducido50,todos,long,13126,-0.26987,-6730.22,-0.21312,busqueda_24m
1790810558,1,orb_sesion,15,"{""hora_inicio_utc"": 7.0, ""k_atr"": 1.5, ""minutos_rango"": 60}",obj50pct,reducido50,todos,short,14084,-0.16736,-4799.9,-0.1163,busqueda_24m
1790810558,1,orb_sesion,15,"{""hora_inicio_utc"": 7.0, ""k_atr"": 1.5, ""minutos_rango"": 60}",obj1R,reducido50,todos,ambos,27210,-0.20015,-9413.5,-0.37004,busqueda_24m
1790810558,1,orb_sesion,15,"{""hora_inicio_utc"": 7.0, ""k_atr"": 1.5, ""minutos_rango"": 60}",obj1R,reducido50,todos,long,14084,-0.23985,-5810.21,-0.26752,busqueda_24m
1790810558,1,orb_sesion,15,"{""hora_inicio_utc"": 7.0, ""k_atr"": 1.5, ""minutos_rango"": 60}",obj1R,reducido50,todos,short,13126,-0.15756,-3603.28,-0.19766,busqueda_24m
1790810558,1,orb_sesion,15,"{""hora_inicio_utc"": 7.0, ""k_atr"": 1.5, ""minutos_rango"": 60}",obj2R,reducido50,todos,ambos,27210,-0.2233,-10559.83,-0.33196,busqueda_24m
1790810558,1,orb_sesion,15,"{""hora_inicio_utc"": 7.0, ""k_atr"": 1.5, ""minutos_rango"": 60}",obj2R,reducido50,todos,long,14084,-0.2786,-6667.55,-0.22587,busqueda_24m
1790810558,1,orb_sesion,15,"{""hora_inicio_utc"": 7.0, ""k_atr"": 1.5, ""minutos_rango"": 60}",obj2R,reducido50,todos,short,13126,-0.16396,-3892.28,-0.14873,busqueda_24m
1790810558,1,orb_sesion,15,"{""hora_inicio_utc"": 7.0, ""k_atr"": 1.5, ""minutos_rango"": 60}",obj3R,reducido50,todos,ambos,27210,-0.22242,-10447.57,-0.27828,busqueda_24m
1790810558,1,orb_sesion,15,"{""hora_inicio_utc"": 7.0, ""k_atr"": 1.5, ""minutos_rango"": 60}",obj3R,reducido50,todos,long,14084,-0.30495,-7317.57,-0.20835,busqueda_24m
1790810558,1,orb_sesion,15,"{""hora_inicio_utc"": 7.0, ""k_atr"": 1.5, ""minutos_rango"": 60}",obj3R,reducido50,todos,short,13126,-0.13386,-3130.0,-0.09613,busqueda_24m
1790810558,1,orb_sesion,15,"{""hora_inicio_utc"": 7.0, ""k_atr"": 1.5, ""minutos_rango"": 60}",trail2R,reducido50,todos,ambos,27210,-0.23118,-11204.44,-0.29577,busqueda_24m
1790810558,1,orb_sesion,15,"{""hora_inicio_utc"": 7.0, ""k_atr"": 1.5, ""minutos_rango"": 60}",trail2R,reducido50,todos,long,14084,-0.30155,-7431.64,-0.21495,busqueda_24m
1790810558,1,orb_sesion,15,"{""hora_inicio_utc"": 7.0, ""k_atr"": 1.5, ""minutos_rango"": 60}",trail2R,reducido50,todos,short,13126,-0.15568,-3772.8,-0.1232,busqueda_24m
1790810558,1,orb_sesion,15,"{""hora_inicio_utc"": 7.0, ""k_atr"": 1.5, ""minutos_rango"": 60}",trail3R,reducido50,todos,ambos,27210,-0.22554,-10632.53,-0.23703,busqueda_24m
1790810558,1,orb_sesion,15,"{""hora_inicio_utc"": 7.0, ""k_atr"": 1.5, ""minutos_rango"": 60}",trail3R,reducido50,todos,long,14084,-0.30805,-7294.28,-0.18098,busqueda_24m
1790810558,1,orb_sesion,15,"{""hora_inicio_utc"": 7.0, ""k_atr"": 1.5, ""minutos_rango"": 60}",trail3R,reducido50,todos,short,13126,-0.13701,-3338.25,-0.08935,busqueda_24m
1790810558,1,orb_sesion,15,"{""hora_inicio_utc"": 7.0, ""k_atr"": 1.5, ""minutos_rango"": 60}",obj3R_be,reducido50,todos,ambos,27210,-0.21732,-10373.63,-0.30104,busqueda_24m
1790810558,1,orb_sesion,15,"{""hora_inicio_utc"": 7.0, ""k_atr"": 1.5, ""minutos_rango"": 60}",obj3R_be,reducido50,todos,long,14084,-0.28978,-7219.23,-0.23168,busqueda_24m
1790810558,1,orb_sesion,15,"{""hora_inicio_utc"": 7.0, ""k_atr"": 1.5, ""minutos_rango"": 60}",obj3R_be,reducido50,todos,short,13126,-0.13958,-3154.41,-0.10685,busqueda_24m
1790810558,1,orb_sesion,15,"{""hora_inicio_utc"": 7.0, ""k_atr"": 1.5, ""minutos_rango"": 60}",obj5pct,reducido50,todos,ambos,27210,-0.19313,-9172.63,-0.61329,busqueda_24m
1790810558,1,orb_sesion,15,"{""hora_inicio_utc"": 7.0, ""k_atr"": 1.5, ""minutos_rango"": 60}",obj5pct,reducido50,todos,long,14084,-0.21858,-5450.46,-0.40589,busqueda_24m
1790810558,1,orb_sesion,15,"{""hora_inicio_utc"": 7.0, ""k_atr"": 1.5, ""minutos_rango"": 60}",obj5pct,reducido50,todos,short,13126,-0.16581,-3722.17,-0.3716,busqueda_24m
1790810558,1,orb_sesion,15,"{""hora_inicio_utc"": 7.0, ""k_atr"": 1.5, ""minutos_rango"": 60}",obj10pct,reducido50,todos,ambos,27210,-0.20473,-9728.81,-0.45414,busqueda_24m
1790810558,1,orb_sesion,15,"{""hora_inicio_utc"": 7.0, ""k_atr"": 1.5, ""minutos_rango"": 60}",obj10pct,reducido50,todos,long,14084,-0.25187,-6271.6,-0.33273,busqueda_24m
1790810558,1,orb_sesion,15,"{""hora_inicio_utc"": 7.0, ""k_atr"": 1.5, ""minutos_rango"": 60}",obj10pct,reducido50,todos,short,13126,-0.15415,-3457.21,-0.22393,busqueda_24m
1790810558,1,orb_sesion,15,"{""hora_inicio_utc"": 7.0, ""k_atr"": 1.5, ""minutos_rango"": 60}",obj20pct,reducido50,todos,ambos,27210,-0.22183,-10563.84,-0.37161,busqueda_24m
1790810558,1,orb_sesion,15,"{""hora_inicio_utc"": 7.0, ""k_atr"": 1.5, ""minutos_rango"": 60}",obj20pct,reducido50,todos,long,14084,-0.28779,-7030.58,-0.27461,busqueda_24m
1790810558,1,orb_sesion,15,"{""hora_inicio_utc"": 7.0, ""k_atr"": 1.5, ""minutos_rango"": 60}",obj20pct,reducido50,todos,short,13126,-0.15106,-3533.27,-0.1544,busqueda_24m
1790810558,1,orb_sesion,15,"{""hora_inicio_utc"": 7.0, ""k_atr"": 1.5, ""minutos_rango"": 60}",obj30pct,reducido50,todos,ambos,27210,-0.22548,-10813.77,-0.32963,busqueda_24m
1790810558,1,orb_sesion,15,"{""hora_inicio_utc"": 7.0, ""k_atr"": 1.5, ""minutos_rango"": 60}",obj30pct,reducido50,todos,long,14084,-0.30514,-7644.08,-0.25956,busqueda_24m
1790810558,1,orb_sesion,15,"{""hora_inicio_utc"": 7.0, ""k_atr"": 1.5, ""minutos_rango"": 60}",obj30pct,reducido50,todos,short,13126,-0.14002,-3169.69,-0.11145,busqueda_24m
1790810558,1,orb_sesion,15,"{""hora_inicio_utc"": 7.0, ""k_atr"": 1.5, ""minutos_rango"": 60}",obj50pct,reducido50,todos,ambos,27210,-0.23207,-11157.96,-0.28941,busqueda_24m
1790810558,1,orb_sesion,15,"{""hora_inicio_utc"": 7.0, ""k_atr"": 1.5, ""minutos_rango"": 60}",obj50pct,reducido50,todos,long,14084,-0.32534,-8305.13,-0.2431,busqueda_24m
1790810558,1,orb_sesion,15,"{""hora_inicio_utc"": 7.0, ""k_atr"": 1.5, ""minutos_rango"": 60}",obj50pct,reducido50,todos,short,13126,-0.13199,-2852.83,-0.08276,busqueda_24m
1790810558,1,orb_sesion,15,"{""hora_inicio_utc"": 13.5, ""k_atr"": 1.0, ""minutos_rango"": 60}",obj1R,reducido50,todos,ambos,26635,-0.24448,-8737.18,-0.39901,busqueda_24m
1790810558,1,orb_sesion,15,"{""hora_inicio_utc"": 13.5, ""k_atr"": 1.0, ""minutos_rango"": 60}",obj1R,reducido50,todos,long,13272,-0.2753,-4947.27,-0.31713,busqueda_24m
1790810558,1,orb_sesion,15,"{""hora_inicio_utc"": 13.5, ""k_atr"": 1.0, ""minutos_rango"": 60}",obj1R,reducido50,todos,short,13363,-0.21388,-3789.91,-0.25026,busqueda_24m
1790810558,1,orb_sesion,15,"{""hora_inicio_utc"": 13.5, ""k_atr"": 1.0, ""minutos_rango"": 60}",obj2R,reducido50,todos,ambos,26635,-0.25885,-9390.8,-0.28846,busqueda_24m
1790810558,1,orb_sesion,15,"{""hora_inicio_utc"": 13.5, ""k_atr"": 1.0, ""minutos_rango"": 60}",obj2R,reducido50,todos,long,13272,-0.27885,-5044.46,-0.22459,busqueda_24m
1790810558,1,orb_sesion,15,"{""hora_inicio_utc"": 13.5, ""k_atr"": 1.0, ""minutos_rango"": 60}",obj2R,reducido50,todos,short,13363,-0.23898,-4346.34,-0.18036,busqueda_24m
1790810558,1,orb_sesion,15,"{""hora_inicio_utc"": 13.5, ""k_atr"": 1.0, ""minutos_rango"": 60}",obj3R,reducido50,todos,ambos,26635,-0.27736,-10121.36,-0.24556,busqueda_24m
1790810558,1,orb_sesion,15,"{""hora_inicio_utc"": 13.5, ""k_atr"": 1.0, ""minutos_rango"": 60}",obj3R,reducido50,todos,long,13272,-0.29861,-5305.47,-0.1848,busqueda_24m
1790810558,1,orb_sesion,15,"{""hora_inicio_utc"": 13.5, ""k_atr"": 1.0, ""minutos_rango"": 60}",obj3R,reducido50,todos,short,13363,-0.25625,-4815.89,-0.15957,busqueda_24m
1790810558,1,orb_sesion,15,"{""hora_inicio_utc"": 13.5, ""k_atr"": 1.0, ""minutos_rango"": 60}",trail2R,reducido50,todos,ambos,26635,-0.2674,-9926.04,-0.24722,busqueda_24m
1790810558,1,orb_sesion,15,"{""hora_inicio_utc"": 13.5, ""k_atr"": 1.0, ""minutos_rango"": 60}",trail2R,reducido50,todos,long,13272,-0.25505,-4312.69,-0.14352,busqueda_24m
1790810558,1,orb_sesion,15,"{""hora_inicio_utc"": 13.5, ""k_atr"": 1.0, ""minutos_rango"": 60}",trail2R,reducido50,todos,short,13363,-0.27967,-5613.36,-0.20199,busqueda_24m
1790810558,1,orb_sesion,15,"{""hora_inicio_utc"": 13.5, ""k_atr"": 1.0, ""minutos_rango"": 60}",trail3R,reducido50,todos,ambos,26635,-0.28513,-10796.69,-0.22619,busqueda_24m
1790810558,1,orb_sesion,15,"{""hora_inicio_utc"": 13.5, ""k_atr"": 1.0, ""minutos_rango"": 60}",trail3R,reducido50,todos,long,13272,-0.26372,-4416.06,-0.12207,busqueda_24m
1790810558,1,orb_sesion,15,"{""hora_inicio_utc"": 13.5, ""k_atr"": 1.0, ""minutos_rango"": 60}",trail3R,reducido50,todos,short,13363,-0.3064,-6380.63,-0.18353,busqueda_24m
1790810558,1,orb_sesion,15,"{""hora_inicio_utc"": 13.5, ""k_atr"": 1.0, ""minutos_rango"": 60}",obj3R_be,reducido50,todos,ambos,26635,-0.27335,-10294.56,-0.27911,busqueda_24m
1790810558,1,orb_sesion,15,"{""hora_inicio_utc"": 13.5, ""k_atr"": 1.0, ""minutos_rango"": 60}",obj3R_be,reducido50,todos,long,13272,-0.27904,-5084.96,-0.19015,busqueda_24m
1790810558,1,orb_sesion,15,"{""hora_inicio_utc"": 13.5, ""k_atr"": 1.0, ""minutos_rango"": 60}",obj3R_be,reducido50,todos,short,13363,-0.2677,-5209.6,-0.20099,busqueda_24m
1790810558,1,orb_sesion,15,"{""hora_inicio_utc"": 13.5, ""k_atr"": 1.0, ""minutos_rango"": 60}",obj5pct,reducido50,todos,ambos,26635,-0.24472,-8772.03,-0.6292,busqueda_24m
1790810558,1,orb_sesion,15,"{""hora_inicio_utc"": 13.5, ""k_atr"": 1.0, ""minutos_rango"": 60}",obj5pct,reducido50,todos,long,13272,-0.27368,-4867.77,-0.50039,busqueda_24m
1790810558,1,orb_sesion,15,"{""hora_inicio_utc"": 13.5, ""k_atr"": 1.0, ""minutos_rango"": 60}",obj5pct,reducido50,todos,short,13363,-0.21595,-3904.25,-0.39349,busqueda_24m
1790810558,1,orb_sesion,15,"{""hora_inicio_utc"": 13.5, ""k_atr"": 1.0, ""minutos_rango"": 60}",obj10pct,reducido50,todos,ambos,26635,-0.24972,-8901.38,-0.41984,busqueda_24m
1790810558,1,orb_sesion,15,"{""hora_inicio_utc"": 13.5, ""k_atr"": 1.0, ""minutos_rango"": 60}",obj10pct,reducido50,todos,long,13272,-0.27843,-5011.85,-0.33963,busqueda_24m
1790810558,1,orb_sesion,15,"{""hora_inicio_utc"": 13.5, ""k_atr"": 1.0, ""minutos_rango"": 60}",obj10pct,reducido50,todos,short,13363,-0.2212,-3889.53,-0.25356,busqueda_24m
1790810558,1,orb_sesion,15,"{""hora_inicio_utc"": 13.5, ""k_atr"": 1.0, ""minutos_rango"": 60}",obj20pct,reducido50,todos,ambos,26635,-0.26476,-9514.95,-0.29753,busqueda_24m
1790810558,1,orb_sesion,15,"{""hora_inicio_utc"": 13.5, ""k_atr"": 1.0, ""minutos_rango"": 60}",obj20pct,reducido50,todos,long,13272,-0.28933,-5161.83,-0.23999,busqueda_24m
1790810558,1,orb_sesion,15,"{""hora_inicio_utc"": 13.5, ""k_atr"": 1.0, ""minutos_rango"": 60}",obj20pct,reducido50,todos,short,13363,-0.24037,-4353.12,-0.18003,busqueda_24m
1790810558,1,orb_sesion,15,"{""hora_inicio_utc"": 13.5, ""k_atr"": 1.0, ""minutos_rango"": 60}",obj30pct,reducido50,todos,ambos,26635,-0.26732,-9972.17,-0.25382,busqueda_24m
1790810558,1,orb_sesion,15,"{""hora_inicio_utc"": 13.5, ""k_atr"": 1.0, ""minutos_rango"": 60}",obj30pct,reducido50,todos,long,13272,-0.29847,-5452.86,-0.21291,busqueda_24m
1790810558,1,orb_sesion,15,"{""hora_inicio_utc"": 13.5, ""k_atr"": 1.0, ""minutos_rango"": 60}",obj30pct,reducido50,todos,short,13363,-0.23637,-4519.32,-0.1481,busqueda_24m
1790810558,1,orb_sesion,15,"{""hora_inicio_utc"": 13.5, ""k_atr"": 1.0, ""minutos_rango"": 60}",obj50pct,reducido50,todos,ambos,26635,-0.26429,-9879.14,-0.21351,busqueda_24m
1790810558,1,orb_sesion,15,"{""hora_inicio_utc"": 13.5, ""k_atr"": 1.0, ""minutos_rango"": 60}",obj50pct,reducido50,todos,long,13272,-0.28426,-5063.74,-0.15989,busqueda_24m
1790810558,1,orb_sesion,15,"{""hora_inicio_utc"": 13.5, ""k_atr"": 1.0, ""minutos_rango"": 60}",obj50pct,reducido50,todos,short,13363,-0.24445,-4815.4,-0.13391,busqueda_24m
1790810558,1,orb_sesion,15,"{""hora_inicio_utc"": 13.5, ""k_atr"": 1.0, ""minutos_rango"": 60}",obj1R,reducido50,todos,ambos,26635,-0.28894,-11040.81,-0.51307,busqueda_24m
1790810558,1,orb_sesion,15,"{""hora_inicio_utc"": 13.5, ""k_atr"": 1.0, ""minutos_rango"": 60}",obj1R,reducido50,todos,long,13363,-0.3034,-6147.25,-0.36973,busqueda_24m
1790810558,1,orb_sesion,15,"{""hora_inicio_utc"": 13.5, ""k_atr"": 1.0, ""minutos_rango"": 60}",obj1R,reducido50,todos,short,13272,-0.27439,-4893.56,-0.29139,busqueda_24m
1790810558,1,orb_sesion,15,"{""hora_inicio_utc"": 13.5, ""k_atr"": 1.0, ""minutos_rango"": 60}",obj2R,reducido50,todos,ambos,26635,-0.28792,-10875.39,-0.39142,busqueda_24m
1790810558,1,orb_sesion,15,"{""hora_inicio_utc"": 13.5, ""k_atr"": 1.0, ""minutos_rango"": 60}",obj2R,reducido50,todos,long,13363,-0.31385,-6315.23,-0.27252,busqueda_24m
1790810558,1,orb_sesion,15,"{""hora_inicio_utc"": 13.5, ""k_atr"": 1.0, ""minutos_rango"": 60}",obj2R,reducido50,todos,short,13272,-0.26182,-4560.16,-0.20381,busqueda_24m
1790810558,1,orb_sesion,15,"{""hora_inicio_utc"": 13.5, ""k_atr"": 1.0, ""minutos_rango"": 60}",obj3R,reducido50,todos,ambos,26635,-0.27611,-10284.25,-0.31904,busqueda_24m
1790810558,1,orb_sesion,15,"{""hora_inicio_utc"": 13.5, ""k_atr"": 1.0, ""minutos_rango"": 60}",obj3R,reducido50,todos,long,13363,-0.30374,-5874.91,-0.21087,busqueda_24m
1790810558,1,orb_sesion,15,"{""hora_inicio_utc"": 13.5, ""k_atr"": 1.0, ""minutos_rango"": 60}",obj3R,reducido50,todos,short,13272,-0.2483,-4409.34,-0.16542,busqueda_24m
1790810558,1,orb_sesion,15,"{""hora_inicio_utc"": 13.5, ""k_atr"": 1.0, ""minutos_rango"": 60}",trail2R,reducido50,todos,ambos,26635,-0.27581,-10483.51,-0.32974,busqueda_24m
1790810558,1,orb_sesion,15,"{""hora_inicio_utc"": 13.5, ""k_atr"": 1.0, ""minutos_rango"": 60}",trail2R,reducido50,todos,long,13363,-0.30101,-6009.56,-0.23187,busqueda_24m
1790810558,1,orb_sesion,15,"{""hora_inicio_utc"": 13.5, ""k_atr"": 1.0, ""minutos_rango"": 60}",trail2R,reducido50,todos,short,13272,-0.25043,-4473.96,-0.15996,busqueda_24m
1790810558,1,orb_sesion,15,"{""hora_inicio_utc"": 13.5, ""k_atr"": 1.0, ""minutos_rango"": 60}",trail3R,reducido50,todos,ambos,26635,-0.25669,-9383.97,-0.24853,busqueda_24m
1790810558,1,orb_sesion,15,"{""hora_inicio_utc"": 13.5, ""k_atr"": 1.0, ""minutos_rango"": 60}",trail3R,reducido50,todos,long,13363,-0.28679,-5280.43,-0.17245,busqueda_24m
1790810558,1,orb_sesion,15,"{""hora_inicio_utc"": 13.5, ""k_atr"": 1.0, ""minutos_rango"": 60}",trail3R,reducido50,todos,short,13272,-0.22638,-4103.54,-0.12103,busqueda_24m
1790810558,1,orb_sesion,15,"{""hora_inicio_utc"": 13.5, ""k_atr"": 1.0, ""minutos_rango"": 60}",obj3R_be,reducido50,todos,ambos,26635,-0.28791,-10612.87,-0.35064,busqueda_24m
1790810558,1,orb_sesion,15,"{""hora_inicio_utc"": 13.5, ""k_atr"": 1.0, ""minutos_rango"": 60}",obj3R_be,reducido50,todos,long,13363,-0.30294,-5801.52,-0.22541,busqueda_24m
1790810558,1,orb_sesion,15,"{""hora_inicio_utc"": 13.5, ""k_atr"": 1.0, ""minutos_rango"": 60}",obj3R_be,reducido50,todos,short,13272,-0.27279,-4811.35,-0.19676,busqueda_24m
1790810558,1,orb_sesion,15,"{""hora_inicio_utc"": 13.5, ""k_atr"": 1.0, ""minutos_rango"": 60}",obj5pct,reducido50,todos,ambos,26635,-0.2757,-10157.51,-0.69962,busqueda_24m
1790810558,1,orb_sesion,15,"{""hora_inicio_utc"": 13.5, ""k_atr"": 1.0, ""minutos_rango"": 60}",obj5pct,reducido50,todos,long,13363,-0.2832,-5520.52,-0.45144,busqueda_24m
1790810558,1,orb_sesion,15,"{""hora_inicio_utc"": 13.5, ""k_atr"": 1.0, ""minutos_rango"": 60}",obj5pct,reducido50,todos,short,13272,-0.26816,-4636.99,-0.42336,busqueda_24m
1790810558,1,orb_sesion,15,"{""hora_inicio_utc"": 13.5, ""k_atr"": 1.0, ""minutos_rango"": 60}",obj10pct,reducido50,todos,ambos,26635,-0.28165,-10571.05,-0.52186,busqueda_24m
1790810558,1,orb_sesion,15,"{""hora_inicio_utc"": 13.5, ""k_atr"": 1.0, ""minutos_rango"": 60}",obj10pct,reducido50,todos,long,13363,-0.29701,-5981.87,-0.35583,busqueda_24m
1790810558,1,orb_sesion,15,"{""hora_inicio_utc"": 13.5, ""k_atr"": 1.0, ""minutos_rango"": 60}",obj10pct,reducido50,todos,short,13272,-0.26618,-4589.18,-0.29661,busqueda_24m
1790810558,1,orb_sesion,15,"{""hora_inicio_utc"": 13.5, ""k_atr"": 1.0, ""minutos_rango"": 60}",obj20pct,reducido50,todos,ambos,26635,-0.28203,-10714.79,-0.40647,busqueda_24m
1790810558,1,orb_sesion,15,"{""hora_inicio_utc"": 13.5, ""k_atr"": 1.0, ""minutos_rango"": 60}",obj20pct,reducido50,todos,long,13363,-0.31193,-6294.4,-0.28085,busqueda_24m
1790810558,1,orb_sesion,15,"{""hora_inicio_utc"": 13.5, ""k_atr"": 1.0, ""minutos_rango"": 60}",obj20pct,reducido50,todos,short,13272,-0.25193,-4420.39,-0.2009,busqueda_24m
1790810558,1,orb_sesion,15,"{""hora_inicio_utc"": 13.5, ""k_atr"": 1.0, ""minutos_rango"": 60}",obj30pct,reducido50,todos,ambos,26635,-0.27301,-10411.39,-0.34686,busqueda_24m
1790810558,1,orb_sesion,15,"{""hora_inicio_utc"": 13.5, ""k_atr"": 1.0, ""minutos_rango"": 60}",obj30pct,reducido50,todos,long,13363,-0.31927,-6621.72,-0.2559,busqueda_24m
1790810558,1,orb_sesion,15,"{""hora_inicio_utc"": 13.5, ""k_atr"": 1.0, ""minutos_rango"": 60}",obj30pct,reducido50,todos,short,13272,-0.22642,-3789.67,-0.14399,busqueda_24m
1790810558,1,orb_sesion,15,"{""hora_inicio_utc"": 13.5, ""k_atr"": 1.0, ""minutos_rango"": 60}",obj50pct,reducido50,todos,ambos,26635,-0.26051,-9599.6,-0.28277,busqueda_24m
1790810558,1,orb_sesion,15,"{""hora_inicio_utc"": 13.5, ""k_atr"": 1.0, ""minutos_rango"": 60}",obj50pct,reducido50,todos,long,13363,-0.29715,-5894.14,-0.20131,busqueda_24m
1790810558,1,orb_sesion,15,"{""hora_inicio_utc"": 13.5, ""k_atr"": 1.0, ""minutos_rango"": 60}",obj50pct,reducido50,todos,short,13272,-0.22361,-3705.46,-0.12306,busqueda_24m
1790810558,1,orb_sesion,15,"{""hora_inicio_utc"": 13.5, ""k_atr"": 1.5, ""minutos_rango"": 60}",obj1R,reducido50,todos,ambos,26635,-0.16488,-9015.81,-0.26923,busqueda_24m
1790810558,1,orb_sesion,15,"{""hora_inicio_utc"": 13.5, ""k_atr"": 1.5, ""minutos_rango"": 60}",obj1R,reducido50,todos,long,13272,-0.18453,-5045.16,-0.21039,busqueda_24m
1790810558,1,orb_sesion,15,"{""hora_inicio_utc"": 13.5, ""k_atr"": 1.5, ""minutos_rango"": 60}",obj1R,reducido50,todos,short,13363,-0.14536,-3970.65,-0.15549,busqueda_24m
1790810558,1,orb_sesion,15,"{""hora_inicio_utc"": 13.5, ""k_atr"": 1.5, ""minutos_rango"": 60}",obj2R,reducido50,todos,ambos,26635,-0.1808,-9625.4,-0.19284,busqueda_24m
1790810558,1,orb_sesion,15,"{""hora_inicio_utc"": 13.5, ""k_atr"": 1.5, ""minutos_rango"": 60}",obj2R,reducido50,todos,long,13272,-0.20464,-5374.08,-0.15393,busqueda_24m
1790810558,1,orb_sesion,15,"{""hora_inicio_utc"": 13.5, ""k_atr"": 1.5, ""minutos_rango"": 60}",obj2R,reducido50,todos,short,13363,-0.15713,-4251.32,-0.11245,busqueda_24m
1790810558,1,orb_sesion,15,"{""hora_inicio_utc"": 13.5, ""k_atr"": 1.5, ""minutos_rango"": 60}",obj3R,reducido50,todos,ambos,26635,-0.18185,-9816.27,-0.17063,busqueda_24m
1790810558,1,orb_sesion,15,"{""hora_inicio_utc"": 13.5, ""k_atr"": 1.5, ""minutos_rango"": 60}",obj3R,reducido50,todos,long,13272,-0.20352,-5141.47,-0.12517,busqueda_24m
1790810558,1,orb_sesion,15,"{""hora_inicio_utc"": 13.5, ""k_atr"": 1.5, ""minutos_rango"": 60}",obj3R,reducido50,todos,short,13363,-0.16033,-4674.8,-0.11089,busqueda_24m
1790810558,1,orb_sesion,15,"{""hora_inicio_utc"": 13.5, ""k_atr"": 1.5, ""minutos_rango"": 60}",trail2R,reducido50,todos,ambos,26635,-0.19344,-10789.07,-0.19235,busqueda_24m
1790810558,1,orb_sesion,15,"{""hora_inicio_utc"": 13.5, ""k_atr"": 1.5, ""minutos_rango"": 60}",trail2R,reducido50,todos,long,13272,-0.18574,-4548.77,-0.11105,busqueda_24m
1790810558,1,orb_sesion,15,"{""hora_inicio_utc"": 13.5, ""k_atr"": 1.5, ""minutos_rango"": 60}",trail2R,reducido50,todos,short,13363,-0.20109,-6240.3,-0.14642,busqueda_24m
1790810558,1,orb_sesion,15,"{""hora_inicio_utc"": 13.5, ""k_atr"": 1.5, ""minutos_rango"": 60}",trail3R,reducido50,todos,ambos,26635,-0.18319,-9940.29,-0.15344,busqueda_24m
1790810558,1,orb_sesion,15,"{""hora_inicio_utc"": 13.5, ""k_atr"": 1.5, ""minutos_rango"": 60}",trail3R,reducido50,todos,long,13272,-0.17933,-4276.97,-0.09364,busqueda_24m
1790810558,1,orb_sesion,15,"{""hora_inicio_utc"": 13.5, ""k_atr"": 1.5, ""minutos_rango"": 60}",trail3R,reducido50,todos,short,13363,-0.18702,-5663.33,-0.10636,busqueda_24m
1790810558,1,orb_sesion,15,"{""hora_inicio_utc"": 13.5, ""k_atr"": 1.5, ""minutos_rango"": 60}",obj3R_be,reducido50,todos,ambos,26635,-0.18478,-10284.65,-0.18998,busqueda_24m
1790810558,1,orb_sesion,15,"{""hora_inicio_utc"": 13.5, ""k_atr"": 1.5, ""minutos_rango"": 60}",obj3R_be,reducido50,todos,long,13272,-0.19919,-5081.49,-0.13071,busqueda_24m
1790810558,1,orb_sesion,15,"{""hora_inicio_utc"": 13.5, ""k_atr"": 1.5, ""minutos_rango"": 60}",obj3R_be,reducido50,todos,short,13363,-0.17048,-5203.16,-0.13137,busqueda_24m
1790810558,1,orb_sesion,15,"{""hora_inicio_utc"": 13.5, ""k_atr"": 1.5, ""minutos_rango"": 60}",obj5pct,reducido50,todos,ambos,26635,-0.16514,-8903.12,-0.52713,busqueda_24m
1790810558,1,orb_sesion,15,"{""hora_inicio_utc"": 13.5, ""k_atr"": 1.5, ""minutos_rango"": 60}",obj5pct,reducido50,todos,long,13272,-0.1888,-5069.46,-0.41565,busqueda_24m
1790810558,1,orb_sesion,15,"{""hora_inicio_utc"": 13.5, ""k_atr"": 1.5, ""minutos_rango"": 60}",obj5pct,reducido50,todos,short,13363,-0.14164,-3833.66,-0.31571,busqueda_24m
1790810558,1,orb_sesion,15,"{""hora_inicio_utc"": 13.5, ""k_atr"": 1.5, ""minutos_rango"": 60}",obj10pct,reducido50,todos,ambos,26635,-0.16843,-9023.99,-0.34869,busqueda_24m
1790810558,1,orb_sesion,15,"{""hora_inicio_utc"": 13.5, ""k_atr"": 1.5, ""minutos_rango"": 60}",obj10pct,reducido50,todos,long,13272,-0.19274,-5261.54,-0.28083,busqueda_24m
1790810558,1,orb_sesion,15,"{""hora_inicio_utc"": 13.5, ""k_atr"": 1.5, ""minutos_rango"": 60}",obj10pct,reducido50,todos,short,13363,-0.14429,-3762.45,-0.19449,busqueda_24m
1790810558,1,orb_sesion,15,"{""hora_inicio_utc"": 13.5, ""k_atr"": 1.5, ""minutos_rango"": 60}",obj20pct,reducido50,todos,ambos,26635,-0.17356,-9361.43,-0.23544,busqueda_24m
1790810558,1,orb_sesion,15,"{""hora_inicio_utc"": 13.5, ""k_atr"": 1.5, ""minutos_rango"": 60}",obj20pct,reducido50,todos,long,13272,-0.19805,-5380.93,-0.19813,busqueda_24m
1790810558,1,orb_sesion,15,"{""hora_inicio_utc"": 13.5, ""k_atr"": 1.5, ""minutos_rango"": 60}",obj20pct,reducido50,todos,short,13363,-0.14923,-3980.5,-0.12814,busqueda_24m
1790810558,1,orb_sesion,15,"{""hora_inicio_utc"": 13.5, ""k_atr"": 1.5, ""minutos_rango"": 60}",obj30pct,reducido50,todos,ambos,26635,-0.17565,-9833.58,-0.20126,busqueda_24m
1790810558,1,orb_sesion,15,"{""hora_inicio_utc"": 13.5, ""k_atr"": 1.5, ""minutos_rango"": 60}",obj30pct,reducido50,todos,long,13272,-0.20835,-5834.26,-0.18094,busqueda_24m
1790810558,1,orb_sesion,15,"{""hora_inicio_utc"": 13.5, ""k_atr"": 1.5, ""minutos_rango"": 60}",obj30pct,reducido50,todos,short,13363,-0.14319,-3999.32,-0.10344,busqueda_24m
1790810558,1,orb_sesion,15,"{""hora_inicio_utc"": 13.5, ""k_atr"": 1.5, ""minutos_rango"": 60}",obj50pct,reducido50,todos,ambos,26635,-0.17204,-9497.97,-0.16884,busqueda_24m
1790810558,1,orb_sesion,15,"{""hora_inicio_utc"": 13.5, ""k_atr"": 1.5, ""minutos_rango"": 60}",obj50pct,reducido50,todos,long,13272,-0.19509,-5234.51,-0.13757,busqueda_24m
1790810558,1,orb_sesion,15,"{""hora_inicio_utc"": 13.5, ""k_atr"": 1.5, ""minutos_rango"": 60}",obj50pct,reducido50,todos,short,13363,-0.14915,-4263.47,-0.09476,busqueda_24m
1790810558,1,orb_sesion,15,"{""hora_inicio_utc"": 13.5, ""k_atr"": 1.5, ""minutos_rango"": 60}",obj1R,reducido50,todos,ambos,26635,-0.18696,-10751.04,-0.32521,busqueda_24m
1790810558,1,orb_sesion,15,"{""hora_inicio_utc"": 13.5, ""k_atr"": 1.5, ""minutos_rango"": 60}",obj1R,reducido50,todos,long,13363,-0.19755,-6002.36,-0.22464,busqueda_24m
1790810558,1,orb_sesion,15,"{""hora_inicio_utc"": 13.5, ""k_atr"": 1.5, ""minutos_rango"": 60}",obj1R,reducido50,todos,short,13272,-0.17629,-4748.68,-0.1894,busqueda_24m
1790810558,1,orb_sesion,15,"{""hora_inicio_utc"": 13.5, ""k_atr"": 1.5, ""minutos_rango"": 60}",obj2R,reducido50,todos,ambos,26635,-0.17359,-9435.16,-0.22004,busqueda_24m
1790810558,1,orb_sesion,15,"{""hora_inicio_utc"": 13.5, ""k_atr"": 1.5, ""minutos_rango"": 60}",obj2R,reducido50,todos,long,13363,-0.18445,-5233.66,-0.14028,busqueda_24m
1790810558,1,orb_sesion,15,"{""hora_inicio_utc"": 13.5, ""k_atr"": 1.5, ""minutos_rango"": 60}",obj2R,reducido50,todos,short,13272,-0.16266,-4201.5,-0.1232,busqueda_24m
1790810558,1,orb_sesion,15,"{""hora_inicio_utc"": 13.5, ""k_atr"": 1.5, ""minutos_rango"": 60}",obj3R,reducido50,todos,ambos,26635,-0.15564,-8379.63,-0.17954,busqueda_24m
1790810558,1,orb_sesion,15,"{""hora_inicio_utc"": 13.5, ""k_atr"": 1.5, ""minutos_rango"": 60}",obj3R,reducido50,todos,long,13363,-0.17653,-4801.99,-0.11635,busqueda_24m
1790810558,1,orb_sesion,15,"{""hora_inicio_utc"": 13.5, ""k_atr"": 1.5, ""minutos_rango"": 60}",obj3R,reducido50,todos,short,13272,-0.13461,-3577.64,-0.09156,busqueda_24m
1790810558,1,orb_sesion,15,"{""hora_inicio_utc"": 13.5, ""k_atr"": 1.5, ""minutos_rango"": 60}",trail2R,reducido50,todos,ambos,26635,-0.16152,-8920.06,-0.18856,busqueda_24m
1790810558,1,orb_sesion,15,"{""hora_inicio_utc"": 13.5, ""k_atr"": 1.5, ""minutos_rango"": 60}",trail2R,reducido50,todos,long,13363,-0.17371,-4813.09,-0.1181,busqueda_24m
1790810558,1,orb_sesion,15,"{""hora_inicio_utc"": 13.5, ""k_atr"": 1.5, ""minutos_rango"": 60}",trail2R,reducido50,todos,short,13272,-0.14926,-4106.96,-0.09931,busqueda_24m
1790810558,1,orb_sesion,15,"{""hora_inicio_utc"": 13.5, ""k_atr"": 1.5, ""minutos_rango"": 60}",trail3R,reducido50,todos,ambos,26635,-0.15651,-8360.52,-0.16238,busqueda_24m
1790810558,1,orb_sesion,15,"{""hora_inicio_utc"": 13.5, ""k_atr"": 1.5, ""minutos_rango"": 60}",trail3R,reducido50,todos,long,13363,-0.17588,-4814.19,-0.11019,busqueda_24m
1790810558,1,orb_sesion,15,"{""hora_inicio_utc"": 13.5, ""k_atr"": 1.5, ""minutos_rango"": 60}",trail3R,reducido50,todos,short,13272,-0.13701,-3546.32,-0.07667,busqueda_24m
1790810558,1,orb_sesion,15,"{""hora_inicio_utc"": 13.5, ""k_atr"": 1.5, ""minutos_rango"": 60}",obj3R_be,reducido50,todos,ambos,26635,-0.16396,-8958.94,-0.19801,busqueda_24m
1790810558,1,orb_sesion,15,"{""hora_inicio_utc"": 13.5, ""k_atr"": 1.5, ""minutos_rango"": 60}",obj3R_be,reducido50,todos,long,13363,-0.17309,-4744.97,-0.11949,busqueda_24m
1790810558,1,orb_sesion,15,"{""hora_inicio_utc"": 13.5, ""k_atr"": 1.5, ""minutos_rango"": 60}",obj3R_be,reducido50,todos,short,13272,-0.15476,-4213.97,-0.11417,busqueda_24m
1790810558,1,orb_sesion,15,"{""hora_inicio_utc"": 13.5, ""k_atr"": 1.5, ""minutos_rango"": 60}",obj5pct,reducido50,todos,ambos,26635,-0.18224,-10078.98,-0.53711,busqueda_24m
1790810558,1,orb_sesion,15,"{""hora_inicio_utc"": 13.5, ""k_atr"": 1.5, ""minutos_rango"": 60}",obj5pct,reducido50,todos,long,13363,-0.18427,-5419.83,-0.35374,busqueda_24m
1790810558,1,orb_sesion,15,"{""hora_inicio_utc"": 13.5, ""k_atr"": 1.5, ""minutos_rango"": 60}",obj5pct,reducido50,todos,short,13272,-0.1802,-4659.15,-0.33743,busqueda_24m
1790810558,1,orb_sesion,15,"{""hora_inicio_utc"": 13.5, ""k_atr"": 1.5, ""minutos_rango"": 60}",obj10pct,reducido50,todos,ambos,26635,-0.18316,-10319.18,-0.38847,busqueda_24m
1790810558,1,orb_sesion,15,"{""hora_inicio_utc"": 13.5, ""k_atr"": 1.5, ""minutos_rango"": 60}",obj10pct,reducido50,todos,long,13363,-0.18951,-5737.67,-0.26334,busqueda_24m
1790810558,1,orb_sesion,15,"{""hora_inicio_utc"": 13.5, ""k_atr"": 1.5, ""minutos_rango"": 60}",obj10pct,reducido50,todos,short,13272,-0.17677,-4581.51,-0.23422,busqueda_24m
1790810558,1,orb_sesion,15,"{""hora_inicio_utc"": 13.5, ""k_atr"": 1.5, ""minutos_rango"": 60}",obj20pct,reducido50,todos,ambos,26635,-0.17787,-9899.49,-0.27981,busqueda_24m
1790810558,1,orb_sesion,15,"{""hora_inicio_utc"": 13.5, ""k_atr"": 1.5, ""minutos_rango"": 60}",obj20pct,reducido50,todos,long,13363,-0.19034,-5655.81,-0.18879,busqueda_24m
1790810558,1,orb_sesion,15,"{""hora_inicio_utc"": 13.5, ""k_atr"": 1.5, ""minutos_rango"": 60}",obj20pct,reducido50,todos,short,13272,-0.16532,-4243.68,-0.15054,busqueda_24m
1790810558,1,orb_sesion,15,"{""hora_inicio_utc"": 13.5, ""k_atr"": 1.5, ""minutos_rango"": 60}",obj30pct,reducido50,todos,ambos,26635,-0.16969,-9444.66,-0.23592,busqueda_24m
1790810558,1,orb_sesion,15,"{""hora_inicio_utc"": 13.5, ""k_atr"": 1.5, ""minutos_rango"": 60}",obj30pct,reducido50,todos,long,13363,-0.1934,-5876.89,-0.16819,busqueda_24m
1790810558,1,orb_sesion,15,"{""hora_inicio_utc"": 13.5, ""k_atr"": 1.5, ""minutos_rango"": 60}",obj30pct,reducido50,todos,short,13272,-0.14582,-3567.77,-0.10622,busqueda_24m
1790810558,1,orb_sesion,15,"{""hora_inicio_utc"": 13.5, ""k_atr"": 1.5, ""minutos_rango"": 60}",obj50pct,reducido50,todos,ambos,26635,-0.1642,-8867.94,-0.20258,busqueda_24m
1790810558,1,orb_sesion,15,"{""hora_inicio_utc"": 13.5, ""k_atr"": 1.5, ""minutos_rango"": 60}",obj50pct,reducido50,todos,long,13363,-0.18192,-5385.45,-0.13671,busqueda_24m
1790810558,1,orb_sesion,15,"{""hora_inicio_utc"": 13.5, ""k_atr"": 1.5, ""minutos_rango"": 60}",obj50pct,reducido50,todos,short,13272,-0.14636,-3482.49,-0.09054,busqueda_24m
1790810558,1,orb_sesion,30,"{""hora_inicio_utc"": 0.0, ""k_atr"": 1.0, ""minutos_rango"": 60}",obj1R,reducido50,todos,ambos,27151,-0.19542,-10277.99,-0.33423,busqueda_24m
1790810558,1,orb_sesion,30,"{""hora_inicio_utc"": 0.0, ""k_atr"": 1.0, ""minutos_rango"": 60}",obj1R,reducido50,todos,long,13499,-0.22051,-6224.18,-0.3275,busqueda_24m
1790810558,1,orb_sesion,30,"{""hora_inicio_utc"": 0.0, ""k_atr"": 1.0, ""minutos_rango"": 60}",obj1R,reducido50,todos,short,13652,-0.17063,-4053.81,-0.16161,busqueda_24m
1790810558,1,orb_sesion,30,"{""hora_inicio_utc"": 0.0, ""k_atr"": 1.0, ""minutos_rango"": 60}",obj2R,reducido50,todos,ambos,27151,-0.21002,-11336.74,-0.24797,busqueda_24m
1790810558,1,orb_sesion,30,"{""hora_inicio_utc"": 0.0, ""k_atr"": 1.0, ""minutos_rango"": 60}",obj2R,reducido50,todos,long,13499,-0.2516,-7261.93,-0.268,busqueda_24m
1790810558,1,orb_sesion,30,"{""hora_inicio_utc"": 0.0, ""k_atr"": 1.0, ""minutos_rango"": 60}",obj2R,reducido50,todos,short,13652,-0.16891,-4074.81,-0.10705,busqueda_24m
1790810558,1,orb_sesion,30,"{""hora_inicio_utc"": 0.0, ""k_atr"": 1.0, ""minutos_rango"": 60}",obj3R,reducido50,todos,ambos,27151,-0.21291,-12362.87,-0.22995,busqueda_24m
1790810558,1,orb_sesion,30,"{""hora_inicio_utc"": 0.0, ""k_atr"": 1.0, ""minutos_rango"": 60}",obj3R,reducido50,todos,long,13499,-0.26313,-7767.09,-0.23728,busqueda_24m
1790810558,1,orb_sesion,30,"{""hora_inicio_utc"": 0.0, ""k_atr"": 1.0, ""minutos_rango"": 60}",obj3R,reducido50,todos,short,13652,-0.16325,-4595.79,-0.10344,busqueda_24m
1790810558,1,orb_sesion,30,"{""hora_inicio_utc"": 0.0, ""k_atr"": 1.0, ""minutos_rango"": 60}",trail2R,reducido50,todos,ambos,27151,-0.23087,-13498.89,-0.2659,busqueda_24m
1790810558,1,orb_sesion,30,"{""hora_inicio_utc"": 0.0, ""k_atr"": 1.0, ""minutos_rango"": 60}",trail2R,reducido50,todos,long,13499,-0.27252,-7998.38,-0.25666,busqueda_24m
1790810558,1,orb_sesion,30,"{""hora_inicio_utc"": 0.0, ""k_atr"": 1.0, ""minutos_rango"": 60}",trail2R,reducido50,todos,short,13652,-0.18967,-5500.51,-0.13193,busqueda_24m
1790810558,1,orb_sesion,30,"{""hora_inicio_utc"": 0.0, ""k_atr"": 1.0, ""minutos_rango"": 60}",trail3R,reducido50,todos,ambos,27151,-0.22704,-14215.99,-0.22892,busqueda_24m
1790810558,1,orb_sesion,30,"{""hora_inicio_utc"": 0.0, ""k_atr"": 1.0, ""minutos_rango"": 60}",trail3R,reducido50,todos,long,13499,-0.29267,-8768.72,-0.23671,busqueda_24m
1790810558,1,orb_sesion,30,"{""hora_inicio_utc"": 0.0, ""k_atr"": 1.0, ""minutos_rango"": 60}",trail3R,reducido50,todos,short,13652,-0.16215,-5447.27,-0.10592,busqueda_24m
1790810558,1,orb_sesion,30,"{""hora_inicio_utc"": 0.0, ""k_atr"": 1.0, ""minutos_rango"": 60}",obj3R_be,reducido50,todos,ambos,27151,-0.21515,-12061.67,-0.24799,busqueda_24m
1790810558,1,orb_sesion,30,"{""hora_inicio_utc"": 0.0, ""k_atr"": 1.0, ""minutos_rango"": 60}",obj3R_be,reducido50,todos,long,13499,-0.25224,-7445.98,-0.25033,busqueda_24m
1790810558,1,orb_sesion,30,"{""hora_inicio_utc"": 0.0, ""k_atr"": 1.0, ""minutos_rango"": 60}",obj3R_be,reducido50,todos,short,13652,-0.17848,-4615.69,-0.1155,busqueda_24m
1790810558,1,orb_sesion,30,"{""hora_inicio_utc"": 0.0, ""k_atr"": 1.0, ""minutos_rango"": 60}",obj5pct,reducido50,todos,ambos,27151,-0.19881,-10556.89,-0.63744,busqueda_24m
1790810558,1,orb_sesion,30,"{""hora_inicio_utc"": 0.0, ""k_atr"": 1.0, ""minutos_rango"": 60}",obj5pct,reducido50,todos,long,13499,-0.21499,-5711.26,-0.51122,busqueda_24m
1790810558,1,orb_sesion,30,"{""hora_inicio_utc"": 0.0, ""k_atr"": 1.0, ""minutos_rango"": 60}",obj5pct,reducido50,todos,short,13652,-0.18282,-4845.63,-0.37954,busqueda_24m
1790810558,1,orb_sesion,30,"{""hora_inicio_utc"": 0.0, ""k_atr"": 1.0, ""minutos_rango"": 60}",obj10pct,reducido50,todos,ambos,27151,-0.19494,-10585.95,-0.44063,busqueda_24m
1790810558,1,orb_sesion,30,"{""hora_inicio_utc"": 0.0, ""k_atr"": 1.0, ""minutos_rango"": 60}",obj10pct,reducido50,todos,long,13499,-0.22113,-6018.08,-0.37344,busqueda_24m
1790810558,1,orb_sesion,30,"{""hora_inicio_utc"": 0.0, ""k_atr"": 1.0, ""minutos_rango"": 60}",obj10pct,reducido50,todos,short,13652,-0.16906,-4567.87,-0.24113,busqueda_24m
1790810558,1,orb_sesion,30,"{""hora_inicio_utc"": 0.0, ""k_atr"": 1.0, ""minutos_rango"": 60}",obj20pct,reducido50,todos,ambos,27151,-0.19946,-10947.62,-0.3007,busqueda_24m
1790810558,1,orb_sesion,30,"{""hora_inicio_utc"": 0.0, ""k_atr"": 1.0, ""minutos_rango"": 60}",obj20pct,reducido50,todos,long,13499,-0.24532,-6787.82,-0.29104,busqueda_24m
1790810558,1,orb_sesion,30,"{""hora_inicio_utc"": 0.0, ""k_atr"": 1.0, ""minutos_rango"": 60}",obj20pct,reducido50,todos,short,13652,-0.15411,-4159.8,-0.14095,busqueda_24m
1790810558,1,orb_sesion,30,"{""hora_inicio_utc"": 0.0, ""k_atr"": 1.0, ""minutos_rango"": 60}",obj30pct,reducido50,todos,ambos,27151,-0.18999,-10655.19,-0.23272,busqueda_24m
1790810558,1,orb_sesion,30,"{""hora_inicio_utc"": 0.0, ""k_atr"": 1.0, ""minutos_rango"": 60}",obj30pct,reducido50,todos,long,13499,-0.25208,-7045.33,-0.25038,busqueda_24m
1790810558,1,orb_sesion,30,"{""hora_inicio_utc"": 0.0, ""k_atr"": 1.0, ""minutos_rango"": 60}",obj30pct,reducido50,todos,short,13652,-0.12859,-3609.87,-0.09554,busqueda_24m
1790810558,1,orb_sesion,30,"{""hora_inicio_utc"": 0.0, ""k_atr"": 1.0, ""minutos_rango"": 60}",obj50pct,reducido50,todos,ambos,27151,-0.18496,-10736.06,-0.18378,busqueda_24m
1790810558,1,orb_sesion,30,"{""hora_inicio_utc"": 0.0, ""k_atr"": 1.0, ""minutos_rango"": 60}",obj50pct,reducido50,todos,long,13499,-0.27014,-8072.4,-0.23597,busqueda_24m
1790810558,1,orb_sesion,30,"{""hora_inicio_utc"": 0.0, ""k_atr"": 1.0, ""minutos_rango"": 60}",obj50pct,reducido50,todos,short,13652,-0.10073,-2663.66,-0.05432,busqueda_24m
1790810558,1,orb_sesion,30,"{""hora_inicio_utc"": 0.0, ""k_atr"": 1.0, ""minutos_rango"": 60}",obj1R,reducido50,todos,ambos,27151,-0.19504,-9681.09,-0.31866,busqueda_24m
1790810558,1,orb_sesion,30,"{""hora_inicio_utc"": 0.0, ""k_atr"": 1.0, ""minutos_rango"": 60}",obj1R,reducido50,todos,long,13652,-0.22293,-6063.58,-0.23305,busqueda_24m
1790810558,1,orb_sesion,30,"{""hora_inicio_utc"": 0.0, ""k_atr"": 1.0, ""minutos_rango"": 60}",obj1R,reducido50,todos,short,13499,-0.16684,-3617.51,-0.17826,busqueda_24m
1790810558,1,orb_sesion,30,"{""hora_inicio_utc"": 0.0, ""k_atr"": 1.0, ""minutos_rango"": 60}",obj2R,reducido50,todos,ambos,27151,-0.16693,-7451.2,-0.17764,busqueda_24m
1790810558,1,orb_sesion,30,"{""hora_inicio_utc"": 0.0, ""k_atr"": 1.0, ""minutos_rango"": 60}",obj2R,reducido50,todos,long,13652,-0.20434,-5210.34,-0.1473,busqueda_24m
1790810558,1,orb_sesion,30,"{""hora_inicio_utc"": 0.0, ""k_atr"": 1.0, ""minutos_rango"": 60}",obj2R,reducido50,todos,short,13499,-0.12909,-2240.86,-0.07156,busqueda_24m
1790810558,1,orb_sesion,30,"{""hora_inicio_utc"": 0.0, ""k_atr"": 1.0, ""minutos_rango"": 60}",obj3R,reducido50,todos,ambos,27151,-0.12756,-4800.5,-0.09281,busqueda_24m
1790810558,1,orb_sesion,30,"{""hora_inicio_utc"": 0.0, ""k_atr"": 1.0, ""minutos_rango"": 60}",obj3R,reducido50,todos,long,13652,-0.16708,-4173.0,-0.09707,busqueda_24m
1790810558,1,orb_sesion,30,"{""hora_inicio_utc"": 0.0, ""k_atr"": 1.0, ""minutos_rango"": 60}",obj3R,reducido50,todos,short,13499,-0.0876,-627.5,-0.01569,busqueda_24m
1790810558,1,orb_sesion,30,"{""hora_inicio_utc"": 0.0, ""k_atr"": 1.0, ""minutos_rango"": 60}",trail2R,reducido50,todos,ambos,27151,-0.12715,-4926.61,-0.08789,busqueda_24m
1790810558,1,orb_sesion,30,"{""hora_inicio_utc"": 0.0, ""k_atr"": 1.0, ""minutos_rango"": 60}",trail2R,reducido50,todos,long,13652,-0.16103,-4071.49,-0.08994,busqueda_24m
1790810558,1,orb_sesion,30,"{""hora_inicio_utc"": 0.0, ""k_atr"": 1.0, ""minutos_rango"": 60}",trail2R,reducido50,todos,short,13499,-0.09288,-855.12,-0.02032,busqueda_24m
1790810558,1,orb_sesion,30,"{""hora_inicio_utc"": 0.0, ""k_atr"": 1.0, ""minutos_rango"": 60}",trail3R,reducido50,todos,ambos,27151,-0.1087,-4008.17,-0.05792,busqueda_24m
1790810558,1,orb_sesion,30,"{""hora_inicio_utc"": 0.0, ""k_atr"": 1.0, ""minutos_rango"": 60}",trail3R,reducido50,todos,long,13652,-0.14441,-3656.23,-0.06428,busqueda_24m
1790810558,1,orb_sesion,30,"{""hora_inicio_utc"": 0.0, ""k_atr"": 1.0, ""minutos_rango"": 60}",trail3R,reducido50,todos,short,13499,-0.07258,-351.95,-0.00701,busqueda_24m
1790810558,1,orb_sesion,30,"{""hora_inicio_utc"": 0.0, ""k_atr"": 1.0, ""minutos_rango"": 60}",obj3R_be,reducido50,todos,ambos,27151,-0.13655,-5303.48,-0.10994,busqueda_24m
1790810558,1,orb_sesion,30,"{""hora_inicio_utc"": 0.0, ""k_atr"": 1.0, ""minutos_rango"": 60}",obj3R_be,reducido50,todos,long,13652,-0.17258,-4305.34,-0.10814,busqueda_24m
1790810558,1,orb_sesion,30,"{""hora_inicio_utc"": 0.0, ""k_atr"": 1.0, ""minutos_rango"": 60}",obj3R_be,reducido50,todos,short,13499,-0.10012,-998.14,-0.02722,busqueda_24m
1790810558,1,orb_sesion,30,"{""hora_inicio_utc"": 0.0, ""k_atr"": 1.0, ""minutos_rango"": 60}",obj5pct,reducido50,todos,ambos,27151,-0.19084,-9252.13,-0.57028,busqueda_24m
1790810558,1,orb_sesion,30,"{""hora_inicio_utc"": 0.0, ""k_atr"": 1.0, ""minutos_rango"": 60}",obj5pct,reducido50,todos,long,13652,-0.20846,-5197.95,-0.37297,busqueda_24m
1790810558,1,orb_sesion,30,"{""hora_inicio_utc"": 0.0, ""k_atr"": 1.0, ""minutos_rango"": 60}",obj5pct,reducido50,todos,short,13499,-0.17302,-4054.18,-0.35531,busqueda_24m
1790810558,1,orb_sesion,30,"{""hora_inicio_utc"": 0.0, ""k_atr"": 1.0, ""minutos_rango"": 60}",obj10pct,reducido50,todos,ambos,27151,-0.18723,-9366.08,-0.39214,busqueda_24m
1790810558,1,orb_sesion,30,"{""hora_inicio_utc"": 0.0, ""k_atr"": 1.0, ""minutos_rango"": 60}",obj10pct,reducido50,todos,long,13652,-0.20963,-5566.23,-0.26999,busqueda_24m
1790810558,1,orb_sesion,30,"{""hora_inicio_utc"": 0.0, ""k_atr"": 1.0, ""minutos_rango"": 60}",obj10pct,reducido50,todos,short,13499,-0.16457,-3799.85,-0.2273,busqueda_24m
1790810558,1,orb_sesion,30,"{""hora_inicio_utc"": 0.0, ""k_atr"": 1.0, ""minutos_rango"": 60}",obj20pct,reducido50,todos,ambos,27151,-0.16458,-8414.37,-0.24773,busqueda_24m
1790810558,1,orb_sesion,30,"{""hora_inicio_utc"": 0.0, ""k_atr"": 1.0, ""minutos_rango"": 60}",obj20pct,reducido50,todos,long,13652,-0.18609,-5372.25,-0.18503,busqueda_24m
1790810558,1,orb_sesion,30,"{""hora_inicio_utc"": 0.0, ""k_atr"": 1.0, ""minutos_rango"": 60}",obj20pct,reducido50,todos,short,13499,-0.14282,-3042.12,-0.12081,busqueda_24m
1790810558,1,orb_sesion,30,"{""hora_inicio_utc"": 0.0, ""k_atr"": 1.0, ""minutos_rango"": 60}",obj30pct,reducido50,todos,ambos,27151,-0.14517,-7276.37,-0.17519,busqueda_24m
1790810558,1,orb_sesion,30,"{""hora_inicio_utc"": 0.0, ""k_atr"": 1.0, ""minutos_rango"": 60}",obj30pct,reducido50,todos,long,13652,-0.17507,-5098.35,-0.14373,busqueda_24m
1790810558,1,orb_sesion,30,"{""hora_inicio_utc"": 0.0, ""k_atr"": 1.0, ""minutos_rango"": 60}",obj30pct,reducido50,todos,short,13499,-0.11492,-2178.02,-0.06834,busqueda_24m
1790810558,1,orb_sesion,30,"{""hora_inicio_utc"": 0.0, ""k_atr"": 1.0, ""minutos_rango"": 60}",obj50pct,reducido50,todos,ambos,27151,-0.11754,-5285.51,-0.09969,busqueda_24m
1790810558,1,orb_sesion,30,"{""hora_inicio_utc"": 0.0, ""k_atr"": 1.0, ""minutos_rango"": 60}",obj50pct,reducido50,todos,long,13652,-0.15107,-4275.87,-0.09999,busqueda_24m
1790810558,1,orb_sesion,30,"{""hora_inicio_utc"": 0.0, ""k_atr"": 1.0, ""minutos_rango"": 60}",obj50pct,reducido50,todos,short,13499,-0.08363,-1009.64,-0.02369,busqueda_24m
1790810558,1,orb_sesion,30,"{""hora_inicio_utc"": 0.0, ""k_atr"": 1.5, ""minutos_rango"": 60}",obj1R,reducido50,todos,ambos,27151,-0.14318,-11950.08,-0.2559,busqueda_24m
1790810558,1,orb_sesion,30,"{""hora_inicio_utc"": 0.0, ""k_atr"": 1.5, ""minutos_rango"": 60}",obj1R,reducido50,todos,long,13499,-0.17596,-7602.38,-0.24319,busqueda_24m
1790810558,1,orb_sesion,30,"{""hora_inicio_utc"": 0.0, ""k_atr"": 1.5, ""minutos_rango"": 60}",obj1R,reducido50,todos,short,13652,-0.11076,-4347.7,-0.11336,busqueda_24m
1790810558,1,orb_sesion,30,"{""hora_inicio_utc"": 0.0, ""k_atr"": 1.5, ""minutos_rango"": 60}",obj2R,reducido50,todos,ambos,27151,-0.15598,-14224.39,-0.21643,busqueda_24m
1790810558,1,orb_sesion,30,"{""hora_inicio_utc"": 0.0, ""k_atr"": 1.5, ""minutos_rango"": 60}",obj2R,reducido50,todos,long,13499,-0.20003,-8993.18,-0.20487,busqueda_24m
1790810558,1,orb_sesion,30,"{""hora_inicio_utc"": 0.0, ""k_atr"": 1.5, ""minutos_rango"": 60}",obj2R,reducido50,todos,short,13652,-0.11242,-5231.21,-0.09761,busqueda_24m
1790810558,1,orb_sesion,30,"{""hora_inicio_utc"": 0.0, ""k_atr"": 1.5, ""minutos_rango"": 60}",obj3R,reducido50,todos,ambos,27151,-0.14749,-14583.9,-0.19299,busqueda_24m
1790810558,1,orb_sesion,30,"{""hora_inicio_utc"": 0.0, ""k_atr"": 1.5, ""minutos_rango"": 60}",obj3R,reducido50,todos,long,13499,-0.20881,-9651.91,-0.1932,busqueda_24m
1790810558,1,orb_sesion,30,"{""hora_inicio_utc"": 0.0, ""k_atr"": 1.5, ""minutos_rango"": 60}",obj3R,reducido50,todos,short,13652,-0.08686,-4931.99,-0.07976,busqueda_24m
1790810558,1,orb_sesion,30,"{""hora_inicio_utc"": 0.0, ""k_atr"": 1.5, ""minutos_rango"": 60}",trail2R,reducido50,todos,ambos,27151,-0.17086,-16412.11,-0.22252,busqueda_24m
1790810558,1,orb_sesion,30,"{""hora_inicio_utc"": 0.0, ""k_atr"": 1.5, ""minutos_rango"": 60}",trail2R,reducido50,todos,long,13499,-0.21866,-9922.84,-0.20887,busqueda_24m
1790810558,1,orb_sesion,30,"{""hora_inicio_utc"": 0.0, ""k_atr"": 1.5, ""minutos_rango"": 60}",trail2R,reducido50,todos,short,13652,-0.1236,-6489.27,-0.10812,busqueda_24m
1790810558,1,orb_sesion,30,"{""hora_inicio_utc"": 0.0, ""k_atr"": 1.5, ""minutos_rango"": 60}",trail3R,reducido50,todos,ambos,27151,-0.14697,-15118.74,-0.17705,busqueda_24m
1790810558,1,orb_sesion,30,"{""hora_inicio_utc"": 0.0, ""k_atr"": 1.5, ""minutos_rango"": 60}",trail3R,reducido50,todos,long,13499,-0.19631,-9138.53,-0.16334,busqueda_24m
1790810558,1,orb_sesion,30,"{""hora_inicio_utc"": 0.0, ""k_atr"": 1.5, ""minutos_rango"": 60}",trail3R,reducido50,todos,short,13652,-0.09819,-5980.21,-0.08732,busqueda_24m
1790810558,1,orb_sesion,30,"{""hora_inicio_utc"": 0.0, ""k_atr"": 1.5, ""minutos_rango"": 60}",obj3R_be,reducido50,todos,ambos,27151,-0.16353,-15443.75,-0.22366,busqueda_24m
1790810558,1,orb_sesion,30,"{""hora_inicio_utc"": 0.0, ""k_atr"": 1.5, ""minutos_rango"": 60}",obj3R_be,reducido50,todos,long,13499,-0.21394,-9766.6,-0.21381,busqueda_24m
1790810558,1,orb_sesion,30,"{""hora_inicio_utc"": 0.0, ""k_atr"": 1.5, ""minutos_rango"": 60}",obj3R_be,reducido50,todos,short,13652,-0.11368,-5677.15,-0.10078,busqueda_24m
1790810558,1,orb_sesion,30,"{""hora_inicio_utc"": 0.0, ""k_atr"": 1.5, ""minutos_rango"": 60}",obj5pct,reducido50,todos,ambos,27151,-0.13961,-11215.28,-0.53965,busqueda_24m
1790810558,1,orb_sesion,30,"{""hora_inicio_utc"": 0.0, ""k_atr"": 1.5, ""minutos_rango"": 60}",obj5pct,reducido50,todos,long,13499,-0.15499,-6175.08,-0.42512,busqueda_24m
1790810558,1,orb_sesion,30,"{""hora_inicio_utc"": 0.0, ""k_atr"": 1.5, ""minutos_rango"": 60}",obj5pct,reducido50,todos,short,13652,-0.12441,-5040.19,-0.31202,busqueda_24m
1790810558,1,orb_sesion,30,"{""hora_inicio_utc"": 0.0, ""k_atr"": 1.5, ""minutos_rango"": 60}",obj10pct,reducido50,todos,ambos,27151,-0.13533,-11252.35,-0.37831,busqueda_24m
1790810558,1,orb_sesion,30,"{""hora_inicio_utc"": 0.0, ""k_atr"": 1.5, ""minutos_rango"": 60}",obj10pct,reducido50,todos,long,13499,-0.15825,-6521.64,-0.30989,busqueda_24m
1790810558,1,orb_sesion,30,"{""hora_inicio_utc"": 0.0, ""k_atr"": 1.5, ""minutos_rango"": 60}",obj10pct,reducido50,todos,short,13652,-0.11268,-4730.71,-0.19825,busqueda_24m
1790810558,1,orb_sesion,30,"{""hora_inicio_utc"": 0.0, ""k_atr"": 1.5, ""minutos_rango"": 60}",obj20pct,reducido50,todos,ambos,27151,-0.14305,-12291.27,-0.27348,busqueda_24m
1790810558,1,orb_sesion,30,"{""hora_inicio_utc"": 0.0, ""k_atr"": 1.5, ""minutos_rango"": 60}",obj20pct,reducido50,todos,long,13499,-0.18381,-7780.79,-0.24968,busqueda_24m
1790810558,1,orb_sesion,30,"{""hora_inicio_utc"": 0.0, ""k_atr"": 1.5, ""minutos_rango"": 60}",obj20pct,reducido50,todos,short,13652,-0.10275,-4510.48,-0.12362,busqueda_24m
1790810558,1,orb_sesion,30,"{""hora_inicio_utc"": 0.0, ""k_atr"": 1.5, ""minutos_rango"": 60}",obj30pct,reducido50,todos,ambos,27151,-0.13555,-12088.29,-0.21589,busqueda_24m
1790810558,1,orb_sesion,30,"{""hora_inicio_utc"": 0.0, ""k_atr"": 1.5, ""minutos_rango"": 60}",obj30pct,reducido50,todos,long,13499,-0.18442,-7999.85,-0.21182,busqueda_24m
1790810558,1,orb_sesion,30,"{""hora_inicio_utc"": 0.0, ""k_atr"": 1.5, ""minutos_rango"": 60}",obj30pct,reducido50,todos,short,13652,-0.08722,-4088.45,-0.08913,busqueda_24m
1790810558,1,orb_sesion,30,"{""hora_inicio_utc"": 0.0, ""k_atr"": 1.5, ""minutos_rango"": 60}",obj50pct,reducido50,todos,ambos,27151,-0.13364,-12222.03,-0.1712,busqueda_24m
1790810558,1,orb_sesion,30,"{""hora_inicio_utc"": 0.0, ""k_atr"": 1.5, ""minutos_rango"": 60}",obj50pct,reducido50,todos,long,13499,-0.20204,-9299.46,-0.20241,busqueda_24m
1790810558,1,orb_sesion,30,"{""hora_inicio_utc"": 0.0, ""k_atr"": 1.5, ""minutos_rango"": 60}",obj50pct,reducido50,todos,short,13652,-0.066,-2922.57,-0.04954,busqueda_24m
1790810558,1,orb_sesion,30,"{""hora_inicio_utc"": 0.0, ""k_atr"": 1.5, ""minutos_rango"": 60}",obj1R,reducido50,todos,ambos,27151,-0.11826,-8160.11,-0.17442,busqueda_24m
1790810558,1,orb_sesion,30,"{""hora_inicio_utc"": 0.0, ""k_atr"": 1.5, ""minutos_rango"": 60}",obj1R,reducido50,todos,long,13652,-0.15091,-5876.95,-0.14822,busqueda_24m
1790810558,1,orb_sesion,30,"{""hora_inicio_utc"": 0.0, ""k_atr"": 1.5, ""minutos_rango"": 60}",obj1R,reducido50,todos,short,13499,-0.08525,-2283.16,-0.07016,busqueda_24m
1790810558,1,orb_sesion,30,"{""hora_inicio_utc"": 0.0, ""k_atr"": 1.5, ""minutos_rango"": 60}",obj2R,reducido50,todos,ambos,27151,-0.07647,-3777.35,-0.05933,busqueda_24m
1790810558,1,orb_sesion,30,"{""hora_inicio_utc"": 0.0, ""k_atr"": 1.5, ""minutos_rango"": 60}",obj2R,reducido50,todos,long,13652,-0.11604,-4114.04,-0.07625,busqueda_24m
1790810558,1,orb_sesion,30,"{""hora_inicio_utc"": 0.0, ""k_atr"": 1.5, ""minutos_rango"": 60}",obj2R,reducido50,todos,short,13499,-0.03645,336.69,0.00687,busqueda_24m
1790810558,1,orb_sesion,30,"{""hora_inicio_utc"": 0.0, ""k_atr"": 1.5, ""minutos_rango"": 60}",obj3R,reducido50,todos,ambos,27151,-0.06781,-2995.53,-0.03973,busqueda_24m
1790810558,1,orb_sesion,30,"{""hora_inicio_utc"": 0.0, ""k_atr"": 1.5, ""minutos_rango"": 60}",obj3R,reducido50,todos,long,13652,-0.11346,-4119.77,-0.0662,busqueda_24m
1790810558,1,orb_sesion,30,"{""hora_inicio_utc"": 0.0, ""k_atr"": 1.5, ""minutos_rango"": 60}",obj3R,reducido50,todos,short,13499,-0.02165,1124.24,0.01878,busqueda_24m
1790810558,1,orb_sesion,30,"{""hora_inicio_utc"": 0.0, ""k_atr"": 1.5, ""minutos_rango"": 60}",trail2R,reducido50,todos,ambos,27151,-0.06545,-3102.19,-0.0388,busqueda_24m
1790810558,1,orb_sesion,30,"{""hora_inicio_utc"": 0.0, ""k_atr"": 1.5, ""minutos_rango"": 60}",trail2R,reducido50,todos,long,13652,-0.10164,-3694.94,-0.05586,busqueda_24m
1790810558,1,orb_sesion,30,"{""hora_inicio_utc"": 0.0, ""k_atr"": 1.5, ""minutos_rango"": 60}",trail2R,reducido50,todos,short,13499,-0.02884,592.76,0.00993,busqueda_24m
1790810558,1,orb_sesion,30,"{""hora_inicio_utc"": 0.0, ""k_atr"": 1.5, ""minutos_rango"": 60}",trail3R,reducido50,todos,ambos,27151,-0.06143,-2892.57,-0.03343,busqueda_24m
1790810558,1,orb_sesion,30,"{""hora_inicio_utc"": 0.0, ""k_atr"": 1.5, ""minutos_rango"": 60}",trail3R,reducido50,todos,long,13652,-0.09266,-3273.74,-0.04496,busqueda_24m
1790810558,1,orb_sesion,30,"{""hora_inicio_utc"": 0.0, ""k_atr"": 1.5, ""minutos_rango"": 60}",trail3R,reducido50,todos,short,13499,-0.02985,381.17,0.00587,busqueda_24m
1790810558,1,orb_sesion,30,"{""hora_inicio_utc"": 0.0, ""k_atr"": 1.5, ""minutos_rango"": 60}",obj3R_be,reducido50,todos,ambos,27151,-0.06892,-3275.05,-0.04536,busqueda_24m
1790810558,1,orb_sesion,30,"{""hora_inicio_utc"": 0.0, ""k_atr"": 1.5, ""minutos_rango"": 60}",obj3R_be,reducido50,todos,long,13652,-0.11744,-4530.09,-0.07705,busqueda_24m
1790810558,1,orb_sesion,30,"{""hora_inicio_utc"": 0.0, ""k_atr"": 1.5, ""minutos_rango"": 60}",obj3R_be,reducido50,todos,short,13499,-0.01985,1255.04,0.02216,busqueda_24m
1790810558,1,orb_sesion,30,"{""hora_inicio_utc"": 0.0, ""k_atr"": 1.5, ""minutos_rango"": 60}",obj5pct,reducido50,todos,ambos,27151,-0.12949,-9446.3,-0.4582,busqueda_24m
1790810558,1,orb_sesion,30,"{""hora_inicio_utc"": 0.0, ""k_atr"": 1.5, ""minutos_rango"": 60}",obj5pct,reducido50,todos,long,13652,-0.14878,-5681.97,-0.31778,busqueda_24m
1790810558,1,orb_sesion,30,"{""hora_inicio_utc"": 0.0, ""k_atr"": 1.5, ""minutos_rango"": 60}",obj5pct,reducido50,todos,short,13499,-0.10997,-3764.33,-0.28041,busqueda_24m
1790810558,1,orb_sesion,30,"{""hora_inicio_utc"": 0.0, ""k_atr"": 1.5, ""minutos_rango"": 60}",obj10pct,reducido50,todos,ambos,27151,-0.12734,-9579.33,-0.31409,busqueda_24m
1790810558,1,orb_sesion,30,"{""hora_inicio_utc"": 0.0, ""k_atr"": 1.5, ""minutos_rango"": 60}",obj10pct,reducido50,todos,long,13652,-0.15254,-6178.55,-0.23462,busqueda_24m
1790810558,1,orb_sesion,30,"{""hora_inicio_utc"": 0.0, ""k_atr"": 1.5, ""minutos_rango"": 60}",obj10pct,reducido50,todos,short,13499,-0.10186,-3400.78,-0.16688,busqueda_24m
1790810558,1,orb_sesion,30,"{""hora_inicio_utc"": 0.0, ""k_atr"": 1.5, ""minutos_rango"": 60}",obj20pct,reducido50,todos,ambos,27151,-0.10472,-7900.96,-0.18098,busqueda_24m
1790810558,1,orb_sesion,30,"{""hora_inicio_utc"": 0.0, ""k_atr"": 1.5, ""minutos_rango"": 60}",obj20pct,reducido50,todos,long,13652,-0.1313,-5648.04,-0.15065,busqueda_24m
1790810558,1,orb_sesion,30,"{""hora_inicio_utc"": 0.0, ""k_atr"": 1.5, ""minutos_rango"": 60}",obj20pct,reducido50,todos,short,13499,-0.07785,-2252.93,-0.07181,busqueda_24m
1790810558,1,orb_sesion,30,"{""hora_inicio_utc"": 0.0, ""k_atr"": 1.5, ""minutos_rango"": 60}",obj30pct,reducido50,todos,ambos,27151,-0.09218,-6780.63,-0.12862,busqueda_24m
1790810558,1,orb_sesion,30,"{""hora_inicio_utc"": 0.0, ""k_atr"": 1.5, ""minutos_rango"": 60}",obj30pct,reducido50,todos,long,13652,-0.12555,-5437.86,-0.11929,busqueda_24m
1790810558,1,orb_sesion,30,"{""hora_inicio_utc"": 0.0, ""k_atr"": 1.5, ""minutos_rango"": 60}",obj30pct,reducido50,todos,short,13499,-0.05843,-1342.77,-0.03367,busqueda_24m
1790810558,1,orb_sesion,30,"{""hora_inicio_utc"": 0.0, ""k_atr"": 1.5, ""minutos_rango"": 60}",obj50pct,reducido50,todos,ambos,27151,-0.07079,-4681.81,-0.07169,busqueda_24m
1790810558,1,orb_sesion,30,"{""hora_inicio_utc"": 0.0, ""k_atr"": 1.5, ""minutos_rango"": 60}",obj50pct,reducido50,todos,long,13652,-0.10771,-4584.59,-0.08471,busqueda_24m
1790810558,1,orb_sesion,30,"{""hora_inicio_utc"": 0.0, ""k_atr"": 1.5, ""minutos_rango"": 60}",obj50pct,reducido50,todos,short,13499,-0.03345,-97.21,-0.00185,busqueda_24m
1790810558,1,orb_sesion,30,"{""hora_inicio_utc"": 7.0, ""k_atr"": 1.0, ""minutos_rango"": 60}",obj1R,reducido50,todos,ambos,27200,-0.20213,-9897.11,-0.38892,busqueda_24m
1790810558,1,orb_sesion,30,"{""hora_inicio_utc"": 7.0, ""k_atr"": 1.0, ""minutos_rango"": 60}",obj1R,reducido50,todos,long,13086,-0.25629,-6033.95,-0.34759,busqueda_24m
1790810558,1,orb_sesion,30,"{""hora_inicio_utc"": 7.0, ""k_atr"": 1.0, ""minutos_rango"": 60}",obj1R,reducido50,todos,short,14114,-0.15192,-3863.16,-0.19323,busqueda_24m
1790810558,1,orb_sesion,30,"{""hora_inicio_utc"": 7.0, ""k_atr"": 1.0, ""minutos_rango"": 60}",obj2R,reducido50,todos,ambos,27200,-0.20429,-10231.1,-0.26632,busqueda_24m
1790810558,1,orb_sesion,30,"{""hora_inicio_utc"": 7.0, ""k_atr"": 1.0, ""minutos_rango"": 60}",obj2R,reducido50,todos,long,13086,-0.26366,-6128.87,-0.23638,busqueda_24m
1790810558,1,orb_sesion,30,"{""hora_inicio_utc"": 7.0, ""k_atr"": 1.0, ""minutos_rango"": 60}",obj2R,reducido50,todos,short,14114,-0.14924,-4102.23,-0.13503,busqueda_24m
1790810558,1,orb_sesion,30,"{""hora_inicio_utc"": 7.0, ""k_atr"": 1.0, ""minutos_rango"": 60}",obj3R,reducido50,todos,ambos,27200,-0.20714,-10285.64,-0.21695,busqueda_24m
1790810558,1,orb_sesion,30,"{""hora_inicio_utc"": 7.0, ""k_atr"": 1.0, ""minutos_rango"": 60}",obj3R,reducido50,todos,long,13086,-0.2731,-6599.74,-0.20821,busqueda_24m
1790810558,1,orb_sesion,30,"{""hora_inicio_utc"": 7.0, ""k_atr"": 1.0, ""minutos_rango"": 60}",obj3R,reducido50,todos,short,14114,-0.14599,-3685.91,-0.09949,busqueda_24m
1790810558,1,orb_sesion,30,"{""hora_inicio_utc"": 7.0, ""k_atr"": 1.0, ""minutos_rango"": 60}",trail2R,reducido50,todos,ambos,27200,-0.22558,-11030.72,-0.25188,busqueda_24m
1790810558,1,orb_sesion,30,"{""hora_inicio_utc"": 7.0, ""k_atr"": 1.0, ""minutos_rango"": 60}",trail2R,reducido50,todos,long,13086,-0.27177,-6280.13,-0.21627,busqueda_24m
1790810558,1,orb_sesion,30,"{""hora_inicio_utc"": 7.0, ""k_atr"": 1.0, ""minutos_rango"": 60}",trail2R,reducido50,todos,short,14114,-0.18275,-4750.59,-0.13758,busqueda_24m
1790810558,1,orb_sesion,30,"{""hora_inicio_utc"": 7.0, ""k_atr"": 1.0, ""minutos_rango"": 60}",trail3R,reducido50,todos,ambos,27200,-0.21571,-10842.83,-0.20023,busqueda_24m
1790810558,1,orb_sesion,30,"{""hora_inicio_utc"": 7.0, ""k_atr"": 1.0, ""minutos_rango"": 60}",trail3R,reducido50,todos,long,13086,-0.27077,-6512.21,-0.17881,busqueda_24m
1790810558,1,orb_sesion,30,"{""hora_inicio_utc"": 7.0, ""k_atr"": 1.0, ""minutos_rango"": 60}",trail3R,reducido50,todos,short,14114,-0.16467,-4330.63,-0.098,busqueda_24m
1790810558,1,orb_sesion,30,"{""hora_inicio_utc"": 7.0, ""k_atr"": 1.0, ""minutos_rango"": 60}",obj3R_be,reducido50,todos,ambos,27200,-0.21165,-10475.26,-0.24606,busqueda_24m
1790810558,1,orb_sesion,30,"{""hora_inicio_utc"": 7.0, ""k_atr"": 1.0, ""minutos_rango"": 60}",obj3R_be,reducido50,todos,long,13086,-0.2662,-6196.68,-0.21398,busqueda_24m
1790810558,1,orb_sesion,30,"{""hora_inicio_utc"": 7.0, ""k_atr"": 1.0, ""minutos_rango"": 60}",obj3R_be,reducido50,todos,short,14114,-0.16107,-4278.58,-0.12965,busqueda_24m
1790810558,1,orb_sesion,30,"{""hora_inicio_utc"": 7.0, ""k_atr"": 1.0, ""minutos_rango"": 60}",obj5pct,reducido50,todos,ambos,27200,-0.19496,-9218.69,-0.67806,busqueda_24m
1790810558,1,orb_sesion,30,"{""hora_inicio_utc"": 7.0, ""k_atr"": 1.0, ""minutos_rango"": 60}",obj5pct,reducido50,todos,long,13086,-0.23414,-5379.43,-0.57596,busqueda_24m
1790810558,1,orb_sesion,30,"{""hora_inicio_utc"": 7.0, ""k_atr"": 1.0, ""minutos_rango"": 60}",obj5pct,reducido50,todos,short,14114,-0.15864,-3839.26,-0.36349,busqueda_24m
1790810558,1,orb_sesion,30,"{""hora_inicio_utc"": 7.0, ""k_atr"": 1.0, ""minutos_rango"": 60}",obj10pct,reducido50,todos,ambos,27200,-0.19669,-9466.98,-0.4454,busqueda_24m
1790810558,1,orb_sesion,30,"{""hora_inicio_utc"": 7.0, ""k_atr"": 1.0, ""minutos_rango"": 60}",obj10pct,reducido50,todos,long,13086,-0.25197,-5859.41,-0.41404,busqueda_24m
1790810558,1,orb_sesion,30,"{""hora_inicio_utc"": 7.0, ""k_atr"": 1.0, ""minutos_rango"": 60}",obj10pct,reducido50,todos,short,14114,-0.14543,-3607.56,-0.21367,busqueda_24m
1790810558,1,orb_sesion,30,"{""hora_inicio_utc"": 7.0, ""k_atr"": 1.0, ""minutos_rango"": 60}",obj20pct,reducido50,todos,ambos,27200,-0.19895,-9757.23,-0.30786,busqueda_24m
1790810558,1,orb_sesion,30,"{""hora_inicio_utc"": 7.0, ""k_atr"": 1.0, ""minutos_rango"": 60}",obj20pct,reducido50,todos,long,13086,-0.25837,-6103.74,-0.29679,busqueda_24m
1790810558,1,orb_sesion,30,"{""hora_inicio_utc"": 7.0, ""k_atr"": 1.0, ""minutos_rango"": 60}",obj20pct,reducido50,todos,short,14114,-0.14385,-3653.49,-0.14061,busqueda_24m
1790810558,1,orb_sesion,30,"{""hora_inicio_utc"": 7.0, ""k_atr"": 1.0, ""minutos_rango"": 60}",obj30pct,reducido50,todos,ambos,27200,-0.19748,-9672.61,-0.24433,busqueda_24m
1790810558,1,orb_sesion,30,"{""hora_inicio_utc"": 7.0, ""k_atr"": 1.0, ""minutos_rango"": 60}",obj30pct,reducido50,todos,long,13086,-0.25763,-6109.75,-0.23985,busqueda_24m
1790810558,1,orb_sesion,30,"{""hora_inicio_utc"": 7.0, ""k_atr"": 1.0, ""minutos_rango"": 60}",obj30pct,reducido50,todos,short,14114,-0.14171,-3562.87,-0.10962,busqueda_24m
1790810558,1,orb_sesion,30,"{""hora_inicio_utc"": 7.0, ""k_atr"": 1.0, ""minutos_rango"": 60}",obj50pct,reducido50,todos,ambos,27200,-0.2057,-11029.39,-0.22287,busqueda_24m
1790810558,1,orb_sesion,30,"{""hora_inicio_utc"": 7.0, ""k_atr"": 1.0, ""minutos_rango"": 60}",obj50pct,reducido50,todos,long,13086,-0.27666,-7141.52,-0.2316,busqueda_24m
1790810558,1,orb_sesion,30,"{""hora_inicio_utc"": 7.0, ""k_atr"": 1.0, ""minutos_rango"": 60}",obj50pct,reducido50,todos,short,14114,-0.13991,-3887.87,-0.09515,busqueda_24m
1790810558,1,orb_sesion,30,"{""hora_inicio_utc"": 7.0, ""k_atr"": 1.0, ""minutos_rango"": 60}",obj1R,reducido50,todos,ambos,27200,-0.20941,-9968.95,-0.39775,busqueda_24m
1790810558,1,orb_sesion,30,"{""hora_inicio_utc"": 7.0, ""k_atr"": 1.0, ""minutos_rango"": 60}",obj1R,reducido50,todos,long,14114,-0.26015,-6572.06,-0.31116,busqueda_24m
1790810558,1,orb_sesion,30,"{""hora_inicio_utc"": 7.0, ""k_atr"": 1.0, ""minutos_rango"": 60}",obj1R,reducido50,todos,short,13086,-0.15468,-3396.88,-0.18321,busqueda_24m
1790810558,1,orb_sesion,30,"{""hora_inicio_utc"": 7.0, ""k_atr"": 1.0, ""minutos_rango"": 60}",obj2R,reducido50,todos,ambos,27200,-0.22691,-11048.7,-0.33719,busqueda_24m
1790810558,1,orb_sesion,30,"{""hora_inicio_utc"": 7.0, ""k_atr"": 1.0, ""minutos_rango"": 60}",obj2R,reducido50,todos,long,14114,-0.29023,-7379.42,-0.25262,busqueda_24m
1790810558,1,orb_sesion,30,"{""hora_inicio_utc"": 7.0, ""k_atr"": 1.0, ""minutos_rango"": 60}",obj2R,reducido50,todos,short,13086,-0.15861,-3669.28,-0.13778,busqueda_24m
1790810558,1,orb_sesion,30,"{""hora_inicio_utc"": 7.0, ""k_atr"": 1.0, ""minutos_rango"": 60}",obj3R,reducido50,todos,ambos,27200,-0.22849,-10956.57,-0.28192,busqueda_24m
1790810558,1,orb_sesion,30,"{""hora_inicio_utc"": 7.0, ""k_atr"": 1.0, ""minutos_rango"": 60}",obj3R,reducido50,todos,long,14114,-0.31971,-7878.38,-0.23001,busqueda_24m
1790810558,1,orb_sesion,30,"{""hora_inicio_utc"": 7.0, ""k_atr"": 1.0, ""minutos_rango"": 60}",obj3R,reducido50,todos,short,13086,-0.1301,-3078.18,-0.09217,busqueda_24m
1790810558,1,orb_sesion,30,"{""hora_inicio_utc"": 7.0, ""k_atr"": 1.0, ""minutos_rango"": 60}",trail2R,reducido50,todos,ambos,27200,-0.23092,-11255.96,-0.28638,busqueda_24m
1790810558,1,orb_sesion,30,"{""hora_inicio_utc"": 7.0, ""k_atr"": 1.0, ""minutos_rango"": 60}",trail2R,reducido50,todos,long,14114,-0.31287,-7859.78,-0.23424,busqueda_24m
1790810558,1,orb_sesion,30,"{""hora_inicio_utc"": 7.0, ""k_atr"": 1.0, ""minutos_rango"": 60}",trail2R,reducido50,todos,short,13086,-0.14254,-3396.19,-0.11077,busqueda_24m
1790810558,1,orb_sesion,30,"{""hora_inicio_utc"": 7.0, ""k_atr"": 1.0, ""minutos_rango"": 60}",trail3R,reducido50,todos,ambos,27200,-0.23615,-11618.99,-0.2508,busqueda_24m
1790810558,1,orb_sesion,30,"{""hora_inicio_utc"": 7.0, ""k_atr"": 1.0, ""minutos_rango"": 60}",trail3R,reducido50,todos,long,14114,-0.32656,-7926.91,-0.20265,busqueda_24m
1790810558,1,orb_sesion,30,"{""hora_inicio_utc"": 7.0, ""k_atr"": 1.0, ""minutos_rango"": 60}",trail3R,reducido50,todos,short,13086,-0.13865,-3692.08,-0.10458,busqueda_24m
1790810558,1,orb_sesion,30,"{""hora_inicio_utc"": 7.0, ""k_atr"": 1.0, ""minutos_rango"": 60}",obj3R_be,reducido50,todos,ambos,27200,-0.22683,-10932.98,-0.30926,busqueda_24m
1790810558,1,orb_sesion,30,"{""hora_inicio_utc"": 7.0, ""k_atr"": 1.0, ""minutos_rango"": 60}",obj3R_be,reducido50,todos,long,14114,-0.31295,-7971.17,-0.26276,busqueda_24m
1790810558,1,orb_sesion,30,"{""hora_inicio_utc"": 7.0, ""k_atr"": 1.0, ""minutos_rango"": 60}",obj3R_be,reducido50,todos,short,13086,-0.13393,-2961.81,-0.09922,busqueda_24m
1790810558,1,orb_sesion,30,"{""hora_inicio_utc"": 7.0, ""k_atr"": 1.0, ""minutos_rango"": 60}",obj5pct,reducido50,todos,ambos,27200,-0.19741,-9251.14,-0.65625,busqueda_24m
1790810558,1,orb_sesion,30,"{""hora_inicio_utc"": 7.0, ""k_atr"": 1.0, ""minutos_rango"": 60}",obj5pct,reducido50,todos,long,14114,-0.22418,-5459.42,-0.43191,busqueda_24m
1790810558,1,orb_sesion,30,"{""hora_inicio_utc"": 7.0, ""k_atr"": 1.0, ""minutos_rango"": 60}",obj5pct,reducido50,todos,short,13086,-0.16854,-3791.71,-0.38385,busqueda_24m
1790810558,1,orb_sesion,30,"{""hora_inicio_utc"": 7.0, ""k_atr"": 1.0, ""minutos_rango"": 60}",obj10pct,reducido50,todos,ambos,27200,-0.20791,-9941.71,-0.48031,busqueda_24m
1790810558,1,orb_sesion,30,"{""hora_inicio_utc"": 7.0, ""k_atr"": 1.0, ""minutos_rango"": 60}",obj10pct,reducido50,todos,long,14114,-0.2572,-6466.31,-0.34971,busqueda_24m
1790810558,1,orb_sesion,30,"{""hora_inicio_utc"": 7.0, ""k_atr"": 1.0, ""minutos_rango"": 60}",obj10pct,reducido50,todos,short,13086,-0.15476,-3475.4,-0.23067,busqueda_24m
1790810558,1,orb_sesion,30,"{""hora_inicio_utc"": 7.0, ""k_atr"": 1.0, ""minutos_rango"": 60}",obj20pct,reducido50,todos,ambos,27200,-0.22839,-11067.71,-0.39126,busqueda_24m
1790810558,1,orb_sesion,30,"{""hora_inicio_utc"": 7.0, ""k_atr"": 1.0, ""minutos_rango"": 60}",obj20pct,reducido50,todos,long,14114,-0.30276,-7649.77,-0.30556,busqueda_24m
1790810558,1,orb_sesion,30,"{""hora_inicio_utc"": 7.0, ""k_atr"": 1.0, ""minutos_rango"": 60}",obj20pct,reducido50,todos,short,13086,-0.14818,-3417.94,-0.14714,busqueda_24m
1790810558,1,orb_sesion,30,"{""hora_inicio_utc"": 7.0, ""k_atr"": 1.0, ""minutos_rango"": 60}",obj30pct,reducido50,todos,ambos,27200,-0.22838,-11029.32,-0.32865,busqueda_24m
1790810558,1,orb_sesion,30,"{""hora_inicio_utc"": 7.0, ""k_atr"": 1.0, ""minutos_rango"": 60}",obj30pct,reducido50,todos,long,14114,-0.31612,-8149.52,-0.27972,busqueda_24m
1790810558,1,orb_sesion,30,"{""hora_inicio_utc"": 7.0, ""k_atr"": 1.0, ""minutos_rango"": 60}",obj30pct,reducido50,todos,short,13086,-0.13375,-2879.8,-0.09903,busqueda_24m
1790810558,1,orb_sesion,30,"{""hora_inicio_utc"": 7.0, ""k_atr"": 1.0, ""minutos_rango"": 60}",obj50pct,reducido50,todos,ambos,27200,-0.23288,-11356.46,-0.282,busqueda_24m
1790810558,1,orb_sesion,30,"{""hora_inicio_utc"": 7.0, ""k_atr"": 1.0, ""minutos_rango"": 60}",obj50pct,reducido50,todos,long,14114,-0.3309,-8599.82,-0.26281,busqueda_24m
1790810558,1,orb_sesion,30,"{""hora_inicio_utc"": 7.0, ""k_atr"": 1.0, ""minutos_rango"": 60}",obj50pct,reducido50,todos,short,13086,-0.12715,-2756.64,-0.07588,busqueda_24m
1790810558,1,orb_sesion,30,"{""hora_inicio_utc"": 7.0, ""k_atr"": 1.5, ""minutos_rango"": 60}",obj1R,reducido50,todos,ambos,27200,-0.12554,-9263.92,-0.22661,busqueda_24m
1790810558,1,orb_sesion,30,"{""hora_inicio_utc"": 7.0, ""k_atr"": 1.5, ""minutos_rango"": 60}",obj1R,reducido50,todos,long,13086,-0.176,-6036.94,-0.20859,busqueda_24m
1790810558,1,orb_sesion,30,"{""hora_inicio_utc"": 7.0, ""k_atr"": 1.5, ""minutos_rango"": 60}",obj1R,reducido50,todos,short,14114,-0.07875,-3226.97,-0.09734,busqueda_24m
1790810558,1,orb_sesion,30,"{""hora_inicio_utc"": 7.0, ""k_atr"": 1.5, ""minutos_rango"": 60}",obj2R,reducido50,todos,ambos,27200,-0.12663,-9368.43,-0.16255,busqueda_24m
1790810558,1,orb_sesion,30,"{""hora_inicio_utc"": 7.0, ""k_atr"": 1.5, ""minutos_rango"": 60}",obj2R,reducido50,todos,long,13086,-0.18536,-6745.07,-0.1683,busqueda_24m
1790810558,1,orb_sesion,30,"{""hora_inicio_utc"": 7.0, ""k_atr"": 1.5, ""minutos_rango"": 60}",obj2R,reducido50,todos,short,14114,-0.07217,-2623.36,-0.05597,busqueda_24m
1790810558,1,orb_sesion,30,"{""hora_inicio_utc"": 7.0, ""k_atr"": 1.5, ""minutos_rango"": 60}",obj3R,reducido50,todos,ambos,27200,-0.12996,-9741.4,-0.14693,busqueda_24m
1790810558,1,orb_sesion,30,"{""hora_inicio_utc"": 7.0, ""k_atr"": 1.5, ""minutos_rango"": 60}",obj3R,reducido50,todos,long,13086,-0.18431,-6542.76,-0.15455,busqueda_24m
1790810558,1,orb_sesion,30,"{""hora_inicio_utc"": 7.0, ""k_atr"": 1.5, ""minutos_rango"": 60}",obj3R,reducido50,todos,short,14114,-0.07956,-3198.63,-0.05887,busqueda_24m
1790810558,1,orb_sesion,30,"{""hora_inicio_utc"": 7.0, ""k_atr"": 1.5, ""minutos_rango"": 60}",trail2R,reducido50,todos,ambos,27200,-0.14058,-10614.27,-0.16512,busqueda_24m
1790810558,1,orb_sesion,30,"{""hora_inicio_utc"": 7.0, ""k_atr"": 1.5, ""minutos_rango"": 60}",trail2R,reducido50,todos,long,13086,-0.18701,-6750.46,-0.15346,busqueda_24m
1790810558,1,orb_sesion,30,"{""hora_inicio_utc"": 7.0, ""k_atr"": 1.5, ""minutos_rango"": 60}",trail2R,reducido50,todos,short,14114,-0.09754,-3863.81,-0.07276,busqueda_24m
1790810558,1,orb_sesion,30,"{""hora_inicio_utc"": 7.0, ""k_atr"": 1.5, ""minutos_rango"": 60}",trail3R,reducido50,todos,ambos,27200,-0.1344,-10522.73,-0.14991,busqueda_24m
1790810558,1,orb_sesion,30,"{""hora_inicio_utc"": 7.0, ""k_atr"": 1.5, ""minutos_rango"": 60}",trail3R,reducido50,todos,long,13086,-0.18344,-6531.15,-0.1243,busqueda_24m
1790810558,1,orb_sesion,30,"{""hora_inicio_utc"": 7.0, ""k_atr"": 1.5, ""minutos_rango"": 60}",trail3R,reducido50,todos,short,14114,-0.08893,-3991.58,-0.06768,busqueda_24m
1790810558,1,orb_sesion,30,"{""hora_inicio_utc"": 7.0, ""k_atr"": 1.5, ""minutos_rango"": 60}",obj3R_be,reducido50,todos,ambos,27200,-0.13105,-9800.11,-0.15764,busqueda_24m
1790810558,1,orb_sesion,30,"{""hora_inicio_utc"": 7.0, ""k_atr"": 1.5, ""minutos_rango"": 60}",obj3R_be,reducido50,todos,long,13086,-0.18654,-6552.34,-0.1647,busqueda_24m
1790810558,1,orb_sesion,30,"{""hora_inicio_utc"": 7.0, ""k_atr"": 1.5, ""minutos_rango"": 60}",obj3R_be,reducido50,todos,short,14114,-0.0796,-3247.76,-0.06436,busqueda_24m
1790810558,1,orb_sesion,30,"{""hora_inicio_utc"": 7.0, ""k_atr"": 1.5, ""minutos_rango"": 60}",obj5pct,reducido50,todos,ambos,27200,-0.13013,-9303.49,-0.55912,busqueda_24m
1790810558,1,orb_sesion,30,"{""hora_inicio_utc"": 7.0, ""k_atr"": 1.5, ""minutos_rango"": 60}",obj5pct,reducido50,todos,long,13086,-0.16287,-5674.82,-0.45992,busqueda_24m
1790810558,1,orb_sesion,30,"{""hora_inicio_utc"": 7.0, ""k_atr"": 1.5, ""minutos_rango"": 60}",obj5pct,reducido50,todos,short,14114,-0.09978,-3628.66,-0.2781,busqueda_24m
1790810558,1,orb_sesion,30,"{""hora_inicio_utc"": 7.0, ""k_atr"": 1.5, ""minutos_rango"": 60}",obj10pct,reducido50,todos,ambos,27200,-0.12455,-9011.21,-0.34277,busqueda_24m
1790810558,1,orb_sesion,30,"{""hora_inicio_utc"": 7.0, ""k_atr"": 1.5, ""minutos_rango"": 60}",obj10pct,reducido50,todos,long,13086,-0.17267,-6095.95,-0.32216,busqueda_24m
1790810558,1,orb_sesion,30,"{""hora_inicio_utc"": 7.0, ""k_atr"": 1.5, ""minutos_rango"": 60}",obj10pct,reducido50,todos,short,14114,-0.07993,-2915.27,-0.13571,busqueda_24m
1790810558,1,orb_sesion,30,"{""hora_inicio_utc"": 7.0, ""k_atr"": 1.5, ""minutos_rango"": 60}",obj20pct,reducido50,todos,ambos,27200,-0.12245,-9043.16,-0.22854,busqueda_24m
1790810558,1,orb_sesion,30,"{""hora_inicio_utc"": 7.0, ""k_atr"": 1.5, ""minutos_rango"": 60}",obj20pct,reducido50,todos,long,13086,-0.17582,-6317.25,-0.22806,busqueda_24m
1790810558,1,orb_sesion,30,"{""hora_inicio_utc"": 7.0, ""k_atr"": 1.5, ""minutos_rango"": 60}",obj20pct,reducido50,todos,short,14114,-0.07297,-2725.91,-0.08221,busqueda_24m
1790810558,1,orb_sesion,30,"{""hora_inicio_utc"": 7.0, ""k_atr"": 1.5, ""minutos_rango"": 60}",obj30pct,reducido50,todos,ambos,27200,-0.11983,-8775.49,-0.17606,busqueda_24m
1790810558,1,orb_sesion,30,"{""hora_inicio_utc"": 7.0, ""k_atr"": 1.5, ""minutos_rango"": 60}",obj30pct,reducido50,todos,long,13086,-0.17268,-6121.15,-0.17841,busqueda_24m
1790810558,1,orb_sesion,30,"{""hora_inicio_utc"": 7.0, ""k_atr"": 1.5, ""minutos_rango"": 60}",obj30pct,reducido50,todos,short,14114,-0.07083,-2654.35,-0.06384,busqueda_24m
1790810558,1,orb_sesion,30,"{""hora_inicio_utc"": 7.0, ""k_atr"": 1.5, ""minutos_rango"": 60}",obj50pct,reducido50,todos,ambos,27200,-0.12781,-10297.34,-0.16371,busqueda_24m
1790810558,1,orb_sesion,30,"{""hora_inicio_utc"": 7.0, ""k_atr"": 1.5, ""minutos_rango"": 60}",obj50pct,reducido50,todos,long,13086,-0.18651,-7199.44,-0.17726,busqueda_24m
1790810558,1,orb_sesion,30,"{""hora_inicio_utc"": 7.0, ""k_atr"": 1.5, ""minutos_rango"": 60}",obj50pct,reducido50,todos,short,14114,-0.0734,-3097.9,-0.05889,busqueda_24m
1790810558,1,orb_sesion,30,"{""hora_inicio_utc"": 7.0, ""k_atr"": 1.5, ""minutos_rango"": 60}",obj1R,reducido50,todos,ambos,27200,-0.15197,-10704.06,-0.26751,busqueda_24m
1790810558,1,orb_sesion,30,"{""hora_inicio_utc"": 7.0, ""k_atr"": 1.5, ""minutos_rango"": 60}",obj1R,reducido50,todos,long,14114,-0.19548,-7105.88,-0.20848,busqueda_24m
1790810558,1,orb_sesion,30,"{""hora_inicio_utc"": 7.0, ""k_atr"": 1.5, ""minutos_rango"": 60}",obj1R,reducido50,todos,short,13086,-0.10504,-3598.18,-0.12123,busqueda_24m
1790810558,1,orb_sesion,30,"{""hora_inicio_utc"": 7.0, ""k_atr"": 1.5, ""minutos_rango"": 60}",obj2R,reducido50,todos,ambos,27200,-0.16879,-12484.23,-0.24243,busqueda_24m
1790810558,1,orb_sesion,30,"{""hora_inicio_utc"": 7.0, ""k_atr"": 1.5, ""minutos_rango"": 60}",obj2R,reducido50,todos,long,14114,-0.2371,-8604.04,-0.18234,busqueda_24m
1790810558,1,orb_sesion,30,"{""hora_inicio_utc"": 7.0, ""k_atr"": 1.5, ""minutos_rango"": 60}",obj2R,reducido50,todos,short,13086,-0.09512,-3880.18,-0.09019,busqueda_24m
1790810558,1,orb_sesion,30,"{""hora_inicio_utc"": 7.0, ""k_atr"": 1.5, ""minutos_rango"": 60}",obj3R,reducido50,todos,ambos,27200,-0.16653,-12065.85,-0.20775,busqueda_24m
1790810558,1,orb_sesion,30,"{""hora_inicio_utc"": 7.0, ""k_atr"": 1.5, ""minutos_rango"": 60}",obj3R,reducido50,todos,long,14114,-0.24539,-8802.01,-0.17502,busqueda_24m
1790810558,1,orb_sesion,30,"{""hora_inicio_utc"": 7.0, ""k_atr"": 1.5, ""minutos_rango"": 60}",obj3R,reducido50,todos,short,13086,-0.08148,-3263.84,-0.06636,busqueda_24m
1790810558,1,orb_sesion,30,"{""hora_inicio_utc"": 7.0, ""k_atr"": 1.5, ""minutos_rango"": 60}",trail2R,reducido50,todos,ambos,27200,-0.16861,-12701.33,-0.21477,busqueda_24m
1790810558,1,orb_sesion,30,"{""hora_inicio_utc"": 7.0, ""k_atr"": 1.5, ""minutos_rango"": 60}",trail2R,reducido50,todos,long,14114,-0.23336,-8271.58,-0.16047,busqueda_24m
1790810558,1,orb_sesion,30,"{""hora_inicio_utc"": 7.0, ""k_atr"": 1.5, ""minutos_rango"": 60}",trail2R,reducido50,todos,short,13086,-0.09878,-4429.74,-0.10004,busqueda_24m
1790810558,1,orb_sesion,30,"{""hora_inicio_utc"": 7.0, ""k_atr"": 1.5, ""minutos_rango"": 60}",trail3R,reducido50,todos,ambos,27200,-0.17275,-12668.21,-0.20708,busqueda_24m
1790810558,1,orb_sesion,30,"{""hora_inicio_utc"": 7.0, ""k_atr"": 1.5, ""minutos_rango"": 60}",trail3R,reducido50,todos,long,14114,-0.2389,-8336.15,-0.15154,busqueda_24m
1790810558,1,orb_sesion,30,"{""hora_inicio_utc"": 7.0, ""k_atr"": 1.5, ""minutos_rango"": 60}",trail3R,reducido50,todos,short,13086,-0.1014,-4332.06,-0.09107,busqueda_24m
1790810558,1,orb_sesion,30,"{""hora_inicio_utc"": 7.0, ""k_atr"": 1.5, ""minutos_rango"": 60}",obj3R_be,reducido50,todos,ambos,27200,-0.16047,-11897.95,-0.21347,busqueda_24m
1790810558,1,orb_sesion,30,"{""hora_inicio_utc"": 7.0, ""k_atr"": 1.5, ""minutos_rango"": 60}",obj3R_be,reducido50,todos,long,14114,-0.2361,-8637.96,-0.18066,busqueda_24m
1790810558,1,orb_sesion,30,"{""hora_inicio_utc"": 7.0, ""k_atr"": 1.5, ""minutos_rango"": 60}",obj3R_be,reducido50,todos,short,13086,-0.0789,-3260.0,-0.07047,busqueda_24m
1790810558,1,orb_sesion,30,"{""hora_inicio_utc"": 7.0, ""k_atr"": 1.5, ""minutos_rango"": 60}",obj5pct,reducido50,todos,ambos,27200,-0.13017,-8970.74,-0.49851,busqueda_24m
1790810558,1,orb_sesion,30,"{""hora_inicio_utc"": 7.0, ""k_atr"": 1.5, ""minutos_rango"": 60}",obj5pct,reducido50,todos,long,14114,-0.14749,-5290.66,-0.33611,busqueda_24m
1790810558,1,orb_sesion,30,"{""hora_inicio_utc"": 7.0, ""k_atr"": 1.5, ""minutos_rango"": 60}",obj5pct,reducido50,todos,short,13086,-0.11149,-3680.08,-0.3059,busqueda_24m
1790810558,1,orb_sesion,30,"{""hora_inicio_utc"": 7.0, ""k_atr"": 1.5, ""minutos_rango"": 60}",obj10pct,reducido50,todos,ambos,27200,-0.14256,-10114.77,-0.36907,busqueda_24m
1790810558,1,orb_sesion,30,"{""hora_inicio_utc"": 7.0, ""k_atr"": 1.5, ""minutos_rango"": 60}",obj10pct,reducido50,todos,long,14114,-0.17885,-6663.17,-0.27642,busqueda_24m
1790810558,1,orb_sesion,30,"{""hora_inicio_utc"": 7.0, ""k_atr"": 1.5, ""minutos_rango"": 60}",obj10pct,reducido50,todos,short,13086,-0.10342,-3451.6,-0.17912,busqueda_24m
1790810558,1,orb_sesion,30,"{""hora_inicio_utc"": 7.0, ""k_atr"": 1.5, ""minutos_rango"": 60}",obj20pct,reducido50,todos,ambos,27200,-0.15984,-11626.94,-0.30967,busqueda_24m
1790810558,1,orb_sesion,30,"{""hora_inicio_utc"": 7.0, ""k_atr"": 1.5, ""minutos_rango"": 60}",obj20pct,reducido50,todos,long,14114,-0.21767,-8180.65,-0.2446,busqueda_24m
1790810558,1,orb_sesion,30,"{""hora_inicio_utc"": 7.0, ""k_atr"": 1.5, ""minutos_rango"": 60}",obj20pct,reducido50,todos,short,13086,-0.09747,-3446.29,-0.1146,busqueda_24m
1790810558,1,orb_sesion,30,"{""hora_inicio_utc"": 7.0, ""k_atr"": 1.5, ""minutos_rango"": 60}",obj30pct,reducido50,todos,ambos,27200,-0.16307,-11964.6,-0.2695,busqueda_24m
1790810558,1,orb_sesion,30,"{""hora_inicio_utc"": 7.0, ""k_atr"": 1.5, ""minutos_rango"": 60}",obj30pct,reducido50,todos,long,14114,-0.2279,-8680.1,-0.22312,busqueda_24m
1790810558,1,orb_sesion,30,"{""hora_inicio_utc"": 7.0, ""k_atr"": 1.5, ""minutos_rango"": 60}",obj30pct,reducido50,todos,short,13086,-0.09316,-3284.5,-0.08662,busqueda_24m
1790810558,1,orb_sesion,30,"{""hora_inicio_utc"": 7.0, ""k_atr"": 1.5, ""minutos_rango"": 60}",obj50pct,reducido50,todos,ambos,27200,-0.17027,-12969.34,-0.24653,busqueda_24m
1790810558,1,orb_sesion,30,"{""hora_inicio_utc"": 7.0, ""k_atr"": 1.5, ""minutos_rango"": 60}",obj50pct,reducido50,todos,long,14114,-0.2455,-9620.64,-0.21727,busqueda_24m
1790810558,1,orb_sesion,30,"{""hora_inicio_utc"": 7.0, ""k_atr"": 1.5, ""minutos_rango"": 60}",obj50pct,reducido50,todos,short,13086,-0.08913,-3348.71,-0.07045,busqueda_24m
1790810558,1,orb_sesion,30,"{""hora_inicio_utc"": 13.5, ""k_atr"": 1.0, ""minutos_rango"": 60}",obj1R,reducido50,todos,ambos,26418,-0.18149,-9647.76,-0.30893,busqueda_24m
1790810558,1,orb_sesion,30,"{""hora_inicio_utc"": 13.5, ""k_atr"": 1.0, ""minutos_rango"": 60}",obj1R,reducido50,todos,long,13114,-0.20779,-5242.13,-0.24622,busqueda_24m
1790810558,1,orb_sesion,30,"{""hora_inicio_utc"": 13.5, ""k_atr"": 1.0, ""minutos_rango"": 60}",obj1R,reducido50,todos,short,13304,-0.15556,-4405.63,-0.18414,busqueda_24m
1790810558,1,orb_sesion,30,"{""hora_inicio_utc"": 13.5, ""k_atr"": 1.0, ""minutos_rango"": 60}",obj2R,reducido50,todos,ambos,26418,-0.19588,-10157.04,-0.21918,busqueda_24m
1790810558,1,orb_sesion,30,"{""hora_inicio_utc"": 13.5, ""k_atr"": 1.0, ""minutos_rango"": 60}",obj2R,reducido50,todos,long,13114,-0.22653,-5332.67,-0.16396,busqueda_24m
1790810558,1,orb_sesion,30,"{""hora_inicio_utc"": 13.5, ""k_atr"": 1.0, ""minutos_rango"": 60}",obj2R,reducido50,todos,short,13304,-0.16566,-4824.37,-0.13678,busqueda_24m
1790810558,1,orb_sesion,30,"{""hora_inicio_utc"": 13.5, ""k_atr"": 1.0, ""minutos_rango"": 60}",obj3R,reducido50,todos,ambos,26418,-0.19751,-10357.1,-0.18999,busqueda_24m
1790810558,1,orb_sesion,30,"{""hora_inicio_utc"": 13.5, ""k_atr"": 1.0, ""minutos_rango"": 60}",obj3R,reducido50,todos,long,13114,-0.23303,-5384.15,-0.14061,busqueda_24m
1790810558,1,orb_sesion,30,"{""hora_inicio_utc"": 13.5, ""k_atr"": 1.0, ""minutos_rango"": 60}",obj3R,reducido50,todos,short,13304,-0.1625,-4972.95,-0.1209,busqueda_24m
1790810558,1,orb_sesion,30,"{""hora_inicio_utc"": 13.5, ""k_atr"": 1.0, ""minutos_rango"": 60}",trail2R,reducido50,todos,ambos,26418,-0.21931,-11968.67,-0.23687,busqueda_24m
1790810558,1,orb_sesion,30,"{""hora_inicio_utc"": 13.5, ""k_atr"": 1.0, ""minutos_rango"": 60}",trail2R,reducido50,todos,long,13114,-0.21394,-4948.07,-0.13631,busqueda_24m
1790810558,1,orb_sesion,30,"{""hora_inicio_utc"": 13.5, ""k_atr"": 1.0, ""minutos_rango"": 60}",trail2R,reducido50,todos,short,13304,-0.22461,-7020.6,-0.18206,busqueda_24m
1790810558,1,orb_sesion,30,"{""hora_inicio_utc"": 13.5, ""k_atr"": 1.0, ""minutos_rango"": 60}",trail3R,reducido50,todos,ambos,26418,-0.23161,-13345.64,-0.22908,busqueda_24m
1790810558,1,orb_sesion,30,"{""hora_inicio_utc"": 13.5, ""k_atr"": 1.0, ""minutos_rango"": 60}",trail3R,reducido50,todos,long,13114,-0.2366,-5774.26,-0.14278,busqueda_24m
1790810558,1,orb_sesion,30,"{""hora_inicio_utc"": 13.5, ""k_atr"": 1.0, ""minutos_rango"": 60}",trail3R,reducido50,todos,short,13304,-0.2267,-7571.38,-0.15765,busqueda_24m
1790810558,1,orb_sesion,30,"{""hora_inicio_utc"": 13.5, ""k_atr"": 1.0, ""minutos_rango"": 60}",obj3R_be,reducido50,todos,ambos,26418,-0.20047,-10803.41,-0.21411,busqueda_24m
1790810558,1,orb_sesion,30,"{""hora_inicio_utc"": 13.5, ""k_atr"": 1.0, ""minutos_rango"": 60}",obj3R_be,reducido50,todos,long,13114,-0.22548,-5357.39,-0.15131,busqueda_24m
1790810558,1,orb_sesion,30,"{""hora_inicio_utc"": 13.5, ""k_atr"": 1.0, ""minutos_rango"": 60}",obj3R_be,reducido50,todos,short,13304,-0.17581,-5446.01,-0.1455,busqueda_24m
1790810558,1,orb_sesion,30,"{""hora_inicio_utc"": 13.5, ""k_atr"": 1.0, ""minutos_rango"": 60}",obj5pct,reducido50,todos,ambos,26418,-0.17998,-9495.85,-0.54178,busqueda_24m
1790810558,1,orb_sesion,30,"{""hora_inicio_utc"": 13.5, ""k_atr"": 1.0, ""minutos_rango"": 60}",obj5pct,reducido50,todos,long,13114,-0.20709,-5392.83,-0.44882,busqueda_24m
1790810558,1,orb_sesion,30,"{""hora_inicio_utc"": 13.5, ""k_atr"": 1.0, ""minutos_rango"": 60}",obj5pct,reducido50,todos,short,13304,-0.15327,-4103.02,-0.30945,busqueda_24m
1790810558,1,orb_sesion,30,"{""hora_inicio_utc"": 13.5, ""k_atr"": 1.0, ""minutos_rango"": 60}",obj10pct,reducido50,todos,ambos,26418,-0.18507,-9541.13,-0.37184,busqueda_24m
1790810558,1,orb_sesion,30,"{""hora_inicio_utc"": 13.5, ""k_atr"": 1.0, ""minutos_rango"": 60}",obj10pct,reducido50,todos,long,13114,-0.21997,-5647.91,-0.31891,busqueda_24m
1790810558,1,orb_sesion,30,"{""hora_inicio_utc"": 13.5, ""k_atr"": 1.0, ""minutos_rango"": 60}",obj10pct,reducido50,todos,short,13304,-0.15067,-3893.23,-0.19905,busqueda_24m
1790810558,1,orb_sesion,30,"{""hora_inicio_utc"": 13.5, ""k_atr"": 1.0, ""minutos_rango"": 60}",obj20pct,reducido50,todos,ambos,26418,-0.19768,-10341.06,-0.26998,busqueda_24m
1790810558,1,orb_sesion,30,"{""hora_inicio_utc"": 13.5, ""k_atr"": 1.0, ""minutos_rango"": 60}",obj20pct,reducido50,todos,long,13114,-0.23473,-5923.37,-0.23342,busqueda_24m
1790810558,1,orb_sesion,30,"{""hora_inicio_utc"": 13.5, ""k_atr"": 1.0, ""minutos_rango"": 60}",obj20pct,reducido50,todos,short,13304,-0.16115,-4417.68,-0.1453,busqueda_24m
1790810558,1,orb_sesion,30,"{""hora_inicio_utc"": 13.5, ""k_atr"": 1.0, ""minutos_rango"": 60}",obj30pct,reducido50,todos,ambos,26418,-0.19111,-10035.99,-0.21182,busqueda_24m
1790810558,1,orb_sesion,30,"{""hora_inicio_utc"": 13.5, ""k_atr"": 1.0, ""minutos_rango"": 60}",obj30pct,reducido50,todos,long,13114,-0.23949,-6072.0,-0.19598,busqueda_24m
1790810558,1,orb_sesion,30,"{""hora_inicio_utc"": 13.5, ""k_atr"": 1.0, ""minutos_rango"": 60}",obj30pct,reducido50,todos,short,13304,-0.14343,-3963.99,-0.10511,busqueda_24m
1790810558,1,orb_sesion,30,"{""hora_inicio_utc"": 13.5, ""k_atr"": 1.0, ""minutos_rango"": 60}",obj50pct,reducido50,todos,ambos,26418,-0.19374,-10476.06,-0.18982,busqueda_24m
1790810558,1,orb_sesion,30,"{""hora_inicio_utc"": 13.5, ""k_atr"": 1.0, ""minutos_rango"": 60}",obj50pct,reducido50,todos,long,13114,-0.22338,-5481.54,-0.14487,busqueda_24m
1790810558,1,orb_sesion,30,"{""hora_inicio_utc"": 13.5, ""k_atr"": 1.0, ""minutos_rango"": 60}",obj50pct,reducido50,todos,short,13304,-0.16452,-4994.52,-0.11366,busqueda_24m
1790810558,1,orb_sesion,30,"{""hora_inicio_utc"": 13.5, ""k_atr"": 1.0, ""minutos_rango"": 60}",obj1R,reducido50,todos,ambos,26418,-0.19847,-9849.26,-0.31686,busqueda_24m
1790810558,1,orb_sesion,30,"{""hora_inicio_utc"": 13.5, ""k_atr"": 1.0, ""minutos_rango"": 60}",obj1R,reducido50,todos,long,13304,-0.21307,-5476.36,-0.2196,busqueda_24m
1790810558,1,orb_sesion,30,"{""hora_inicio_utc"": 13.5, ""k_atr"": 1.0, ""minutos_rango"": 60}",obj1R,reducido50,todos,short,13114,-0.18365,-4372.9,-0.1931,busqueda_24m
1790810558,1,orb_sesion,30,"{""hora_inicio_utc"": 13.5, ""k_atr"": 1.0, ""minutos_rango"": 60}",obj2R,reducido50,todos,ambos,26418,-0.19091,-9503.64,-0.22542,busqueda_24m
1790810558,1,orb_sesion,30,"{""hora_inicio_utc"": 13.5, ""k_atr"": 1.0, ""minutos_rango"": 60}",obj2R,reducido50,todos,long,13304,-0.21493,-5681.69,-0.15943,busqueda_24m
1790810558,1,orb_sesion,30,"{""hora_inicio_utc"": 13.5, ""k_atr"": 1.0, ""minutos_rango"": 60}",obj2R,reducido50,todos,short,13114,-0.16654,-3821.95,-0.12045,busqueda_24m
1790810558,1,orb_sesion,30,"{""hora_inicio_utc"": 13.5, ""k_atr"": 1.0, ""minutos_rango"": 60}",obj3R,reducido50,todos,ambos,26418,-0.16846,-8332.26,-0.17231,busqueda_24m
1790810558,1,orb_sesion,30,"{""hora_inicio_utc"": 13.5, ""k_atr"": 1.0, ""minutos_rango"": 60}",obj3R,reducido50,todos,long,13304,-0.20219,-5402.46,-0.1283,busqueda_24m
1790810558,1,orb_sesion,30,"{""hora_inicio_utc"": 13.5, ""k_atr"": 1.0, ""minutos_rango"": 60}",obj3R,reducido50,todos,short,13114,-0.13423,-2929.79,-0.07643,busqueda_24m
1790810558,1,orb_sesion,30,"{""hora_inicio_utc"": 13.5, ""k_atr"": 1.0, ""minutos_rango"": 60}",trail2R,reducido50,todos,ambos,26418,-0.16627,-8085.23,-0.16741,busqueda_24m
1790810558,1,orb_sesion,30,"{""hora_inicio_utc"": 13.5, ""k_atr"": 1.0, ""minutos_rango"": 60}",trail2R,reducido50,todos,long,13304,-0.18882,-4581.5,-0.11134,busqueda_24m
1790810558,1,orb_sesion,30,"{""hora_inicio_utc"": 13.5, ""k_atr"": 1.0, ""minutos_rango"": 60}",trail2R,reducido50,todos,short,13114,-0.1434,-3503.74,-0.08699,busqueda_24m
1790810558,1,orb_sesion,30,"{""hora_inicio_utc"": 13.5, ""k_atr"": 1.0, ""minutos_rango"": 60}",trail3R,reducido50,todos,ambos,26418,-0.16115,-8361.68,-0.14909,busqueda_24m
1790810558,1,orb_sesion,30,"{""hora_inicio_utc"": 13.5, ""k_atr"": 1.0, ""minutos_rango"": 60}",trail3R,reducido50,todos,long,13304,-0.18905,-5090.66,-0.10446,busqueda_24m
1790810558,1,orb_sesion,30,"{""hora_inicio_utc"": 13.5, ""k_atr"": 1.0, ""minutos_rango"": 60}",trail3R,reducido50,todos,short,13114,-0.13285,-3271.02,-0.06982,busqueda_24m
1790810558,1,orb_sesion,30,"{""hora_inicio_utc"": 13.5, ""k_atr"": 1.0, ""minutos_rango"": 60}",obj3R_be,reducido50,todos,ambos,26418,-0.17839,-8941.2,-0.20075,busqueda_24m
1790810558,1,orb_sesion,30,"{""hora_inicio_utc"": 13.5, ""k_atr"": 1.0, ""minutos_rango"": 60}",obj3R_be,reducido50,todos,long,13304,-0.19799,-5079.01,-0.13066,busqueda_24m
1790810558,1,orb_sesion,30,"{""hora_inicio_utc"": 13.5, ""k_atr"": 1.0, ""minutos_rango"": 60}",obj3R_be,reducido50,todos,short,13114,-0.15851,-3862.19,-0.11337,busqueda_24m
1790810558,1,orb_sesion,30,"{""hora_inicio_utc"": 13.5, ""k_atr"": 1.0, ""minutos_rango"": 60}",obj5pct,reducido50,todos,ambos,26418,-0.19148,-9335.93,-0.53265,busqueda_24m
1790810558,1,orb_sesion,30,"{""hora_inicio_utc"": 13.5, ""k_atr"": 1.0, ""minutos_rango"": 60}",obj5pct,reducido50,todos,long,13304,-0.20311,-5297.02,-0.36297,busqueda_24m
1790810558,1,orb_sesion,30,"{""hora_inicio_utc"": 13.5, ""k_atr"": 1.0, ""minutos_rango"": 60}",obj5pct,reducido50,todos,short,13114,-0.17969,-4038.91,-0.32848,busqueda_24m
1790810558,1,orb_sesion,30,"{""hora_inicio_utc"": 13.5, ""k_atr"": 1.0, ""minutos_rango"": 60}",obj10pct,reducido50,todos,ambos,26418,-0.1947,-9780.01,-0.38837,busqueda_24m
1790810558,1,orb_sesion,30,"{""hora_inicio_utc"": 13.5, ""k_atr"": 1.0, ""minutos_rango"": 60}",obj10pct,reducido50,todos,long,13304,-0.21011,-5547.49,-0.26716,busqueda_24m
1790810558,1,orb_sesion,30,"{""hora_inicio_utc"": 13.5, ""k_atr"": 1.0, ""minutos_rango"": 60}",obj10pct,reducido50,todos,short,13114,-0.17906,-4232.52,-0.23172,busqueda_24m
1790810558,1,orb_sesion,30,"{""hora_inicio_utc"": 13.5, ""k_atr"": 1.0, ""minutos_rango"": 60}",obj20pct,reducido50,todos,ambos,26418,-0.19117,-9662.97,-0.2745,busqueda_24m
1790810558,1,orb_sesion,30,"{""hora_inicio_utc"": 13.5, ""k_atr"": 1.0, ""minutos_rango"": 60}",obj20pct,reducido50,todos,long,13304,-0.21725,-5726.48,-0.19413,busqueda_24m
1790810558,1,orb_sesion,30,"{""hora_inicio_utc"": 13.5, ""k_atr"": 1.0, ""minutos_rango"": 60}",obj20pct,reducido50,todos,short,13114,-0.16472,-3936.49,-0.14512,busqueda_24m
1790810558,1,orb_sesion,30,"{""hora_inicio_utc"": 13.5, ""k_atr"": 1.0, ""minutos_rango"": 60}",obj30pct,reducido50,todos,ambos,26418,-0.16781,-8596.36,-0.21227,busqueda_24m
1790810558,1,orb_sesion,30,"{""hora_inicio_utc"": 13.5, ""k_atr"": 1.0, ""minutos_rango"": 60}",obj30pct,reducido50,todos,long,13304,-0.19893,-5361.92,-0.15306,busqueda_24m
1790810558,1,orb_sesion,30,"{""hora_inicio_utc"": 13.5, ""k_atr"": 1.0, ""minutos_rango"": 60}",obj30pct,reducido50,todos,short,13114,-0.13624,-3234.44,-0.10032,busqueda_24m
1790810558,1,orb_sesion,30,"{""hora_inicio_utc"": 13.5, ""k_atr"": 1.0, ""minutos_rango"": 60}",obj50pct,reducido50,todos,ambos,26418,-0.15123,-7395.73,-0.1548,busqueda_24m
1790810558,1,orb_sesion,30,"{""hora_inicio_utc"": 13.5, ""k_atr"": 1.0, ""minutos_rango"": 60}",obj50pct,reducido50,todos,long,13304,-0.18065,-4714.25,-0.1111,busqueda_24m
1790810558,1,orb_sesion,30,"{""hora_inicio_utc"": 13.5, ""k_atr"": 1.0, ""minutos_rango"": 60}",obj50pct,reducido50,todos,short,13114,-0.12139,-2681.48,-0.06754,busqueda_24m
1790810558,1,orb_sesion,30,"{""hora_inicio_utc"": 13.5, ""k_atr"": 1.5, ""minutos_rango"": 60}",obj1R,reducido50,todos,ambos,26418,-0.12189,-9651.16,-0.20248,busqueda_24m
1790810558,1,orb_sesion,30,"{""hora_inicio_utc"": 13.5, ""k_atr"": 1.5, ""minutos_rango"": 60}",obj1R,reducido50,todos,long,13114,-0.15039,-5739.38,-0.17101,busqueda_24m
1790810558,1,orb_sesion,30,"{""hora_inicio_utc"": 13.5, ""k_atr"": 1.5, ""minutos_rango"": 60}",obj1R,reducido50,todos,short,13304,-0.0938,-3911.78,-0.10203,busqueda_24m
1790810558,1,orb_sesion,30,"{""hora_inicio_utc"": 13.5, ""k_atr"": 1.5, ""minutos_rango"": 60}",obj2R,reducido50,todos,ambos,26418,-0.13356,-10634.37,-0.16218,busqueda_24m
1790810558,1,orb_sesion,30,"{""hora_inicio_utc"": 13.5, ""k_atr"": 1.5, ""minutos_rango"": 60}",obj2R,reducido50,todos,long,13114,-0.16599,-6283.86,-0.13665,busqueda_24m
1790810558,1,orb_sesion,30,"{""hora_inicio_utc"": 13.5, ""k_atr"": 1.5, ""minutos_rango"": 60}",obj2R,reducido50,todos,short,13304,-0.10159,-4350.51,-0.08353,busqueda_24m
1790810558,1,orb_sesion,30,"{""hora_inicio_utc"": 13.5, ""k_atr"": 1.5, ""minutos_rango"": 60}",obj3R,reducido50,todos,ambos,26418,-0.14477,-12483.04,-0.17775,busqueda_24m
1790810558,1,orb_sesion,30,"{""hora_inicio_utc"": 13.5, ""k_atr"": 1.5, ""minutos_rango"": 60}",obj3R,reducido50,todos,long,13114,-0.15867,-6077.19,-0.12203,busqueda_24m
1790810558,1,orb_sesion,30,"{""hora_inicio_utc"": 13.5, ""k_atr"": 1.5, ""minutos_rango"": 60}",obj3R,reducido50,todos,short,13304,-0.13107,-6405.86,-0.11419,busqueda_24m
1790810558,1,orb_sesion,30,"{""hora_inicio_utc"": 13.5, ""k_atr"": 1.5, ""minutos_rango"": 60}",trail2R,reducido50,todos,ambos,26418,-0.15849,-14199.62,-0.20406,busqueda_24m
1790810558,1,orb_sesion,30,"{""hora_inicio_utc"": 13.5, ""k_atr"": 1.5, ""minutos_rango"": 60}",trail2R,reducido50,todos,long,13114,-0.17033,-6780.03,-0.14229,busqueda_24m
1790810558,1,orb_sesion,30,"{""hora_inicio_utc"": 13.5, ""k_atr"": 1.5, ""minutos_rango"": 60}",trail2R,reducido50,todos,short,13304,-0.14681,-7419.59,-0.12705,busqueda_24m
1790810558,1,orb_sesion,30,"{""hora_inicio_utc"": 13.5, ""k_atr"": 1.5, ""minutos_rango"": 60}",trail3R,reducido50,todos,ambos,26418,-0.13629,-12670.21,-0.13969,busqueda_24m
1790810558,1,orb_sesion,30,"{""hora_inicio_utc"": 13.5, ""k_atr"": 1.5, ""minutos_rango"": 60}",trail3R,reducido50,todos,long,13114,-0.15807,-6585.7,-0.11482,busqueda_24m
1790810558,1,orb_sesion,30,"{""hora_inicio_utc"": 13.5, ""k_atr"": 1.5, ""minutos_rango"": 60}",trail3R,reducido50,todos,short,13304,-0.11482,-6084.51,-0.07733,busqueda_24m
1790810558,1,orb_sesion,30,"{""hora_inicio_utc"": 13.5, ""k_atr"": 1.5, ""minutos_rango"": 60}",obj3R_be,reducido50,todos,ambos,26418,-0.14557,-12596.59,-0.19249,busqueda_24m
1790810558,1,orb_sesion,30,"{""hora_inicio_utc"": 13.5, ""k_atr"": 1.5, ""minutos_rango"": 60}",obj3R_be,reducido50,todos,long,13114,-0.15951,-6158.13,-0.13205,busqueda_24m
1790810558,1,orb_sesion,30,"{""hora_inicio_utc"": 13.5, ""k_atr"": 1.5, ""minutos_rango"": 60}",obj3R_be,reducido50,todos,short,13304,-0.13183,-6438.46,-0.12569,busqueda_24m
1790810558,1,orb_sesion,30,"{""hora_inicio_utc"": 13.5, ""k_atr"": 1.5, ""minutos_rango"": 60}",obj5pct,reducido50,todos,ambos,26418,-0.12231,-9707.43,-0.45889,busqueda_24m
1790810558,1,orb_sesion,30,"{""hora_inicio_utc"": 13.5, ""k_atr"": 1.5, ""minutos_rango"": 60}",obj5pct,reducido50,todos,long,13114,-0.139,-5427.02,-0.37573,busqueda_24m
1790810558,1,orb_sesion,30,"{""hora_inicio_utc"": 13.5, ""k_atr"": 1.5, ""minutos_rango"": 60}",obj5pct,reducido50,todos,short,13304,-0.10585,-4280.41,-0.25358,busqueda_24m
1790810558,1,orb_sesion,30,"{""hora_inicio_utc"": 13.5, ""k_atr"": 1.5, ""minutos_rango"": 60}",obj10pct,reducido50,todos,ambos,26418,-0.12222,-9488.95,-0.30084,busqueda_24m
1790810558,1,orb_sesion,30,"{""hora_inicio_utc"": 13.5, ""k_atr"": 1.5, ""minutos_rango"": 60}",obj10pct,reducido50,todos,long,13114,-0.14429,-5642.29,-0.25312,busqueda_24m
1790810558,1,orb_sesion,30,"{""hora_inicio_utc"": 13.5, ""k_atr"": 1.5, ""minutos_rango"": 60}",obj10pct,reducido50,todos,short,13304,-0.10046,-3846.66,-0.15313,busqueda_24m
1790810558,1,orb_sesion,30,"{""hora_inicio_utc"": 13.5, ""k_atr"": 1.5, ""minutos_rango"": 60}",obj20pct,reducido50,todos,ambos,26418,-0.13053,-10418.19,-0.21965,busqueda_24m
1790810558,1,orb_sesion,30,"{""hora_inicio_utc"": 13.5, ""k_atr"": 1.5, ""minutos_rango"": 60}",obj20pct,reducido50,todos,long,13114,-0.15959,-6243.6,-0.19298,busqueda_24m
1790810558,1,orb_sesion,30,"{""hora_inicio_utc"": 13.5, ""k_atr"": 1.5, ""minutos_rango"": 60}",obj20pct,reducido50,todos,short,13304,-0.10189,-4174.58,-0.10795,busqueda_24m
1790810558,1,orb_sesion,30,"{""hora_inicio_utc"": 13.5, ""k_atr"": 1.5, ""minutos_rango"": 60}",obj30pct,reducido50,todos,ambos,26418,-0.12864,-10250.16,-0.17595,busqueda_24m
1790810558,1,orb_sesion,30,"{""hora_inicio_utc"": 13.5, ""k_atr"": 1.5, ""minutos_rango"": 60}",obj30pct,reducido50,todos,long,13114,-0.16943,-6667.16,-0.17122,busqueda_24m
1790810558,1,orb_sesion,30,"{""hora_inicio_utc"": 13.5, ""k_atr"": 1.5, ""minutos_rango"": 60}",obj30pct,reducido50,todos,short,13304,-0.08844,-3583.0,-0.07523,busqueda_24m
1790810558,1,orb_sesion,30,"{""hora_inicio_utc"": 13.5, ""k_atr"": 1.5, ""minutos_rango"": 60}",obj50pct,reducido50,todos,ambos,26418,-0.13181,-10667.8,-0.15689,busqueda_24m
1790810558,1,orb_sesion,30,"{""hora_inicio_utc"": 13.5, ""k_atr"": 1.5, ""minutos_rango"": 60}",obj50pct,reducido50,todos,long,13114,-0.16176,-6180.01,-0.13307,busqueda_24m
1790810558,1,orb_sesion,30,"{""hora_inicio_utc"": 13.5, ""k_atr"": 1.5, ""minutos_rango"": 60}",obj50pct,reducido50,todos,short,13304,-0.1023,-4487.78,-0.08012,busqueda_24m
1790810558,1,orb_sesion,30,"{""hora_inicio_utc"": 13.5, ""k_atr"": 1.5, ""minutos_rango"": 60}",obj1R,reducido50,todos,ambos,26418,-0.13399,-10203.74,-0.21491,busqueda_24m
1790810558,1,orb_sesion,30,"{""hora_inicio_utc"": 13.5, ""k_atr"": 1.5, ""minutos_rango"": 60}",obj1R,reducido50,todos,long,13304,-0.15299,-6033.38,-0.15245,busqueda_24m
1790810558,1,orb_sesion,30,"{""hora_inicio_utc"": 13.5, ""k_atr"": 1.5, ""minutos_rango"": 60}",obj1R,reducido50,todos,short,13114,-0.11471,-4170.36,-0.12151,busqueda_24m
1790810558,1,orb_sesion,30,"{""hora_inicio_utc"": 13.5, ""k_atr"": 1.5, ""minutos_rango"": 60}",obj2R,reducido50,todos,ambos,26418,-0.10774,-8297.77,-0.13797,busqueda_24m
1790810558,1,orb_sesion,30,"{""hora_inicio_utc"": 13.5, ""k_atr"": 1.5, ""minutos_rango"": 60}",obj2R,reducido50,todos,long,13304,-0.13981,-5728.76,-0.10755,busqueda_24m
1790810558,1,orb_sesion,30,"{""hora_inicio_utc"": 13.5, ""k_atr"": 1.5, ""minutos_rango"": 60}",obj2R,reducido50,todos,short,13114,-0.07521,-2569.02,-0.05318,busqueda_24m
1790810558,1,orb_sesion,30,"{""hora_inicio_utc"": 13.5, ""k_atr"": 1.5, ""minutos_rango"": 60}",obj3R,reducido50,todos,ambos,26418,-0.10786,-8628.49,-0.14099,busqueda_24m
1790810558,1,orb_sesion,30,"{""hora_inicio_utc"": 13.5, ""k_atr"": 1.5, ""minutos_rango"": 60}",obj3R,reducido50,todos,long,13304,-0.13028,-5192.45,-0.0883,busqueda_24m
1790810558,1,orb_sesion,30,"{""hora_inicio_utc"": 13.5, ""k_atr"": 1.5, ""minutos_rango"": 60}",obj3R,reducido50,todos,short,13114,-0.08511,-3436.05,-0.06688,busqueda_24m
1790810558,1,orb_sesion,30,"{""hora_inicio_utc"": 13.5, ""k_atr"": 1.5, ""minutos_rango"": 60}",trail2R,reducido50,todos,ambos,26418,-0.1004,-8219.58,-0.12284,busqueda_24m
1790810558,1,orb_sesion,30,"{""hora_inicio_utc"": 13.5, ""k_atr"": 1.5, ""minutos_rango"": 60}",trail2R,reducido50,todos,long,13304,-0.12376,-5085.88,-0.08392,busqueda_24m
1790810558,1,orb_sesion,30,"{""hora_inicio_utc"": 13.5, ""k_atr"": 1.5, ""minutos_rango"": 60}",trail2R,reducido50,todos,short,13114,-0.0767,-3133.7,-0.05606,busqueda_24m
1790810558,1,orb_sesion,30,"{""hora_inicio_utc"": 13.5, ""k_atr"": 1.5, ""minutos_rango"": 60}",trail3R,reducido50,todos,ambos,26418,-0.09761,-8336.35,-0.11707,busqueda_24m
1790810558,1,orb_sesion,30,"{""hora_inicio_utc"": 13.5, ""k_atr"": 1.5, ""minutos_rango"": 60}",trail3R,reducido50,todos,long,13304,-0.10442,-4502.35,-0.06715,busqueda_24m
1790810558,1,orb_sesion,30,"{""hora_inicio_utc"": 13.5, ""k_atr"": 1.5, ""minutos_rango"": 60}",trail3R,reducido50,todos,short,13114,-0.0907,-3834.0,-0.06615,busqueda_24m
1790810558,1,orb_sesion,30,"{""hora_inicio_utc"": 13.5, ""k_atr"": 1.5, ""minutos_rango"": 60}",obj3R_be,reducido50,todos,ambos,26418,-0.10833,-8785.88,-0.14854,busqueda_24m
1790810558,1,orb_sesion,30,"{""hora_inicio_utc"": 13.5, ""k_atr"": 1.5, ""minutos_rango"": 60}",obj3R_be,reducido50,todos,long,13304,-0.13161,-5357.21,-0.09664,busqueda_24m
1790810558,1,orb_sesion,30,"{""hora_inicio_utc"": 13.5, ""k_atr"": 1.5, ""minutos_rango"": 60}",obj3R_be,reducido50,todos,short,13114,-0.08472,-3428.67,-0.07068,busqueda_24m
1790810558,1,orb_sesion,30,"{""hora_inicio_utc"": 13.5, ""k_atr"": 1.5, ""minutos_rango"": 60}",obj5pct,reducido50,todos,ambos,26418,-0.12816,-9504.94,-0.43055,busqueda_24m
1790810558,1,orb_sesion,30,"{""hora_inicio_utc"": 13.5, ""k_atr"": 1.5, ""minutos_rango"": 60}",obj5pct,reducido50,todos,long,13304,-0.13416,-5301.66,-0.28753,busqueda_24m
1790810558,1,orb_sesion,30,"{""hora_inicio_utc"": 13.5, ""k_atr"": 1.5, ""minutos_rango"": 60}",obj5pct,reducido50,todos,short,13114,-0.12207,-4203.28,-0.28412,busqueda_24m
1790810558,1,orb_sesion,30,"{""hora_inicio_utc"": 13.5, ""k_atr"": 1.5, ""minutos_rango"": 60}",obj10pct,reducido50,todos,ambos,26418,-0.12826,-9590.49,-0.29573,busqueda_24m
1790810558,1,orb_sesion,30,"{""hora_inicio_utc"": 13.5, ""k_atr"": 1.5, ""minutos_rango"": 60}",obj10pct,reducido50,todos,long,13304,-0.13908,-5461.12,-0.20399,busqueda_24m
1790810558,1,orb_sesion,30,"{""hora_inicio_utc"": 13.5, ""k_atr"": 1.5, ""minutos_rango"": 60}",obj10pct,reducido50,todos,short,13114,-0.11729,-4129.37,-0.18073,busqueda_24m
1790810558,1,orb_sesion,30,"{""hora_inicio_utc"": 13.5, ""k_atr"": 1.5, ""minutos_rango"": 60}",obj20pct,reducido50,todos,ambos,26418,-0.12149,-9273.98,-0.20642,busqueda_24m
1790810558,1,orb_sesion,30,"{""hora_inicio_utc"": 13.5, ""k_atr"": 1.5, ""minutos_rango"": 60}",obj20pct,reducido50,todos,long,13304,-0.1415,-5586.38,-0.14665,busqueda_24m
1790810558,1,orb_sesion,30,"{""hora_inicio_utc"": 13.5, ""k_atr"": 1.5, ""minutos_rango"": 60}",obj20pct,reducido50,todos,short,13114,-0.10118,-3687.6,-0.10844,busqueda_24m
1790810558,1,orb_sesion,30,"{""hora_inicio_utc"": 13.5, ""k_atr"": 1.5, ""minutos_rango"": 60}",obj30pct,reducido50,todos,ambos,26418,-0.10044,-7981.55,-0.15682,busqueda_24m
1790810558,1,orb_sesion,30,"{""hora_inicio_utc"": 13.5, ""k_atr"": 1.5, ""minutos_rango"": 60}",obj30pct,reducido50,todos,long,13304,-0.12695,-5351.26,-0.11916,busqueda_24m
1790810558,1,orb_sesion,30,"{""hora_inicio_utc"": 13.5, ""k_atr"": 1.5, ""minutos_rango"": 60}",obj30pct,reducido50,todos,short,13114,-0.07355,-2630.29,-0.0644,busqueda_24m
1790810558,1,orb_sesion,30,"{""hora_inicio_utc"": 13.5, ""k_atr"": 1.5, ""minutos_rango"": 60}",obj50pct,reducido50,todos,ambos,26418,-0.09192,-7249.55,-0.12369,busqueda_24m
1790810558,1,orb_sesion,30,"{""hora_inicio_utc"": 13.5, ""k_atr"": 1.5, ""minutos_rango"": 60}",obj50pct,reducido50,todos,long,13304,-0.113,-4761.66,-0.08832,busqueda_24m
1790810558,1,orb_sesion,30,"{""hora_inicio_utc"": 13.5, ""k_atr"": 1.5, ""minutos_rango"": 60}",obj50pct,reducido50,todos,short,13114,-0.07053,-2487.89,-0.0499,busqueda_24m
